<?xml version="1.0" encoding="UTF-8"?><log><logentry revision="9278"><author>jiangdingfu</author><date>2018-05-09T02:59:50.029720Z</date><paths><path action="M" localPath="ServerGame/src/main/java/com/sporger/server/game/service/MazeMatchService.java" kind="unknown">/Code/TYServerV2/trunk/ServerGame/src/main/java/com/sporger/server/game/service/MazeMatchService.java</path><path action="M" localPath="ModuleRedis/src/main/java/com/sporger/server/redis/dao/RedisUserDao.java" kind="unknown">/Code/TYServerV2/trunk/ModuleRedis/src/main/java/com/sporger/server/redis/dao/RedisUserDao.java</path><path action="M" localPath="ServerGame/src/main/java/com/sporger/server/game/service/RainbowMatchService.java" kind="unknown">/Code/TYServerV2/trunk/ServerGame/src/main/java/com/sporger/server/game/service/RainbowMatchService.java</path><path action="M" localPath="ServerGame/src/main/java/com/sporger/server/game/service/handler/MazeHandler.java" kind="unknown">/Code/TYServerV2/trunk/ServerGame/src/main/java/com/sporger/server/game/service/handler/MazeHandler.java</path><path action="D" localPath="ModuleThrift/src/main/java/com/sporger/server/thrift/bean/PageUserInfoTB.java" kind="unknown">/Code/TYServerV2/trunk/ModuleThrift/src/main/java/com/sporger/server/thrift/bean/PageUserInfoTB.java</path><path action="M" localPath="ModuleDB/src/main/resources/mapper/gate/user.xml" kind="unknown">/Code/TYServerV2/trunk/ModuleDB/src/main/resources/mapper/gate/user.xml</path><path action="A" localPath="ModuleCommon/src/main/java/com/sporger/server/common/bean/PageUserBean.java" kind="unknown">/Code/TYServerV2/trunk/ModuleCommon/src/main/java/com/sporger/server/common/bean/PageUserBean.java</path><path action="M" localPath="ServerGame/src/main/java/com/sporger/server/game/service/FamService.java" kind="unknown">/Code/TYServerV2/trunk/ServerGame/src/main/java/com/sporger/server/game/service/FamService.java</path><path action="M" localPath="ModuleProto/src/main/java/com/sporger/server/proto/util/ProtoUtil.java" kind="unknown">/Code/TYServerV2/trunk/ModuleProto/src/main/java/com/sporger/server/proto/util/ProtoUtil.java</path><path action="M" localPath="ServerCenter/src/main/java/com/sporger/server/center/service/MarathonTraceService.java" kind="unknown">/Code/TYServerV2/trunk/ServerCenter/src/main/java/com/sporger/server/center/service/MarathonTraceService.java</path><path action="D" localPath="ModuleThrift/src/main/java/com/sporger/server/thrift/bean/PageUserTB.java" kind="unknown">/Code/TYServerV2/trunk/ModuleThrift/src/main/java/com/sporger/server/thrift/bean/PageUserTB.java</path><path action="M" localPath="ServerGame/src/main/java/com/sporger/server/game/model/RoomMarathonPlayer.java" kind="unknown">/Code/TYServerV2/trunk/ServerGame/src/main/java/com/sporger/server/game/model/RoomMarathonPlayer.java</path><path action="M" localPath="ServerGame/src/main/java/com/sporger/server/game/service/CareerService.java" kind="unknown">/Code/TYServerV2/trunk/ServerGame/src/main/java/com/sporger/server/game/service/CareerService.java</path><path action="D" localPath="ModuleThrift/src/main/java/com/sporger/server/thrift/bean/UserInfoTB.java" kind="unknown">/Code/TYServerV2/trunk/ModuleThrift/src/main/java/com/sporger/server/thrift/bean/UserInfoTB.java</path><path action="M" localPath="ServerGame/src/main/java/com/sporger/server/game/service/RoomSportService.java" kind="unknown">/Code/TYServerV2/trunk/ServerGame/src/main/java/com/sporger/server/game/service/RoomSportService.java</path><path action="M" localPath="ServerManage/src/main/java/com/sporger/server/manage/interceptor/AuthorizationInterceptor.java" kind="unknown">/Code/TYServerV2/trunk/ServerManage/src/main/java/com/sporger/server/manage/interceptor/AuthorizationInterceptor.java</path><path action="A" localPath="ModuleCommon/src/main/java/com/sporger/server/common/bean/UserBean.java" kind="unknown">/Code/TYServerV2/trunk/ModuleCommon/src/main/java/com/sporger/server/common/bean/UserBean.java</path><path action="M" localPath="ModuleDB/src/main/java/com/sporger/server/db/dao/gate/UserMapper.java" kind="unknown">/Code/TYServerV2/trunk/ModuleDB/src/main/java/com/sporger/server/db/dao/gate/UserMapper.java</path><path action="M" localPath="ModuleDB/src/main/java/com/sporger/server/db/service/UserDBService.java" kind="unknown">/Code/TYServerV2/trunk/ModuleDB/src/main/java/com/sporger/server/db/service/UserDBService.java</path><path action="M" localPath="ServerCenter/src/main/java/com/sporger/server/center/service/TimedTaskService.java" kind="unknown">/Code/TYServerV2/trunk/ServerCenter/src/main/java/com/sporger/server/center/service/TimedTaskService.java</path><path action="M" localPath="ServerGame/src/main/java/com/sporger/server/game/service/handler/MapHandler.java" kind="unknown">/Code/TYServerV2/trunk/ServerGame/src/main/java/com/sporger/server/game/service/handler/MapHandler.java</path><path action="M" localPath="ServerGame/src/main/java/com/sporger/server/game/model/RoomUser.java" kind="unknown">/Code/TYServerV2/trunk/ServerGame/src/main/java/com/sporger/server/game/model/RoomUser.java</path><path action="M" localPath="ServerGame/src/main/java/com/sporger/server/game/model/RoomFamPlayer.java" kind="unknown">/Code/TYServerV2/trunk/ServerGame/src/main/java/com/sporger/server/game/model/RoomFamPlayer.java</path><path action="D" localPath="ModuleThrift/src/main/java/com/sporger/server/thrift/bean/UserTB.java" kind="unknown">/Code/TYServerV2/trunk/ModuleThrift/src/main/java/com/sporger/server/thrift/bean/UserTB.java</path><path action="M" localPath="ModuleRedis/src/main/java/com/sporger/server/redis/service/RedisUserService.java" kind="unknown">/Code/TYServerV2/trunk/ModuleRedis/src/main/java/com/sporger/server/redis/service/RedisUserService.java</path><path action="M" localPath="ServerGame/src/main/java/com/sporger/server/game/service/handler/SquareHandler.java" kind="unknown">/Code/TYServerV2/trunk/ServerGame/src/main/java/com/sporger/server/game/service/handler/SquareHandler.java</path><path action="M" localPath="ServerGame/src/main/java/com/sporger/server/game/service/handler/FriendHandler.java" kind="unknown">/Code/TYServerV2/trunk/ServerGame/src/main/java/com/sporger/server/game/service/handler/FriendHandler.java</path><path action="M" localPath="ServerGame/src/main/java/com/sporger/server/game/service/handler/CompeteHandler.java" kind="unknown">/Code/TYServerV2/trunk/ServerGame/src/main/java/com/sporger/server/game/service/handler/CompeteHandler.java</path><path action="M" localPath="ServerGame/src/main/java/com/sporger/server/game/service/handler/CharacterHandler.java" kind="unknown">/Code/TYServerV2/trunk/ServerGame/src/main/java/com/sporger/server/game/service/handler/CharacterHandler.java</path><path action="M" localPath="ModuleThrift/tools/thrift/DBBean.thrift" kind="unknown">/Code/TYServerV2/trunk/ModuleThrift/tools/thrift/DBBean.thrift</path><path action="M" localPath="ServerGame/src/main/java/com/sporger/server/game/service/MarathonService.java" kind="unknown">/Code/TYServerV2/trunk/ServerGame/src/main/java/com/sporger/server/game/service/MarathonService.java</path><path action="M" localPath="ServerGame/src/main/java/com/sporger/server/game/service/VoiceService.java" kind="unknown">/Code/TYServerV2/trunk/ServerGame/src/main/java/com/sporger/server/game/service/VoiceService.java</path><path action="M" localPath="ServerGame/src/main/java/com/sporger/server/game/service/RoomService.java" kind="unknown">/Code/TYServerV2/trunk/ServerGame/src/main/java/com/sporger/server/game/service/RoomService.java</path><path action="M" localPath="ServerManage/src/main/java/com/sporger/server/manage/controller/UserController.java" kind="unknown">/Code/TYServerV2/trunk/ServerManage/src/main/java/com/sporger/server/manage/controller/UserController.java</path><path action="M" localPath="ServerGame/src/main/java/com/sporger/server/game/service/SquareService.java" kind="unknown">/Code/TYServerV2/trunk/ServerGame/src/main/java/com/sporger/server/game/service/SquareService.java</path><path action="M" localPath="ServerGame/src/main/java/com/sporger/server/game/model/RoomObserver.java" kind="unknown">/Code/TYServerV2/trunk/ServerGame/src/main/java/com/sporger/server/game/model/RoomObserver.java</path><path action="M" localPath="ServerGame/src/main/java/com/sporger/server/game/service/CompeteMatchService.java" kind="unknown">/Code/TYServerV2/trunk/ServerGame/src/main/java/com/sporger/server/game/service/CompeteMatchService.java</path><path action="M" localPath="ModuleRedis/src/main/java/com/sporger/server/redis/model/RedisStatsUser.java" kind="unknown">/Code/TYServerV2/trunk/ModuleRedis/src/main/java/com/sporger/server/redis/model/RedisStatsUser.java</path><path action="M" localPath="ServerGame/src/main/java/com/sporger/server/game/model/RoomGamePlayer.java" kind="unknown">/Code/TYServerV2/trunk/ServerGame/src/main/java/com/sporger/server/game/model/RoomGamePlayer.java</path><path action="M" localPath="ServerGame/src/main/java/com/sporger/server/game/service/handler/RainbowHandler.java" kind="unknown">/Code/TYServerV2/trunk/ServerGame/src/main/java/com/sporger/server/game/service/handler/RainbowHandler.java</path><path action="M" localPath="ServerGame/src/main/java/com/sporger/server/game/model/RoomRainbowPlayer.java" kind="unknown">/Code/TYServerV2/trunk/ServerGame/src/main/java/com/sporger/server/game/model/RoomRainbowPlayer.java</path><path action="M" localPath="ServerGame/src/main/java/com/sporger/server/game/model/RoomSportPlayer.java" kind="unknown">/Code/TYServerV2/trunk/ServerGame/src/main/java/com/sporger/server/game/model/RoomSportPlayer.java</path></paths><msg>用户逻辑修改</msg></logentry><logentry revision="9281"><author>jiangdingfu</author><date>2018-05-09T03:37:03.319431Z</date><paths><path action="M" localPath="ModuleDB/src/main/java/com/sporger/server/db/service/UserDBService.java" kind="unknown">/Code/TYServerV2/trunk/ModuleDB/src/main/java/com/sporger/server/db/service/UserDBService.java</path><path action="M" localPath="ModuleClient/src/main/java/com/sporger/server/client/handler/CharacterHandler.java" kind="unknown">/Code/TYServerV2/trunk/ModuleClient/src/main/java/com/sporger/server/client/handler/CharacterHandler.java</path><path action="M" localPath="ServerCenter/src/main/java/com/sporger/server/center/service/thrift/CircleThriftService.java" kind="unknown">/Code/TYServerV2/trunk/ServerCenter/src/main/java/com/sporger/server/center/service/thrift/CircleThriftService.java</path><path action="M" localPath="ModuleClient/src/main/java/com/sporger/server/client/handler/MissionHandler.java" kind="unknown">/Code/TYServerV2/trunk/ModuleClient/src/main/java/com/sporger/server/client/handler/MissionHandler.java</path><path action="M" localPath="ModuleRedis/src/main/java/com/sporger/server/redis/service/RedisUserService.java" kind="unknown">/Code/TYServerV2/trunk/ModuleRedis/src/main/java/com/sporger/server/redis/service/RedisUserService.java</path><path action="M" localPath="ModuleRedis/src/main/java/com/sporger/server/redis/service/RedisStatsUserService.java" kind="unknown">/Code/TYServerV2/trunk/ModuleRedis/src/main/java/com/sporger/server/redis/service/RedisStatsUserService.java</path><path action="M" localPath="ServerRest/src/main/java/com/sporger/server/rest/controller/StatsController.java" kind="unknown">/Code/TYServerV2/trunk/ServerRest/src/main/java/com/sporger/server/rest/controller/StatsController.java</path><path action="M" localPath="ModuleThrift/tools/thrift/DBBean.thrift" kind="unknown">/Code/TYServerV2/trunk/ModuleThrift/tools/thrift/DBBean.thrift</path><path action="M" localPath="ServerGame/src/main/java/com/sporger/server/game/service/MarathonService.java" kind="unknown">/Code/TYServerV2/trunk/ServerGame/src/main/java/com/sporger/server/game/service/MarathonService.java</path><path action="M" localPath="ServerGame/src/main/java/com/sporger/server/game/service/VoiceService.java" kind="unknown">/Code/TYServerV2/trunk/ServerGame/src/main/java/com/sporger/server/game/service/VoiceService.java</path><path action="M" localPath="ModuleClient/src/main/java/com/sporger/server/client/handler/FriendHandler.java" kind="unknown">/Code/TYServerV2/trunk/ModuleClient/src/main/java/com/sporger/server/client/handler/FriendHandler.java</path><path action="M" localPath="ServerManage/src/main/java/com/sporger/server/manage/controller/UserController.java" kind="unknown">/Code/TYServerV2/trunk/ServerManage/src/main/java/com/sporger/server/manage/controller/UserController.java</path><path action="M" localPath="ModuleClient/src/main/java/com/sporger/server/client/handler/MapHandler.java" kind="unknown">/Code/TYServerV2/trunk/ModuleClient/src/main/java/com/sporger/server/client/handler/MapHandler.java</path><path action="M" localPath="ServerGame/src/main/java/com/sporger/server/game/service/handler/MovementHandler.java" kind="unknown">/Code/TYServerV2/trunk/ServerGame/src/main/java/com/sporger/server/game/service/handler/MovementHandler.java</path><path action="M" localPath="ModuleDB/src/test/java/com/sporger/server/db/UserTest.java" kind="unknown">/Code/TYServerV2/trunk/ModuleDB/src/test/java/com/sporger/server/db/UserTest.java</path><path action="M" localPath="ModuleRedis/src/main/java/com/sporger/server/redis/model/RedisStatsUser.java" kind="unknown">/Code/TYServerV2/trunk/ModuleRedis/src/main/java/com/sporger/server/redis/model/RedisStatsUser.java</path><path action="M" localPath="ModuleRedis/src/main/java/com/sporger/server/redis/service/RedisConfigService.java" kind="unknown">/Code/TYServerV2/trunk/ModuleRedis/src/main/java/com/sporger/server/redis/service/RedisConfigService.java</path><path action="M" localPath="ModuleDB/src/main/java/com/sporger/server/db/service/CommentDBService.java" kind="unknown">/Code/TYServerV2/trunk/ModuleDB/src/main/java/com/sporger/server/db/service/CommentDBService.java</path><path action="D" localPath="ModuleThrift/src/main/java/com/sporger/server/thrift/bean/StatsUMTB.java" kind="unknown">/Code/TYServerV2/trunk/ModuleThrift/src/main/java/com/sporger/server/thrift/bean/StatsUMTB.java</path></paths><msg>Bean封装逻辑修改</msg></logentry><logentry revision="9282"><author>jiangdingfu</author><date>2018-05-09T03:49:09.468180Z</date><paths><path action="M" localPath="ServerCenter/src/main/java/com/sporger/server/center/service/TimedTaskService.java" kind="unknown">/Code/TYServerV2/trunk/ServerCenter/src/main/java/com/sporger/server/center/service/TimedTaskService.java</path><path action="M" localPath="ModuleDB/src/main/java/com/sporger/server/db/service/UserDBService.java" kind="unknown">/Code/TYServerV2/trunk/ModuleDB/src/main/java/com/sporger/server/db/service/UserDBService.java</path><path action="D" localPath="ModuleThrift/src/main/java/com/sporger/server/thrift/bean/UserLevelTB.java" kind="unknown">/Code/TYServerV2/trunk/ModuleThrift/src/main/java/com/sporger/server/thrift/bean/UserLevelTB.java</path><path action="M" localPath="ModuleDB/src/main/resources/mapper/gate/user.xml" kind="unknown">/Code/TYServerV2/trunk/ModuleDB/src/main/resources/mapper/gate/user.xml</path><path action="A" localPath="ModuleCommon/src/main/java/com/sporger/server/common/bean/UserLevelBean.java" kind="unknown">/Code/TYServerV2/trunk/ModuleCommon/src/main/java/com/sporger/server/common/bean/UserLevelBean.java</path><path action="M" localPath="ModuleDB/src/main/java/com/sporger/server/db/dao/gate/UserMapper.java" kind="unknown">/Code/TYServerV2/trunk/ModuleDB/src/main/java/com/sporger/server/db/dao/gate/UserMapper.java</path></paths><msg>Bean封装逻辑修改</msg></logentry><logentry revision="9283"><author>fanwentao</author><date>2018-05-09T04:39:17.409253Z</date><paths><path action="D" localPath="ModuleThrift/src/main/java/com/sporger/server/thrift/model/UserLevelTM.java" kind="unknown">/Code/TYServerV2/trunk/ModuleThrift/src/main/java/com/sporger/server/thrift/model/UserLevelTM.java</path><path action="M" localPath="ServerCenter/src/main/java/com/sporger/server/center/service/TimedTaskService.java" kind="unknown">/Code/TYServerV2/trunk/ServerCenter/src/main/java/com/sporger/server/center/service/TimedTaskService.java</path><path action="A" localPath="ModuleDB/src/main/resources/mapper/main/userStatistic.xml" copyfrom-path="/Code/TYServerV2/trunk/ModuleDB/src/main/resources/mapper/main/userlevel.xml" copyfrom-rev="9282" kind="unknown">/Code/TYServerV2/trunk/ModuleDB/src/main/resources/mapper/main/userStatistic.xml</path><path action="D" localPath="ModuleDB/src/main/java/com/sporger/server/db/dao/main/StatisticLevelMapper.java" kind="unknown">/Code/TYServerV2/trunk/ModuleDB/src/main/java/com/sporger/server/db/dao/main/StatisticLevelMapper.java</path><path action="A" localPath="ModuleThrift/src/main/java/com/sporger/server/thrift/model/UserStatisticTM.java" kind="unknown">/Code/TYServerV2/trunk/ModuleThrift/src/main/java/com/sporger/server/thrift/model/UserStatisticTM.java</path><path action="M" localPath="ModuleCommon/src/main/java/com/sporger/server/common/conf/SporgerCommon.java" kind="unknown">/Code/TYServerV2/trunk/ModuleCommon/src/main/java/com/sporger/server/common/conf/SporgerCommon.java</path><path action="D" localPath="ModuleThrift/src/main/java/com/sporger/server/thrift/model/UserLoginCountTM.java" kind="unknown">/Code/TYServerV2/trunk/ModuleThrift/src/main/java/com/sporger/server/thrift/model/UserLoginCountTM.java</path><path action="A" localPath="ModuleDB/src/main/java/com/sporger/server/db/dao/main/StatisticMapper.java" copyfrom-path="/Code/TYServerV2/trunk/ModuleDB/src/main/java/com/sporger/server/db/dao/main/StatisticLevelMapper.java" copyfrom-rev="9282" kind="unknown">/Code/TYServerV2/trunk/ModuleDB/src/main/java/com/sporger/server/db/dao/main/StatisticMapper.java</path><path action="D" localPath="ModuleDB/src/main/resources/mapper/main/userlevel.xml" kind="unknown">/Code/TYServerV2/trunk/ModuleDB/src/main/resources/mapper/main/userlevel.xml</path><path action="M" localPath="ModuleThrift/tools/thrift/DBModel.thrift" kind="unknown">/Code/TYServerV2/trunk/ModuleThrift/tools/thrift/DBModel.thrift</path><path action="D" localPath="ModuleDB/src/main/java/com/sporger/server/db/service/StatisticLevelDBService.java" kind="unknown">/Code/TYServerV2/trunk/ModuleDB/src/main/java/com/sporger/server/db/service/StatisticLevelDBService.java</path><path action="M" localPath="ServerManage/src/main/java/com/sporger/server/manage/controller/StatisticsController.java" kind="unknown">/Code/TYServerV2/trunk/ServerManage/src/main/java/com/sporger/server/manage/controller/StatisticsController.java</path><path action="A" localPath="ModuleDB/src/main/java/com/sporger/server/db/service/StatisticDBService.java" copyfrom-path="/Code/TYServerV2/trunk/ModuleDB/src/main/java/com/sporger/server/db/service/StatisticLevelDBService.java" copyfrom-rev="9282" kind="unknown">/Code/TYServerV2/trunk/ModuleDB/src/main/java/com/sporger/server/db/service/StatisticDBService.java</path></paths><msg>用户登入数量统计</msg></logentry><logentry revision="9293"><author>jiangdingfu</author><date>2018-05-09T06:25:39.205464Z</date><paths><path action="M" localPath="ModuleDB/src/main/java/com/sporger/server/db/service/UserDBService.java" kind="unknown">/Code/TYServerV2/trunk/ModuleDB/src/main/java/com/sporger/server/db/service/UserDBService.java</path><path action="M" localPath="ServerRest/src/main/java/com/sporger/server/rest/controller/SindexController.java" kind="unknown">/Code/TYServerV2/trunk/ServerRest/src/main/java/com/sporger/server/rest/controller/SindexController.java</path><path action="M" localPath="ServerGame/src/main/java/com/sporger/server/game/service/DataService.java" kind="unknown">/Code/TYServerV2/trunk/ServerGame/src/main/java/com/sporger/server/game/service/DataService.java</path><path action="D" localPath="ModuleThrift/src/main/java/com/sporger/server/thrift/bean/StatsSindex.java" kind="unknown">/Code/TYServerV2/trunk/ModuleThrift/src/main/java/com/sporger/server/thrift/bean/StatsSindex.java</path><path action="D" localPath="ServerGate/src/main/java/com/sporger/server/gate/bean/LoginBean.java" kind="unknown">/Code/TYServerV2/trunk/ServerGate/src/main/java/com/sporger/server/gate/bean/LoginBean.java</path><path action="M" localPath="ServerGame/src/main/java/com/sporger/server/game/service/handler/FriendHandler.java" kind="unknown">/Code/TYServerV2/trunk/ServerGame/src/main/java/com/sporger/server/game/service/handler/FriendHandler.java</path><path action="M" localPath="ModuleThrift/src/main/java/com/sporger/server/thrift/client/UserThriftClient.java" kind="unknown">/Code/TYServerV2/trunk/ModuleThrift/src/main/java/com/sporger/server/thrift/client/UserThriftClient.java</path><path action="M" localPath="ServerGame/src/main/java/com/sporger/server/game/service/handler/CompeteHandler.java" kind="unknown">/Code/TYServerV2/trunk/ServerGame/src/main/java/com/sporger/server/game/service/handler/CompeteHandler.java</path><path action="M" localPath="ServerGame/src/main/java/com/sporger/server/game/service/handler/CharacterHandler.java" kind="unknown">/Code/TYServerV2/trunk/ServerGame/src/main/java/com/sporger/server/game/service/handler/CharacterHandler.java</path><path action="M" localPath="ServerGate/src/main/java/com/sporger/server/gate/controller/LoginController.java" kind="unknown">/Code/TYServerV2/trunk/ServerGate/src/main/java/com/sporger/server/gate/controller/LoginController.java</path><path action="A" localPath="ModuleCommon/src/main/java/com/sporger/server/common/bean/LoginBean.java" copyfrom-path="/Code/TYServerV2/trunk/ServerGate/src/main/java/com/sporger/server/gate/bean/LoginBean.java" copyfrom-rev="9292" kind="unknown">/Code/TYServerV2/trunk/ModuleCommon/src/main/java/com/sporger/server/common/bean/LoginBean.java</path><path action="M" localPath="ModuleThrift/tools/thrift/DBBean.thrift" kind="unknown">/Code/TYServerV2/trunk/ModuleThrift/tools/thrift/DBBean.thrift</path><path action="M" localPath="ServerGame/src/main/java/com/sporger/server/game/service/MarathonService.java" kind="unknown">/Code/TYServerV2/trunk/ServerGame/src/main/java/com/sporger/server/game/service/MarathonService.java</path><path action="M" localPath="ModuleProto/src/main/java/com/sporger/server/proto/util/ProtoUtil.java" kind="unknown">/Code/TYServerV2/trunk/ModuleProto/src/main/java/com/sporger/server/proto/util/ProtoUtil.java</path><path action="M" localPath="ServerRest/src/main/java/com/sporger/server/rest/controller/MovementController.java" kind="unknown">/Code/TYServerV2/trunk/ServerRest/src/main/java/com/sporger/server/rest/controller/MovementController.java</path><path action="M" localPath="ServerCenter/src/main/java/com/sporger/server/center/service/SindexService.java" kind="unknown">/Code/TYServerV2/trunk/ServerCenter/src/main/java/com/sporger/server/center/service/SindexService.java</path><path action="M" localPath="ModuleThrift/tools/thrift/CenterService.thrift" kind="unknown">/Code/TYServerV2/trunk/ModuleThrift/tools/thrift/CenterService.thrift</path><path action="M" localPath="ServerManage/src/main/java/com/sporger/server/manage/controller/UserController.java" kind="unknown">/Code/TYServerV2/trunk/ServerManage/src/main/java/com/sporger/server/manage/controller/UserController.java</path><path action="A" localPath="ServerCenter/src/main/java/com/sporger/server/center/bean/StatsSindex.java" copyfrom-path="/Code/TYServerV2/trunk/ModuleThrift/src/main/java/com/sporger/server/thrift/bean/StatsSindex.java" copyfrom-rev="9292" kind="unknown">/Code/TYServerV2/trunk/ServerCenter/src/main/java/com/sporger/server/center/bean/StatsSindex.java</path><path action="M" localPath="ServerGame/src/main/java/com/sporger/server/game/service/RoomSportService.java" kind="unknown">/Code/TYServerV2/trunk/ServerGame/src/main/java/com/sporger/server/game/service/RoomSportService.java</path><path action="D" localPath="ServerGate/src/main/java/com/sporger/server/gate/service/LoginService.java" kind="unknown">/Code/TYServerV2/trunk/ServerGate/src/main/java/com/sporger/server/gate/service/LoginService.java</path><path action="D" localPath="ModuleThrift/src/main/java/com/sporger/server/thrift/bean/SindexReportTB.java" kind="unknown">/Code/TYServerV2/trunk/ModuleThrift/src/main/java/com/sporger/server/thrift/bean/SindexReportTB.java</path><path action="D" localPath="ModuleThrift/src/main/java/com/sporger/server/thrift/bean/SindexUITB.java" kind="unknown">/Code/TYServerV2/trunk/ModuleThrift/src/main/java/com/sporger/server/thrift/bean/SindexUITB.java</path><path action="M" localPath="ServerCenter/src/main/java/com/sporger/server/center/service/thrift/UserThriftService.java" kind="unknown">/Code/TYServerV2/trunk/ServerCenter/src/main/java/com/sporger/server/center/service/thrift/UserThriftService.java</path><path action="M" localPath="ModuleThrift/src/main/java/com/sporger/server/thrift/interfaces/IUserThriftService.java" kind="unknown">/Code/TYServerV2/trunk/ModuleThrift/src/main/java/com/sporger/server/thrift/interfaces/IUserThriftService.java</path></paths><msg>Bean封装逻辑修改</msg></logentry><logentry revision="9295"><author>fanwentao</author><date>2018-05-09T07:46:10.391087Z</date><paths><path action="M" localPath="ModuleRedis/src/main/java/com/sporger/server/redis/service/RedisStatsUserService.java" kind="unknown">/Code/TYServerV2/trunk/ModuleRedis/src/main/java/com/sporger/server/redis/service/RedisStatsUserService.java</path><path action="M" localPath="ServerManage/src/main/java/com/sporger/server/manage/controller/MoneyController.java" kind="unknown">/Code/TYServerV2/trunk/ServerManage/src/main/java/com/sporger/server/manage/controller/MoneyController.java</path><path action="M" localPath="ServerManage/src/main/java/com/sporger/server/manage/controller/RedisController.java" kind="unknown">/Code/TYServerV2/trunk/ServerManage/src/main/java/com/sporger/server/manage/controller/RedisController.java</path></paths><msg>缓存
</msg></logentry><logentry revision="9284"><author>fanwentao</author><date>2018-05-09T04:39:57.226092Z</date><paths><path action="M" localPath="TYOperation/index.html" kind="unknown">/Code/TYOperation/trunk/index.html</path></paths><msg>用户统计

</msg></logentry><logentry revision="9296"><author>fanwentao</author><date>2018-05-09T07:46:36.635020Z</date><paths><path action="M" localPath="TYOperation/header.html" kind="unknown">/Code/TYOperation/trunk/header.html</path><path action="M" localPath="TYOperation/redis.html" kind="unknown">/Code/TYOperation/trunk/redis.html</path></paths><msg>统计在线

</msg></logentry></log>