<?xml version="1.0" encoding="UTF-8"?><log><logentry revision="7934"><author>jiangdingfu</author><date>2018-04-03T11:47:46.134702Z</date><paths><path action="M" localPath="ModuleConfig/src/main/java/com/sporger/server/config/service/load/GameConfigLoadService.java" kind="unknown">/Code/TYServerV2/trunk/ModuleConfig/src/main/java/com/sporger/server/config/service/load/GameConfigLoadService.java</path></paths><msg>邮件逻辑修改</msg></logentry><logentry revision="7935"><author>jiangdingfu</author><date>2018-04-03T11:47:54.683085Z</date><paths><path action="M" localPath="ServerGame/src/main/java/com/sporger/server/game/netty/NettyServer.java" kind="unknown">/Code/TYServerV2/trunk/ServerGame/src/main/java/com/sporger/server/game/netty/NettyServer.java</path><path action="M" localPath="ServerGame/src/main/java/com/sporger/server/game/service/handler/MarathonHandler.java" kind="unknown">/Code/TYServerV2/trunk/ServerGame/src/main/java/com/sporger/server/game/service/handler/MarathonHandler.java</path><path action="M" localPath="ServerGame/src/main/java/com/sporger/server/game/service/handler/MailHandler.java" kind="unknown">/Code/TYServerV2/trunk/ServerGame/src/main/java/com/sporger/server/game/service/handler/MailHandler.java</path></paths><msg>邮件逻辑修改</msg></logentry></log>