<?xml version="1.0" encoding="UTF-8"?><log><logentry revision="9350"><author>fanwentao</author><date>2018-05-11T02:18:43.977613Z</date><paths><path action="M" localPath="ServerCenter/src/main/java/com/sporger/server/center/service/TimedTaskService.java" kind="unknown">/Code/TYServerV2/trunk/ServerCenter/src/main/java/com/sporger/server/center/service/TimedTaskService.java</path></paths><msg>统计等级</msg></logentry><logentry revision="9351"><author>fanwentao</author><date>2018-05-11T02:19:44.243853Z</date><paths><path action="M" localPath="TYOperation/index.html" kind="unknown">/Code/TYOperation/trunk/index.html</path></paths><msg>清除角色

</msg></logentry></log>