<?xml version="1.0" encoding="UTF-8"?><log><logentry revision="300"><author>jiangdingfu</author><date>2017-11-28T02:24:57.460438Z</date><paths><path action="M" localPath="manage/server_tp/action.js" kind="unknown">/Sporger/Code/TYFrontend/manage/server_tp/action.js</path></paths><msg>运动圈合入</msg></logentry><logentry revision="301"><author>jiangdingfu</author><date>2017-11-28T02:59:10.296808Z</date><paths><path action="M" localPath="manage/server_tp/action.js" kind="unknown">/Sporger/Code/TYFrontend/manage/server_tp/action.js</path><path action="M" localPath="server.js" kind="unknown">/Sporger/Code/TYFrontend/server.js</path><path action="M" localPath="webpack.config.prod.js" kind="unknown">/Sporger/Code/TYFrontend/webpack.config.prod.js</path><path action="M" localPath="configs/config.local.js" kind="unknown">/Sporger/Code/TYFrontend/configs/config.local.js</path></paths><msg>运动圈合入</msg></logentry></log>