<?xml version="1.0" encoding="UTF-8"?><log><logentry revision="7820"><author>jiangdingfu</author><date>2018-03-30T07:23:52.080605Z</date><paths><path action="M" localPath="ModuleMQ/src/main/java/com/sporger/server/mq/service/MqTopicConsumerThread.java" kind="unknown">/Code/TYServerV2/trunk/ModuleMQ/src/main/java/com/sporger/server/mq/service/MqTopicConsumerThread.java</path></paths><msg>配置更新逻辑修改</msg></logentry><logentry revision="7822"><author>jiangdingfu</author><date>2018-03-30T07:30:26.238186Z</date><paths><path action="M" localPath="ServerGame/src/main/java/com/sporger/server/game/service/MarathonService.java" kind="unknown">/Code/TYServerV2/trunk/ServerGame/src/main/java/com/sporger/server/game/service/MarathonService.java</path></paths><msg>比赛逻辑修改</msg></logentry><logentry revision="7826"><author>jiangdingfu</author><date>2018-03-30T08:32:42.718173Z</date><paths><path action="M" localPath="ModuleRedis/src/main/java/com/sporger/server/redis/service/RedisStatsMarathonService.java" kind="unknown">/Code/TYServerV2/trunk/ModuleRedis/src/main/java/com/sporger/server/redis/service/RedisStatsMarathonService.java</path><path action="M" localPath="ServerCenter/src/main/java/com/sporger/server/center/service/MarathonTraceService.java" kind="unknown">/Code/TYServerV2/trunk/ServerCenter/src/main/java/com/sporger/server/center/service/MarathonTraceService.java</path><path action="M" localPath="ModuleProto/src/main/java/com/sporger/server/proto/model/ProtoCommon.java" kind="unknown">/Code/TYServerV2/trunk/ModuleProto/src/main/java/com/sporger/server/proto/model/ProtoCommon.java</path><path action="M" localPath="ModuleRedis/src/main/java/com/sporger/server/redis/service/RedisUserTraceService.java" kind="unknown">/Code/TYServerV2/trunk/ModuleRedis/src/main/java/com/sporger/server/redis/service/RedisUserTraceService.java</path><path action="M" localPath="ModuleRedis/src/main/java/com/sporger/server/redis/dao/RedisStatsMarathonDao.java" kind="unknown">/Code/TYServerV2/trunk/ModuleRedis/src/main/java/com/sporger/server/redis/dao/RedisStatsMarathonDao.java</path><path action="M" localPath="ServerGame/src/main/java/com/sporger/server/game/service/RoomSportService.java" kind="unknown">/Code/TYServerV2/trunk/ServerGame/src/main/java/com/sporger/server/game/service/RoomSportService.java</path><path action="M" localPath="ModuleRedis/src/main/java/com/sporger/server/redis/model/RedisUserTrace.java" kind="unknown">/Code/TYServerV2/trunk/ModuleRedis/src/main/java/com/sporger/server/redis/model/RedisUserTrace.java</path><path action="M" localPath="ModuleProto/src/main/java/com/sporger/server/proto/model/ProtoMarathon.java" kind="unknown">/Code/TYServerV2/trunk/ModuleProto/src/main/java/com/sporger/server/proto/model/ProtoMarathon.java</path><path action="M" localPath="ModuleRedis/src/main/java/com/sporger/server/redis/dao/RedisMarathonRankDao.java" kind="unknown">/Code/TYServerV2/trunk/ModuleRedis/src/main/java/com/sporger/server/redis/dao/RedisMarathonRankDao.java</path><path action="M" localPath="ModuleRedis/src/main/java/com/sporger/server/redis/service/RedisMarathonRankService.java" kind="unknown">/Code/TYServerV2/trunk/ModuleRedis/src/main/java/com/sporger/server/redis/service/RedisMarathonRankService.java</path><path action="M" localPath="ServerGame/src/main/java/com/sporger/server/game/service/MarathonService.java" kind="unknown">/Code/TYServerV2/trunk/ServerGame/src/main/java/com/sporger/server/game/service/MarathonService.java</path><path action="M" localPath="ServerGame/src/main/java/com/sporger/server/game/service/handler/MarathonHandler.java" kind="unknown">/Code/TYServerV2/trunk/ServerGame/src/main/java/com/sporger/server/game/service/handler/MarathonHandler.java</path></paths><msg>比赛逻辑修改</msg></logentry><logentry revision="7827"><author>jiangdingfu</author><date>2018-03-30T08:46:43.289823Z</date><paths><path action="M" localPath="ServerGame/src/main/java/com/sporger/server/game/netty/NettyServer.java" kind="unknown">/Code/TYServerV2/trunk/ServerGame/src/main/java/com/sporger/server/game/netty/NettyServer.java</path><path action="M" localPath="ServerGame/src/main/java/com/sporger/server/game/service/handler/MarathonHandler.java" kind="unknown">/Code/TYServerV2/trunk/ServerGame/src/main/java/com/sporger/server/game/service/handler/MarathonHandler.java</path></paths><msg>比赛逻辑修改</msg></logentry><logentry revision="7831"><author>jiangdingfu</author><date>2018-03-30T09:38:36.220273Z</date><paths><path action="M" localPath="ModuleConfig/src/main/java/com/sporger/server/config/service/MarathonConfigService.java" kind="unknown">/Code/TYServerV2/trunk/ModuleConfig/src/main/java/com/sporger/server/config/service/MarathonConfigService.java</path></paths><msg>比赛逻辑修改</msg></logentry><logentry revision="7833"><author>fanwentao</author><date>2018-03-30T09:42:06.121444Z</date><paths><path action="A" localPath="ServerManage/src/main/java/com/sporger/server/manage/bean/ResultPageBean.java" kind="unknown">/Code/TYServerV2/trunk/ServerManage/src/main/java/com/sporger/server/manage/bean/ResultPageBean.java</path><path action="M" localPath="ServerManage/src/main/resources/config/prd/config.properties" kind="unknown">/Code/TYServerV2/trunk/ServerManage/src/main/resources/config/prd/config.properties</path><path action="A" localPath="ServerManage/src/main/java/com/sporger/server/manage/controller/GameResultController.java" kind="unknown">/Code/TYServerV2/trunk/ServerManage/src/main/java/com/sporger/server/manage/controller/GameResultController.java</path><path action="A" localPath="ServerManage/src/main/java/com/sporger/server/manage/service/ResultService.java" kind="unknown">/Code/TYServerV2/trunk/ServerManage/src/main/java/com/sporger/server/manage/service/ResultService.java</path></paths><msg>查询出了最基本的比赛结果数据，并且将其分页显示</msg></logentry><logentry revision="7836"><author>jiangdingfu</author><date>2018-03-30T11:30:19.687116Z</date><paths><path action="M" localPath="ServerGame/src/main/java/com/sporger/server/game/service/SquareService.java" kind="unknown">/Code/TYServerV2/trunk/ServerGame/src/main/java/com/sporger/server/game/service/SquareService.java</path><path action="M" localPath="ServerGame/src/main/java/com/sporger/server/game/service/handler/SquareHandler.java" kind="unknown">/Code/TYServerV2/trunk/ServerGame/src/main/java/com/sporger/server/game/service/handler/SquareHandler.java</path><path action="M" localPath="ModuleRedis/src/main/java/com/sporger/server/redis/service/RedisUserTraceService.java" kind="unknown">/Code/TYServerV2/trunk/ModuleRedis/src/main/java/com/sporger/server/redis/service/RedisUserTraceService.java</path><path action="M" localPath="ModuleRedis/src/main/java/com/sporger/server/redis/model/RedisUserTrace.java" kind="unknown">/Code/TYServerV2/trunk/ModuleRedis/src/main/java/com/sporger/server/redis/model/RedisUserTrace.java</path></paths><msg>比赛逻辑修改</msg></logentry><logentry revision="7844"><author>jiangdingfu</author><date>2018-03-30T12:09:52.258248Z</date><paths><path action="M" localPath="ServerDB/src/main/resources/mapper/main/bulletin.xml" kind="unknown">/Code/TYServerV2/trunk/ServerDB/src/main/resources/mapper/main/bulletin.xml</path><path action="M" localPath="ModuleThrift/tools/thrift/DBModel.thrift" kind="unknown">/Code/TYServerV2/trunk/ModuleThrift/tools/thrift/DBModel.thrift</path><path action="M" localPath="ServerManage/src/main/java/com/sporger/server/manage/controller/BulletinController.java" kind="unknown">/Code/TYServerV2/trunk/ServerManage/src/main/java/com/sporger/server/manage/controller/BulletinController.java</path><path action="A" localPath="ModuleThrift/src/main/java/com/sporger/server/thrift/model/BulletinOperationTM.java" kind="unknown">/Code/TYServerV2/trunk/ModuleThrift/src/main/java/com/sporger/server/thrift/model/BulletinOperationTM.java</path><path action="M" localPath="ServerCenter/src/main/java/com/sporger/server/center/service/BulletinService.java" kind="unknown">/Code/TYServerV2/trunk/ServerCenter/src/main/java/com/sporger/server/center/service/BulletinService.java</path><path action="M" localPath="ModuleThrift/src/main/java/com/sporger/server/thrift/interfaces/IBulletinDBThriftService.java" kind="unknown">/Code/TYServerV2/trunk/ModuleThrift/src/main/java/com/sporger/server/thrift/interfaces/IBulletinDBThriftService.java</path><path action="M" localPath="ModuleThrift/src/main/java/com/sporger/server/thrift/bean/PageBulletinTB.java" kind="unknown">/Code/TYServerV2/trunk/ModuleThrift/src/main/java/com/sporger/server/thrift/bean/PageBulletinTB.java</path><path action="M" localPath="ServerDB/src/main/java/com/sporger/server/db/dao/main/BulletinMapper.java" kind="unknown">/Code/TYServerV2/trunk/ServerDB/src/main/java/com/sporger/server/db/dao/main/BulletinMapper.java</path><path action="M" localPath="ModuleThrift/tools/thrift/DBService.thrift" kind="unknown">/Code/TYServerV2/trunk/ModuleThrift/tools/thrift/DBService.thrift</path><path action="M" localPath="ModuleThrift/tools/thrift/DBBean.thrift" kind="unknown">/Code/TYServerV2/trunk/ModuleThrift/tools/thrift/DBBean.thrift</path><path action="D" localPath="ModuleThrift/src/main/java/com/sporger/server/thrift/model/BulletinTM.java" kind="unknown">/Code/TYServerV2/trunk/ModuleThrift/src/main/java/com/sporger/server/thrift/model/BulletinTM.java</path><path action="M" localPath="ServerDB/src/main/java/com/sporger/server/db/service/BulletinDBThriftService.java" kind="unknown">/Code/TYServerV2/trunk/ServerDB/src/main/java/com/sporger/server/db/service/BulletinDBThriftService.java</path><path action="M" localPath="ModuleThrift/src/main/java/com/sporger/server/thrift/client/BulletinDBThriftClient.java" kind="unknown">/Code/TYServerV2/trunk/ModuleThrift/src/main/java/com/sporger/server/thrift/client/BulletinDBThriftClient.java</path></paths><msg>公告逻辑修改</msg></logentry><logentry revision="7845"><author>jiangdingfu</author><date>2018-03-30T12:13:01.403892Z</date><paths><path action="A" localPath="ModuleThrift/src/main/java/com/sporger/server/thrift/interfaces/IBulletinOperationDBThriftService.java" kind="unknown">/Code/TYServerV2/trunk/ModuleThrift/src/main/java/com/sporger/server/thrift/interfaces/IBulletinOperationDBThriftService.java</path><path action="A" localPath="ModuleThrift/src/main/java/com/sporger/server/thrift/bean/PageBulletinOperationTB.java" kind="unknown">/Code/TYServerV2/trunk/ModuleThrift/src/main/java/com/sporger/server/thrift/bean/PageBulletinOperationTB.java</path><path action="M" localPath="ModuleThrift/src/main/java/com/sporger/server/thrift/conf/BaseZooKeeper.java" kind="unknown">/Code/TYServerV2/trunk/ModuleThrift/src/main/java/com/sporger/server/thrift/conf/BaseZooKeeper.java</path><path action="M" localPath="ServerDB/src/main/java/com/sporger/server/db/conf/ThriftConfig.java" kind="unknown">/Code/TYServerV2/trunk/ServerDB/src/main/java/com/sporger/server/db/conf/ThriftConfig.java</path><path action="M" localPath="ServerManage/src/main/java/com/sporger/server/manage/controller/BulletinController.java" kind="unknown">/Code/TYServerV2/trunk/ServerManage/src/main/java/com/sporger/server/manage/controller/BulletinController.java</path><path action="D" localPath="ModuleThrift/src/main/java/com/sporger/server/thrift/bean/PageBulletinTB.java" kind="unknown">/Code/TYServerV2/trunk/ModuleThrift/src/main/java/com/sporger/server/thrift/bean/PageBulletinTB.java</path><path action="D" localPath="ModuleThrift/src/main/java/com/sporger/server/thrift/interfaces/IBulletinDBThriftService.java" kind="unknown">/Code/TYServerV2/trunk/ModuleThrift/src/main/java/com/sporger/server/thrift/interfaces/IBulletinDBThriftService.java</path><path action="M" localPath="ModuleThrift/tools/thrift/DBService.thrift" kind="unknown">/Code/TYServerV2/trunk/ModuleThrift/tools/thrift/DBService.thrift</path><path action="M" localPath="ModuleThrift/tools/thrift/DBBean.thrift" kind="unknown">/Code/TYServerV2/trunk/ModuleThrift/tools/thrift/DBBean.thrift</path><path action="M" localPath="ServerDB/src/main/java/com/sporger/server/db/service/BulletinDBThriftService.java" kind="unknown">/Code/TYServerV2/trunk/ServerDB/src/main/java/com/sporger/server/db/service/BulletinDBThriftService.java</path><path action="M" localPath="ModuleThrift/src/main/java/com/sporger/server/thrift/client/BulletinDBThriftClient.java" kind="unknown">/Code/TYServerV2/trunk/ModuleThrift/src/main/java/com/sporger/server/thrift/client/BulletinDBThriftClient.java</path></paths><msg>公告逻辑修改</msg></logentry><logentry revision="7847"><author>jiangdingfu</author><date>2018-03-30T12:19:54.348104Z</date><paths><path action="M" localPath="ModuleThrift/src/main/resources/thrift/thrift.properties" kind="unknown">/Code/TYServerV2/trunk/ModuleThrift/src/main/resources/thrift/thrift.properties</path><path action="D" localPath="ServerDB/src/main/resources/mapper/main/bulletin.xml" kind="unknown">/Code/TYServerV2/trunk/ServerDB/src/main/resources/mapper/main/bulletin.xml</path><path action="M" localPath="ModuleThrift/src/main/java/com/sporger/server/thrift/conf/BaseZooKeeper.java" kind="unknown">/Code/TYServerV2/trunk/ModuleThrift/src/main/java/com/sporger/server/thrift/conf/BaseZooKeeper.java</path><path action="M" localPath="ServerDB/src/main/java/com/sporger/server/db/conf/ThriftConfig.java" kind="unknown">/Code/TYServerV2/trunk/ServerDB/src/main/java/com/sporger/server/db/conf/ThriftConfig.java</path><path action="A" localPath="ModuleThrift/src/main/java/com/sporger/server/thrift/client/BulletinOperationDBThriftClient.java" copyfrom-path="/Code/TYServerV2/trunk/ModuleThrift/src/main/java/com/sporger/server/thrift/client/BulletinDBThriftClient.java" copyfrom-rev="7846" kind="unknown">/Code/TYServerV2/trunk/ModuleThrift/src/main/java/com/sporger/server/thrift/client/BulletinOperationDBThriftClient.java</path><path action="M" localPath="ModuleThrift/src/main/java/com/sporger/server/thrift/conf/BaseThrift.java" kind="unknown">/Code/TYServerV2/trunk/ModuleThrift/src/main/java/com/sporger/server/thrift/conf/BaseThrift.java</path><path action="A" localPath="ServerDB/src/main/resources/mapper/main/bulletinOperation.xml" copyfrom-path="/Code/TYServerV2/trunk/ServerDB/src/main/resources/mapper/main/bulletin.xml" copyfrom-rev="7846" kind="unknown">/Code/TYServerV2/trunk/ServerDB/src/main/resources/mapper/main/bulletinOperation.xml</path><path action="M" localPath="ServerManage/src/main/java/com/sporger/server/manage/controller/BulletinController.java" kind="unknown">/Code/TYServerV2/trunk/ServerManage/src/main/java/com/sporger/server/manage/controller/BulletinController.java</path><path action="M" localPath="ServerCenter/src/main/java/com/sporger/server/center/service/BulletinService.java" kind="unknown">/Code/TYServerV2/trunk/ServerCenter/src/main/java/com/sporger/server/center/service/BulletinService.java</path><path action="D" localPath="ServerDB/src/main/java/com/sporger/server/db/dao/main/BulletinMapper.java" kind="unknown">/Code/TYServerV2/trunk/ServerDB/src/main/java/com/sporger/server/db/dao/main/BulletinMapper.java</path><path action="A" localPath="ServerDB/src/main/java/com/sporger/server/db/service/BulletinOperationDBThriftService.java" copyfrom-path="/Code/TYServerV2/trunk/ServerDB/src/main/java/com/sporger/server/db/service/BulletinDBThriftService.java" copyfrom-rev="7846" kind="unknown">/Code/TYServerV2/trunk/ServerDB/src/main/java/com/sporger/server/db/service/BulletinOperationDBThriftService.java</path><path action="A" localPath="ServerDB/src/main/java/com/sporger/server/db/dao/main/BulletinOperationMapper.java" copyfrom-path="/Code/TYServerV2/trunk/ServerDB/src/main/java/com/sporger/server/db/dao/main/BulletinMapper.java" copyfrom-rev="7846" kind="unknown">/Code/TYServerV2/trunk/ServerDB/src/main/java/com/sporger/server/db/dao/main/BulletinOperationMapper.java</path><path action="D" localPath="ServerDB/src/main/java/com/sporger/server/db/service/BulletinDBThriftService.java" kind="unknown">/Code/TYServerV2/trunk/ServerDB/src/main/java/com/sporger/server/db/service/BulletinDBThriftService.java</path><path action="D" localPath="ModuleThrift/src/main/java/com/sporger/server/thrift/client/BulletinDBThriftClient.java" kind="unknown">/Code/TYServerV2/trunk/ModuleThrift/src/main/java/com/sporger/server/thrift/client/BulletinDBThriftClient.java</path></paths><msg>公告逻辑修改</msg></logentry><logentry revision="7851"><author>jiangdingfu</author><date>2018-03-30T12:55:01.604342Z</date><paths><path action="A" localPath="ServerDB/src/main/java/com/sporger/server/db/service/BulletinGameDBThriftService.java" copyfrom-path="/Code/TYServerV2/trunk/ServerDB/src/main/java/com/sporger/server/db/service/BulletinOperationDBThriftService.java" copyfrom-rev="7847" kind="unknown">/Code/TYServerV2/trunk/ServerDB/src/main/java/com/sporger/server/db/service/BulletinGameDBThriftService.java</path><path action="A" localPath="ServerDB/src/main/resources/mapper/main/bulletinGame.xml" copyfrom-path="/Code/TYServerV2/trunk/ServerDB/src/main/resources/mapper/main/bulletinOperation.xml" copyfrom-rev="7847" kind="unknown">/Code/TYServerV2/trunk/ServerDB/src/main/resources/mapper/main/bulletinGame.xml</path><path action="A" localPath="ModuleThrift/src/main/java/com/sporger/server/thrift/bean/PageBulletinGameTB.java" kind="unknown">/Code/TYServerV2/trunk/ModuleThrift/src/main/java/com/sporger/server/thrift/bean/PageBulletinGameTB.java</path><path action="M" localPath="ModuleThrift/src/main/java/com/sporger/server/thrift/conf/BaseThrift.java" kind="unknown">/Code/TYServerV2/trunk/ModuleThrift/src/main/java/com/sporger/server/thrift/conf/BaseThrift.java</path><path action="M" localPath="ModuleThrift/tools/thrift/DBModel.thrift" kind="unknown">/Code/TYServerV2/trunk/ModuleThrift/tools/thrift/DBModel.thrift</path><path action="M" localPath="Package/shell/bin/mysql_bak.sh" kind="unknown">/Code/TYServerV2/trunk/Package/shell/bin/mysql_bak.sh</path><path action="A" localPath="ServerDB/src/main/java/com/sporger/server/db/dao/main/BulletinGameMapper.java" copyfrom-path="/Code/TYServerV2/trunk/ServerDB/src/main/java/com/sporger/server/db/dao/main/BulletinOperationMapper.java" copyfrom-rev="7847" kind="unknown">/Code/TYServerV2/trunk/ServerDB/src/main/java/com/sporger/server/db/dao/main/BulletinGameMapper.java</path><path action="M" localPath="ModuleThrift/tools/thrift/DBService.thrift" kind="unknown">/Code/TYServerV2/trunk/ModuleThrift/tools/thrift/DBService.thrift</path><path action="A" localPath="ModuleThrift/src/main/java/com/sporger/server/thrift/interfaces/IBulletinGameDBThriftService.java" kind="unknown">/Code/TYServerV2/trunk/ModuleThrift/src/main/java/com/sporger/server/thrift/interfaces/IBulletinGameDBThriftService.java</path><path action="A" localPath="ModuleThrift/src/main/java/com/sporger/server/thrift/model/BulletinGameTM.java" kind="unknown">/Code/TYServerV2/trunk/ModuleThrift/src/main/java/com/sporger/server/thrift/model/BulletinGameTM.java</path><path action="M" localPath="ServerDB/src/main/java/com/sporger/server/db/service/BulletinOperationDBThriftService.java" kind="unknown">/Code/TYServerV2/trunk/ServerDB/src/main/java/com/sporger/server/db/service/BulletinOperationDBThriftService.java</path><path action="A" localPath="ModuleThrift/src/main/java/com/sporger/server/thrift/client/BulletinGameDBThriftClient.java" copyfrom-path="/Code/TYServerV2/trunk/ModuleThrift/src/main/java/com/sporger/server/thrift/client/BulletinOperationDBThriftClient.java" copyfrom-rev="7847" kind="unknown">/Code/TYServerV2/trunk/ModuleThrift/src/main/java/com/sporger/server/thrift/client/BulletinGameDBThriftClient.java</path><path action="A" localPath="ModuleThrift/src/main/java/com/sporger/server/thrift/model/MailTM.java" kind="unknown">/Code/TYServerV2/trunk/ModuleThrift/src/main/java/com/sporger/server/thrift/model/MailTM.java</path><path action="M" localPath="ModuleThrift/tools/thrift/DBBean.thrift" kind="unknown">/Code/TYServerV2/trunk/ModuleThrift/tools/thrift/DBBean.thrift</path></paths><msg>公告逻辑修改</msg></logentry></log>