<?xml version="1.0" encoding="UTF-8"?><log><logentry revision="7440"><author>jiangdingfu</author><date>2018-03-21T06:20:07.465115Z</date><paths><path action="M" localPath="Package/shell/svn/uploadFtp.sh" kind="unknown">/Code/TYServerV2/trunk/Package/shell/svn/uploadFtp.sh</path><path action="M" localPath="ServerDB/src/main/resources/mapper/main/marathonregister.xml" kind="unknown">/Code/TYServerV2/trunk/ServerDB/src/main/resources/mapper/main/marathonregister.xml</path><path action="M" localPath="ModuleProto/src/main/java/com/sporger/server/proto/model/ProtoCommon.java" kind="unknown">/Code/TYServerV2/trunk/ModuleProto/src/main/java/com/sporger/server/proto/model/ProtoCommon.java</path><path action="M" localPath="ModuleThrift/tools/thrift/DBModel.thrift" kind="unknown">/Code/TYServerV2/trunk/ModuleThrift/tools/thrift/DBModel.thrift</path><path action="M" localPath="ServerCenter/src/main/java/com/sporger/server/center/service/thrift/MarathonThriftService.java" kind="unknown">/Code/TYServerV2/trunk/ServerCenter/src/main/java/com/sporger/server/center/service/thrift/MarathonThriftService.java</path><path action="A" localPath="ModuleCommon/src/main/java/com/sporger/server/common/bean/MarathonResultCount.java" kind="unknown">/Code/TYServerV2/trunk/ModuleCommon/src/main/java/com/sporger/server/common/bean/MarathonResultCount.java</path><path action="M" localPath="ModuleThrift/src/main/java/com/sporger/server/thrift/model/MarathonRegisterTM.java" kind="unknown">/Code/TYServerV2/trunk/ModuleThrift/src/main/java/com/sporger/server/thrift/model/MarathonRegisterTM.java</path><path action="M" localPath="ServerGame/src/main/java/com/sporger/server/game/service/MarathonService.java" kind="unknown">/Code/TYServerV2/trunk/ServerGame/src/main/java/com/sporger/server/game/service/MarathonService.java</path><path action="M" localPath="ModuleProto/src/main/java/com/sporger/server/proto/util/ProtoUtil.java" kind="unknown">/Code/TYServerV2/trunk/ModuleProto/src/main/java/com/sporger/server/proto/util/ProtoUtil.java</path><path action="M" localPath="ModuleCommon/src/main/java/com/sporger/server/common/bean/MarathonEventInfo.java" kind="unknown">/Code/TYServerV2/trunk/ModuleCommon/src/main/java/com/sporger/server/common/bean/MarathonEventInfo.java</path><path action="M" localPath="ModuleProto/src/main/java/com/sporger/server/proto/model/ProtoMarathon.java" kind="unknown">/Code/TYServerV2/trunk/ModuleProto/src/main/java/com/sporger/server/proto/model/ProtoMarathon.java</path><path action="M" localPath="ServerGame/src/main/java/com/sporger/server/game/netty/NettyServer.java" kind="unknown">/Code/TYServerV2/trunk/ServerGame/src/main/java/com/sporger/server/game/netty/NettyServer.java</path><path action="M" localPath="ModuleRedis/src/main/java/com/sporger/server/redis/service/RedisMarathonRankService.java" kind="unknown">/Code/TYServerV2/trunk/ModuleRedis/src/main/java/com/sporger/server/redis/service/RedisMarathonRankService.java</path><path action="M" localPath="ModuleRedis/src/main/java/com/sporger/server/redis/dao/RedisMarathonRankDao.java" kind="unknown">/Code/TYServerV2/trunk/ModuleRedis/src/main/java/com/sporger/server/redis/dao/RedisMarathonRankDao.java</path><path action="M" localPath="ModuleThrift/src/main/java/com/sporger/server/thrift/client/MarathonRegisterDBThriftClient.java" kind="unknown">/Code/TYServerV2/trunk/ModuleThrift/src/main/java/com/sporger/server/thrift/client/MarathonRegisterDBThriftClient.java</path><path action="M" localPath="ServerGame/src/main/java/com/sporger/server/game/service/handler/MarathonHandler.java" kind="unknown">/Code/TYServerV2/trunk/ServerGame/src/main/java/com/sporger/server/game/service/handler/MarathonHandler.java</path></paths><msg>比赛逻辑修改</msg></logentry><logentry revision="7449"><author>jiangdingfu</author><date>2018-03-21T07:21:48.719942Z</date><paths><path action="M" localPath="ModuleCommon/src/main/java/com/sporger/server/common/util/DateUtil.java" kind="unknown">/Code/TYServerV2/trunk/ModuleCommon/src/main/java/com/sporger/server/common/util/DateUtil.java</path><path action="M" localPath="ServerCenter/src/main/java/com/sporger/server/center/service/thrift/MissionTraceThriftService.java" kind="unknown">/Code/TYServerV2/trunk/ServerCenter/src/main/java/com/sporger/server/center/service/thrift/MissionTraceThriftService.java</path></paths><msg>任务逻辑修改</msg></logentry><logentry revision="7452"><author>jiangdingfu</author><date>2018-03-21T07:57:52.303858Z</date><paths><path action="M" localPath="ServerGame/src/main/java/com/sporger/server/game/service/RainbowService.java" kind="unknown">/Code/TYServerV2/trunk/ServerGame/src/main/java/com/sporger/server/game/service/RainbowService.java</path></paths><msg>彩虹跑逻辑修改</msg></logentry><logentry revision="7459"><author>jiangdingfu</author><date>2018-03-21T08:45:15.933108Z</date><paths><path action="M" localPath="ServerDB/src/main/resources/mapper/main/marathonregister.xml" kind="unknown">/Code/TYServerV2/trunk/ServerDB/src/main/resources/mapper/main/marathonregister.xml</path><path action="M" localPath="ModuleThrift/src/main/java/com/sporger/server/thrift/client/MarathonRegisterDBThriftClient.java" kind="unknown">/Code/TYServerV2/trunk/ModuleThrift/src/main/java/com/sporger/server/thrift/client/MarathonRegisterDBThriftClient.java</path><path action="M" localPath="ServerGame/src/main/java/com/sporger/server/game/service/MarathonService.java" kind="unknown">/Code/TYServerV2/trunk/ServerGame/src/main/java/com/sporger/server/game/service/MarathonService.java</path></paths><msg>比赛逻辑修改</msg></logentry><logentry revision="7465"><author>jiangdingfu</author><date>2018-03-21T11:14:49.325506Z</date><paths><path action="M" localPath="ServerGame/src/main/java/com/sporger/server/game/service/thrift/SocketThriftService.java" kind="unknown">/Code/TYServerV2/trunk/ServerGame/src/main/java/com/sporger/server/game/service/thrift/SocketThriftService.java</path><path action="M" localPath="ModuleProto/src/main/java/com/sporger/server/proto/util/ProtoUtil.java" kind="unknown">/Code/TYServerV2/trunk/ModuleProto/src/main/java/com/sporger/server/proto/util/ProtoUtil.java</path><path action="M" localPath="ModuleCommon/src/main/java/com/sporger/server/common/bean/MarathonPlayer.java" kind="unknown">/Code/TYServerV2/trunk/ModuleCommon/src/main/java/com/sporger/server/common/bean/MarathonPlayer.java</path><path action="M" localPath="ServerGame/src/main/java/com/sporger/server/game/service/RainbowService.java" kind="unknown">/Code/TYServerV2/trunk/ServerGame/src/main/java/com/sporger/server/game/service/RainbowService.java</path><path action="M" localPath="ServerGame/src/main/java/com/sporger/server/game/model/RoomMarathonPlayer.java" kind="unknown">/Code/TYServerV2/trunk/ServerGame/src/main/java/com/sporger/server/game/model/RoomMarathonPlayer.java</path><path action="M" localPath="ServerCenter/src/main/java/com/sporger/server/center/service/thrift/MarathonThriftService.java" kind="unknown">/Code/TYServerV2/trunk/ServerCenter/src/main/java/com/sporger/server/center/service/thrift/MarathonThriftService.java</path><path action="M" localPath="ServerGame/src/main/java/com/sporger/server/game/service/handler/LoginHandler.java" kind="unknown">/Code/TYServerV2/trunk/ServerGame/src/main/java/com/sporger/server/game/service/handler/LoginHandler.java</path><path action="M" localPath="ModuleThrift/src/main/java/com/sporger/server/thrift/client/MarathonRegisterDBThriftClient.java" kind="unknown">/Code/TYServerV2/trunk/ModuleThrift/src/main/java/com/sporger/server/thrift/client/MarathonRegisterDBThriftClient.java</path><path action="M" localPath="ServerGame/src/main/java/com/sporger/server/game/service/MarathonService.java" kind="unknown">/Code/TYServerV2/trunk/ServerGame/src/main/java/com/sporger/server/game/service/MarathonService.java</path></paths><msg>比赛逻辑修改</msg></logentry><logentry revision="7468"><author>jiangdingfu</author><date>2018-03-21T11:48:01.190871Z</date><paths><path action="M" localPath="ServerGame/src/main/java/com/sporger/server/game/service/handler/MissionHandler.java" kind="unknown">/Code/TYServerV2/trunk/ServerGame/src/main/java/com/sporger/server/game/service/handler/MissionHandler.java</path><path action="M" localPath="ServerCenter/src/main/java/com/sporger/server/center/service/thrift/MissionTraceThriftService.java" kind="unknown">/Code/TYServerV2/trunk/ServerCenter/src/main/java/com/sporger/server/center/service/thrift/MissionTraceThriftService.java</path></paths><msg>任务逻辑修改</msg></logentry><logentry revision="7469"><author>jiangdingfu</author><date>2018-03-21T11:56:27.727526Z</date><paths><path action="M" localPath="ServerGame/src/main/java/com/sporger/server/game/service/handler/MarathonHandler.java" kind="unknown">/Code/TYServerV2/trunk/ServerGame/src/main/java/com/sporger/server/game/service/handler/MarathonHandler.java</path></paths><msg>比赛逻辑修改</msg></logentry><logentry revision="7474"><author>jiangdingfu</author><date>2018-03-21T12:48:14.631473Z</date><paths><path action="M" localPath="ModuleCommon/src/main/java/com/sporger/server/common/service/ThreadService.java" kind="unknown">/Code/TYServerV2/trunk/ModuleCommon/src/main/java/com/sporger/server/common/service/ThreadService.java</path><path action="M" localPath="ServerCenter/src/main/java/com/sporger/server/center/service/thrift/MarathonThriftService.java" kind="unknown">/Code/TYServerV2/trunk/ServerCenter/src/main/java/com/sporger/server/center/service/thrift/MarathonThriftService.java</path><path action="M" localPath="ServerGame/src/main/java/com/sporger/server/game/service/handler/MarathonHandler.java" kind="unknown">/Code/TYServerV2/trunk/ServerGame/src/main/java/com/sporger/server/game/service/handler/MarathonHandler.java</path></paths><msg>比赛逻辑修改</msg></logentry></log>