<?xml version="1.0" encoding="UTF-8"?><log><logentry revision="9367"><author>fanwentao</author><date>2018-05-11T06:51:07.647877Z</date><paths><path action="M" localPath="ModuleDB/src/main/resources/mapper/main/userStatistic.xml" kind="unknown">/Code/TYServerV2/trunk/ModuleDB/src/main/resources/mapper/main/userStatistic.xml</path><path action="A" localPath="ServerManage/src/main/java/com/sporger/server/manage/service/MarathonResultService.java" copyfrom-path="/Code/TYServerV2/trunk/ServerManage/src/main/java/com/sporger/server/manage/service/ResultService.java" copyfrom-rev="9366" kind="unknown">/Code/TYServerV2/trunk/ServerManage/src/main/java/com/sporger/server/manage/service/MarathonResultService.java</path><path action="M" localPath="ServerManage/src/main/java/com/sporger/server/manage/controller/StatisticsController.java" kind="unknown">/Code/TYServerV2/trunk/ServerManage/src/main/java/com/sporger/server/manage/controller/StatisticsController.java</path><path action="M" localPath="ServerManage/src/main/java/com/sporger/server/manage/controller/RedisController.java" kind="unknown">/Code/TYServerV2/trunk/ServerManage/src/main/java/com/sporger/server/manage/controller/RedisController.java</path><path action="M" localPath="ServerManage/src/main/java/com/sporger/server/manage/controller/GameResultController.java" kind="unknown">/Code/TYServerV2/trunk/ServerManage/src/main/java/com/sporger/server/manage/controller/GameResultController.java</path><path action="D" localPath="ServerManage/src/main/java/com/sporger/server/manage/service/ResultService.java" kind="unknown">/Code/TYServerV2/trunk/ServerManage/src/main/java/com/sporger/server/manage/service/ResultService.java</path></paths><msg>统计登入数量</msg></logentry><logentry revision="9370"><author>jiangdingfu</author><date>2018-05-11T07:08:12.155018Z</date><paths><path action="A" localPath="ModuleCommon/src/main/java/com/sporger/server/common/model" kind="unknown">/Code/TYServerV2/trunk/ModuleCommon/src/main/java/com/sporger/server/common/model</path><path action="M" localPath="ServerCenter/src/main/java/com/sporger/server/center/service/BulletinOperationService.java" kind="unknown">/Code/TYServerV2/trunk/ServerCenter/src/main/java/com/sporger/server/center/service/BulletinOperationService.java</path><path action="M" localPath="ModuleThrift/src/main/java/com/sporger/server/thrift/conf/BaseZooKeeper.java" kind="unknown">/Code/TYServerV2/trunk/ModuleThrift/src/main/java/com/sporger/server/thrift/conf/BaseZooKeeper.java</path><path action="M" localPath="ServerManage/src/main/java/com/sporger/server/manage/controller/BulletinGameController.java" kind="unknown">/Code/TYServerV2/trunk/ServerManage/src/main/java/com/sporger/server/manage/controller/BulletinGameController.java</path><path action="M" localPath="ModuleDB/src/main/java/com/sporger/server/db/dao/main/BulletinOperationMapper.java" kind="unknown">/Code/TYServerV2/trunk/ModuleDB/src/main/java/com/sporger/server/db/dao/main/BulletinOperationMapper.java</path><path action="M" localPath="ModuleThrift/src/main/java/com/sporger/server/thrift/conf/BaseThrift.java" kind="unknown">/Code/TYServerV2/trunk/ModuleThrift/src/main/java/com/sporger/server/thrift/conf/BaseThrift.java</path><path action="A" localPath="ModuleCommon/src/main/java/com/sporger/server/common/model/BulletinGame.java" kind="unknown">/Code/TYServerV2/trunk/ModuleCommon/src/main/java/com/sporger/server/common/model/BulletinGame.java</path><path action="M" localPath="ServerManage/src/main/java/com/sporger/server/manage/controller/BulletinOperationController.java" kind="unknown">/Code/TYServerV2/trunk/ServerManage/src/main/java/com/sporger/server/manage/controller/BulletinOperationController.java</path><path action="M" localPath="ModuleDB/src/main/java/com/sporger/server/db/service/BulletinOperationDBService.java" kind="unknown">/Code/TYServerV2/trunk/ModuleDB/src/main/java/com/sporger/server/db/service/BulletinOperationDBService.java</path><path action="M" localPath="ModuleDB/src/main/resources/mapper/main/bulletinGame.xml" kind="unknown">/Code/TYServerV2/trunk/ModuleDB/src/main/resources/mapper/main/bulletinGame.xml</path><path action="A" localPath="ModuleCommon/src/main/java/com/sporger/server/common/model/BulletinOperation.java" kind="unknown">/Code/TYServerV2/trunk/ModuleCommon/src/main/java/com/sporger/server/common/model/BulletinOperation.java</path><path action="M" localPath="ModuleDB/src/main/resources/mapper/main/bulletinOperation.xml" kind="unknown">/Code/TYServerV2/trunk/ModuleDB/src/main/resources/mapper/main/bulletinOperation.xml</path><path action="M" localPath="ModuleDB/src/main/java/com/sporger/server/db/service/BulletinGameDBService.java" kind="unknown">/Code/TYServerV2/trunk/ModuleDB/src/main/java/com/sporger/server/db/service/BulletinGameDBService.java</path><path action="M" localPath="ModuleDB/src/main/java/com/sporger/server/db/dao/main/BulletinGameMapper.java" kind="unknown">/Code/TYServerV2/trunk/ModuleDB/src/main/java/com/sporger/server/db/dao/main/BulletinGameMapper.java</path></paths><msg>Model封装逻辑修改</msg></logentry><logentry revision="9371"><author>jiangdingfu</author><date>2018-05-11T07:08:29.358943Z</date><paths><path action="M" localPath="ModuleDB/src/main/resources/mapper/main/circleEntry.xml" kind="unknown">/Code/TYServerV2/trunk/ModuleDB/src/main/resources/mapper/main/circleEntry.xml</path><path action="M" localPath="ServerRest/src/main/java/com/sporger/server/rest/controller/CircleController.java" kind="unknown">/Code/TYServerV2/trunk/ServerRest/src/main/java/com/sporger/server/rest/controller/CircleController.java</path><path action="M" localPath="ModuleThrift/tools/thrift/CenterService.thrift" kind="unknown">/Code/TYServerV2/trunk/ModuleThrift/tools/thrift/CenterService.thrift</path><path action="M" localPath="ModuleDB/src/main/java/com/sporger/server/db/dao/main/CircleEntryMapper.java" kind="unknown">/Code/TYServerV2/trunk/ModuleDB/src/main/java/com/sporger/server/db/dao/main/CircleEntryMapper.java</path><path action="M" localPath="ModuleDB/src/main/java/com/sporger/server/db/dao/main/ChatRoomMapper.java" kind="unknown">/Code/TYServerV2/trunk/ModuleDB/src/main/java/com/sporger/server/db/dao/main/ChatRoomMapper.java</path><path action="M" localPath="ServerGame/src/main/java/com/sporger/server/game/service/CareerService.java" kind="unknown">/Code/TYServerV2/trunk/ServerGame/src/main/java/com/sporger/server/game/service/CareerService.java</path><path action="M" localPath="ModuleDB/src/main/resources/mapper/main/chatRoom.xml" kind="unknown">/Code/TYServerV2/trunk/ModuleDB/src/main/resources/mapper/main/chatRoom.xml</path><path action="M" localPath="ModuleDB/src/main/java/com/sporger/server/db/service/ChatRoomDBService.java" kind="unknown">/Code/TYServerV2/trunk/ModuleDB/src/main/java/com/sporger/server/db/service/ChatRoomDBService.java</path><path action="A" localPath="ModuleCommon/src/main/java/com/sporger/server/common/model/CircleEntry.java" kind="unknown">/Code/TYServerV2/trunk/ModuleCommon/src/main/java/com/sporger/server/common/model/CircleEntry.java</path><path action="M" localPath="ServerGame/src/main/java/com/sporger/server/game/service/handler/CharacterHandler.java" kind="unknown">/Code/TYServerV2/trunk/ServerGame/src/main/java/com/sporger/server/game/service/handler/CharacterHandler.java</path><path action="M" localPath="ModuleDB/src/main/java/com/sporger/server/db/service/CircleEntryDBService.java" kind="unknown">/Code/TYServerV2/trunk/ModuleDB/src/main/java/com/sporger/server/db/service/CircleEntryDBService.java</path><path action="A" localPath="ModuleCommon/src/main/java/com/sporger/server/common/model/ChatRoom.java" kind="unknown">/Code/TYServerV2/trunk/ModuleCommon/src/main/java/com/sporger/server/common/model/ChatRoom.java</path></paths><msg>Model封装逻辑修改</msg></logentry><logentry revision="9372"><author>jiangdingfu</author><date>2018-05-11T07:08:42.045068Z</date><paths><path action="M" localPath="ServerGame/src/main/java/com/sporger/server/game/service/FamService.java" kind="unknown">/Code/TYServerV2/trunk/ServerGame/src/main/java/com/sporger/server/game/service/FamService.java</path><path action="M" localPath="ServerGame/src/main/java/com/sporger/server/game/service/DataService.java" kind="unknown">/Code/TYServerV2/trunk/ServerGame/src/main/java/com/sporger/server/game/service/DataService.java</path><path action="M" localPath="ServerGame/src/main/java/com/sporger/server/game/service/CompeteService.java" kind="unknown">/Code/TYServerV2/trunk/ServerGame/src/main/java/com/sporger/server/game/service/CompeteService.java</path><path action="M" localPath="ModuleThrift/tools/thrift/DBModel.thrift" kind="unknown">/Code/TYServerV2/trunk/ModuleThrift/tools/thrift/DBModel.thrift</path><path action="M" localPath="ModuleDB/src/main/java/com/sporger/server/db/dao/main/CommentMapper.java" kind="unknown">/Code/TYServerV2/trunk/ModuleDB/src/main/java/com/sporger/server/db/dao/main/CommentMapper.java</path><path action="M" localPath="ServerRest/src/main/java/com/sporger/server/rest/controller/CommentController.java" kind="unknown">/Code/TYServerV2/trunk/ServerRest/src/main/java/com/sporger/server/rest/controller/CommentController.java</path><path action="M" localPath="ServerGame/src/main/java/com/sporger/server/game/service/handler/CompeteHandler.java" kind="unknown">/Code/TYServerV2/trunk/ServerGame/src/main/java/com/sporger/server/game/service/handler/CompeteHandler.java</path><path action="M" localPath="ModuleDB/src/main/java/com/sporger/server/db/service/CommentDBService.java" kind="unknown">/Code/TYServerV2/trunk/ModuleDB/src/main/java/com/sporger/server/db/service/CommentDBService.java</path><path action="M" localPath="ModuleDB/src/main/resources/mapper/main/comment.xml" kind="unknown">/Code/TYServerV2/trunk/ModuleDB/src/main/resources/mapper/main/comment.xml</path><path action="A" localPath="ModuleCommon/src/main/java/com/sporger/server/common/model/Comment.java" kind="unknown">/Code/TYServerV2/trunk/ModuleCommon/src/main/java/com/sporger/server/common/model/Comment.java</path></paths><msg>Model封装逻辑修改</msg></logentry><logentry revision="9373"><author>jiangdingfu</author><date>2018-05-11T07:09:06.317156Z</date><paths><path action="M" localPath="ModuleDB/src/main/java/com/sporger/server/db/dao/gate/InvitationCodeMapper.java" kind="unknown">/Code/TYServerV2/trunk/ModuleDB/src/main/java/com/sporger/server/db/dao/gate/InvitationCodeMapper.java</path><path action="M" localPath="ServerGame/src/main/java/com/sporger/server/game/service/FreeService.java" kind="unknown">/Code/TYServerV2/trunk/ServerGame/src/main/java/com/sporger/server/game/service/FreeService.java</path><path action="M" localPath="ServerGame/src/main/java/com/sporger/server/game/service/handler/FriendHandler.java" kind="unknown">/Code/TYServerV2/trunk/ServerGame/src/main/java/com/sporger/server/game/service/handler/FriendHandler.java</path><path action="M" localPath="ServerManage/src/main/java/com/sporger/server/manage/controller/InvitationCodeController.java" kind="unknown">/Code/TYServerV2/trunk/ServerManage/src/main/java/com/sporger/server/manage/controller/InvitationCodeController.java</path><path action="M" localPath="ModuleDB/src/main/resources/mapper/gate/invitationCode.xml" kind="unknown">/Code/TYServerV2/trunk/ModuleDB/src/main/resources/mapper/gate/invitationCode.xml</path><path action="M" localPath="ModuleDB/src/main/java/com/sporger/server/db/service/InvitationCodeDBService.java" kind="unknown">/Code/TYServerV2/trunk/ModuleDB/src/main/java/com/sporger/server/db/service/InvitationCodeDBService.java</path><path action="A" localPath="ModuleCommon/src/main/java/com/sporger/server/common/model/InvitationCode.java" kind="unknown">/Code/TYServerV2/trunk/ModuleCommon/src/main/java/com/sporger/server/common/model/InvitationCode.java</path><path action="M" localPath="ServerGame/src/main/java/com/sporger/server/game/service/handler/GMHandler.java" kind="unknown">/Code/TYServerV2/trunk/ServerGame/src/main/java/com/sporger/server/game/service/handler/GMHandler.java</path><path action="M" localPath="ServerManage/src/main/java/com/sporger/server/manage/controller/GameResultController.java" kind="unknown">/Code/TYServerV2/trunk/ServerManage/src/main/java/com/sporger/server/manage/controller/GameResultController.java</path></paths><msg>Model封装逻辑修改</msg></logentry><logentry revision="9374"><author>jiangdingfu</author><date>2018-05-11T07:09:19.400350Z</date><paths><path action="M" localPath="ModuleDB/src/main/java/com/sporger/server/db/service/LogDBService.java" kind="unknown">/Code/TYServerV2/trunk/ModuleDB/src/main/java/com/sporger/server/db/service/LogDBService.java</path><path action="M" localPath="ModuleDB/src/main/java/com/sporger/server/db/dao/main/MailMapper.java" kind="unknown">/Code/TYServerV2/trunk/ModuleDB/src/main/java/com/sporger/server/db/dao/main/MailMapper.java</path><path action="M" localPath="ModuleDB/src/main/resources/mapper/main/log.xml" kind="unknown">/Code/TYServerV2/trunk/ModuleDB/src/main/resources/mapper/main/log.xml</path><path action="M" localPath="ModuleDB/src/main/java/com/sporger/server/db/dao/main/LogMapper.java" kind="unknown">/Code/TYServerV2/trunk/ModuleDB/src/main/java/com/sporger/server/db/dao/main/LogMapper.java</path><path action="A" localPath="ModuleCommon/src/main/java/com/sporger/server/common/model/Log.java" kind="unknown">/Code/TYServerV2/trunk/ModuleCommon/src/main/java/com/sporger/server/common/model/Log.java</path><path action="A" localPath="ModuleCommon/src/main/java/com/sporger/server/common/model/Mail.java" kind="unknown">/Code/TYServerV2/trunk/ModuleCommon/src/main/java/com/sporger/server/common/model/Mail.java</path><path action="M" localPath="ModuleDB/src/main/resources/mapper/main/mail.xml" kind="unknown">/Code/TYServerV2/trunk/ModuleDB/src/main/resources/mapper/main/mail.xml</path><path action="M" localPath="ModuleDB/src/main/java/com/sporger/server/db/service/MailDBService.java" kind="unknown">/Code/TYServerV2/trunk/ModuleDB/src/main/java/com/sporger/server/db/service/MailDBService.java</path><path action="M" localPath="ServerGate/src/main/java/com/sporger/server/gate/controller/LoginController.java" kind="unknown">/Code/TYServerV2/trunk/ServerGate/src/main/java/com/sporger/server/gate/controller/LoginController.java</path><path action="M" localPath="ServerGame/src/main/java/com/sporger/server/game/service/handler/LoginHandler.java" kind="unknown">/Code/TYServerV2/trunk/ServerGame/src/main/java/com/sporger/server/game/service/handler/LoginHandler.java</path><path action="M" localPath="ModuleThrift/src/main/java/com/sporger/server/thrift/interfaces/IUserThriftService.java" kind="unknown">/Code/TYServerV2/trunk/ModuleThrift/src/main/java/com/sporger/server/thrift/interfaces/IUserThriftService.java</path><path action="M" localPath="ServerGame/src/main/java/com/sporger/server/game/service/handler/MailHandler.java" kind="unknown">/Code/TYServerV2/trunk/ServerGame/src/main/java/com/sporger/server/game/service/handler/MailHandler.java</path></paths><msg>Model封装逻辑修改</msg></logentry><logentry revision="9375"><author>jiangdingfu</author><date>2018-05-11T07:09:34.674410Z</date><paths><path action="M" localPath="ModuleDB/src/main/java/com/sporger/server/db/dao/main/MarathonMapper.java" kind="unknown">/Code/TYServerV2/trunk/ModuleDB/src/main/java/com/sporger/server/db/dao/main/MarathonMapper.java</path><path action="A" localPath="ModuleCommon/src/main/java/com/sporger/server/common/model/Mission.java" kind="unknown">/Code/TYServerV2/trunk/ModuleCommon/src/main/java/com/sporger/server/common/model/Mission.java</path><path action="M" localPath="ServerCenter/src/main/java/com/sporger/server/center/service/MarathonTraceService.java" kind="unknown">/Code/TYServerV2/trunk/ServerCenter/src/main/java/com/sporger/server/center/service/MarathonTraceService.java</path><path action="M" localPath="ServerManage/src/main/java/com/sporger/server/manage/service/MarathonResultService.java" kind="unknown">/Code/TYServerV2/trunk/ServerManage/src/main/java/com/sporger/server/manage/service/MarathonResultService.java</path><path action="M" localPath="ServerManage/src/main/java/com/sporger/server/manage/service/MarathonEventService.java" kind="unknown">/Code/TYServerV2/trunk/ServerManage/src/main/java/com/sporger/server/manage/service/MarathonEventService.java</path><path action="M" localPath="ModuleDB/src/main/java/com/sporger/server/db/service/MissionDBService.java" kind="unknown">/Code/TYServerV2/trunk/ModuleDB/src/main/java/com/sporger/server/db/service/MissionDBService.java</path><path action="M" localPath="ModuleDB/src/main/resources/mapper/main/mission.xml" kind="unknown">/Code/TYServerV2/trunk/ModuleDB/src/main/resources/mapper/main/mission.xml</path><path action="M" localPath="ModuleDB/src/main/java/com/sporger/server/db/dao/main/MissionMapper.java" kind="unknown">/Code/TYServerV2/trunk/ModuleDB/src/main/java/com/sporger/server/db/dao/main/MissionMapper.java</path><path action="M" localPath="ModuleDB/src/main/resources/mapper/main/marathon.xml" kind="unknown">/Code/TYServerV2/trunk/ModuleDB/src/main/resources/mapper/main/marathon.xml</path><path action="M" localPath="ModuleDB/src/main/java/com/sporger/server/db/service/MarathonDBService.java" kind="unknown">/Code/TYServerV2/trunk/ModuleDB/src/main/java/com/sporger/server/db/service/MarathonDBService.java</path><path action="A" localPath="ModuleCommon/src/main/java/com/sporger/server/common/model/Marathon.java" kind="unknown">/Code/TYServerV2/trunk/ModuleCommon/src/main/java/com/sporger/server/common/model/Marathon.java</path><path action="M" localPath="ServerGame/src/main/java/com/sporger/server/game/service/handler/MarathonHandler.java" kind="unknown">/Code/TYServerV2/trunk/ServerGame/src/main/java/com/sporger/server/game/service/handler/MarathonHandler.java</path><path action="M" localPath="ServerGame/src/main/java/com/sporger/server/game/service/MarathonService.java" kind="unknown">/Code/TYServerV2/trunk/ServerGame/src/main/java/com/sporger/server/game/service/MarathonService.java</path></paths><msg>Model封装逻辑修改</msg></logentry><logentry revision="9376"><author>jiangdingfu</author><date>2018-05-11T07:09:51.625593Z</date><paths><path action="M" localPath="ServerRest/src/main/java/com/sporger/server/rest/controller/MovementController.java" kind="unknown">/Code/TYServerV2/trunk/ServerRest/src/main/java/com/sporger/server/rest/controller/MovementController.java</path><path action="A" localPath="ModuleCommon/src/main/java/com/sporger/server/common/model/Movement.java" kind="unknown">/Code/TYServerV2/trunk/ModuleCommon/src/main/java/com/sporger/server/common/model/Movement.java</path><path action="M" localPath="ModuleDB/src/main/resources/mapper/main/movement.xml" kind="unknown">/Code/TYServerV2/trunk/ModuleDB/src/main/resources/mapper/main/movement.xml</path><path action="M" localPath="ModuleDB/src/main/java/com/sporger/server/db/service/MovementDBService.java" kind="unknown">/Code/TYServerV2/trunk/ModuleDB/src/main/java/com/sporger/server/db/service/MovementDBService.java</path><path action="M" localPath="ServerGame/src/main/java/com/sporger/server/game/service/handler/MovementHandler.java" kind="unknown">/Code/TYServerV2/trunk/ServerGame/src/main/java/com/sporger/server/game/service/handler/MovementHandler.java</path><path action="M" localPath="ModuleDB/src/main/java/com/sporger/server/db/dao/main/MovementMapper.java" kind="unknown">/Code/TYServerV2/trunk/ModuleDB/src/main/java/com/sporger/server/db/dao/main/MovementMapper.java</path><path action="M" localPath="ServerManage/src/main/java/com/sporger/server/manage/controller/MoneyController.java" kind="unknown">/Code/TYServerV2/trunk/ServerManage/src/main/java/com/sporger/server/manage/controller/MoneyController.java</path><path action="M" localPath="ServerCenter/src/main/java/com/sporger/server/center/service/thrift/MissionTraceThriftService.java" kind="unknown">/Code/TYServerV2/trunk/ServerCenter/src/main/java/com/sporger/server/center/service/thrift/MissionTraceThriftService.java</path></paths><msg>Model封装逻辑修改</msg></logentry><logentry revision="9377"><author>jiangdingfu</author><date>2018-05-11T07:10:11.178749Z</date><paths><path action="M" localPath="ModuleDB/src/main/java/com/sporger/server/db/service/OrgDBService.java" kind="unknown">/Code/TYServerV2/trunk/ModuleDB/src/main/java/com/sporger/server/db/service/OrgDBService.java</path><path action="M" localPath="ModuleRedis/pom.xml" kind="unknown">/Code/TYServerV2/trunk/ModuleRedis/pom.xml</path><path action="M" localPath="ModuleRedis/src/main/java/com/sporger/server/redis/service/RedisMissionService.java" kind="unknown">/Code/TYServerV2/trunk/ModuleRedis/src/main/java/com/sporger/server/redis/service/RedisMissionService.java</path><path action="M" localPath="ModuleDB/src/main/java/com/sporger/server/db/mq/MqMailHandler.java" kind="unknown">/Code/TYServerV2/trunk/ModuleDB/src/main/java/com/sporger/server/db/mq/MqMailHandler.java</path><path action="M" localPath="ModuleRedis/src/main/java/com/sporger/server/redis/service/RedisChatRoomService.java" kind="unknown">/Code/TYServerV2/trunk/ModuleRedis/src/main/java/com/sporger/server/redis/service/RedisChatRoomService.java</path><path action="M" localPath="ModuleRedis/src/main/java/com/sporger/server/redis/dao/RedisMissionDao.java" kind="unknown">/Code/TYServerV2/trunk/ModuleRedis/src/main/java/com/sporger/server/redis/dao/RedisMissionDao.java</path><path action="M" localPath="ModuleDB/src/main/java/com/sporger/server/db/dao/gate/OrgMapper.java" kind="unknown">/Code/TYServerV2/trunk/ModuleDB/src/main/java/com/sporger/server/db/dao/gate/OrgMapper.java</path><path action="M" localPath="ModuleRedis/src/main/java/com/sporger/server/redis/dao/RedisSocketMsgDao.java" kind="unknown">/Code/TYServerV2/trunk/ModuleRedis/src/main/java/com/sporger/server/redis/dao/RedisSocketMsgDao.java</path><path action="M" localPath="ModuleProto/pom.xml" kind="unknown">/Code/TYServerV2/trunk/ModuleProto/pom.xml</path><path action="M" localPath="ModuleProto/src/main/java/com/sporger/server/proto/util/ProtoUtil.java" kind="unknown">/Code/TYServerV2/trunk/ModuleProto/src/main/java/com/sporger/server/proto/util/ProtoUtil.java</path><path action="M" localPath="ServerManage/src/main/java/com/sporger/server/manage/mq/MqRoomHandler.java" kind="unknown">/Code/TYServerV2/trunk/ServerManage/src/main/java/com/sporger/server/manage/mq/MqRoomHandler.java</path><path action="M" localPath="ModuleDB/src/main/resources/mapper/gate/org.xml" kind="unknown">/Code/TYServerV2/trunk/ModuleDB/src/main/resources/mapper/gate/org.xml</path><path action="M" localPath="ModuleDB/src/main/java/com/sporger/server/db/mq/MqDBProducerService.java" kind="unknown">/Code/TYServerV2/trunk/ModuleDB/src/main/java/com/sporger/server/db/mq/MqDBProducerService.java</path><path action="M" localPath="ModuleRedis/src/main/java/com/sporger/server/redis/service/RedisUGOService.java" kind="unknown">/Code/TYServerV2/trunk/ModuleRedis/src/main/java/com/sporger/server/redis/service/RedisUGOService.java</path><path action="M" localPath="ModuleRedis/src/main/java/com/sporger/server/redis/service/RedisSindexService.java" kind="unknown">/Code/TYServerV2/trunk/ModuleRedis/src/main/java/com/sporger/server/redis/service/RedisSindexService.java</path><path action="M" localPath="ServerGame/src/main/java/com/sporger/server/game/mq/MqProducerService.java" kind="unknown">/Code/TYServerV2/trunk/ServerGame/src/main/java/com/sporger/server/game/mq/MqProducerService.java</path><path action="M" localPath="ModuleRedis/src/main/java/com/sporger/server/redis/dao/RedisSindexDao.java" kind="unknown">/Code/TYServerV2/trunk/ModuleRedis/src/main/java/com/sporger/server/redis/dao/RedisSindexDao.java</path><path action="A" localPath="ModuleCommon/src/main/java/com/sporger/server/common/model/Org.java" kind="unknown">/Code/TYServerV2/trunk/ModuleCommon/src/main/java/com/sporger/server/common/model/Org.java</path><path action="M" localPath="ModuleRedis/src/main/java/com/sporger/server/redis/service/RedisMarathonRankService.java" kind="unknown">/Code/TYServerV2/trunk/ModuleRedis/src/main/java/com/sporger/server/redis/service/RedisMarathonRankService.java</path><path action="M" localPath="ModuleRedis/src/main/java/com/sporger/server/redis/dao/RedisMarathonRankDao.java" kind="unknown">/Code/TYServerV2/trunk/ModuleRedis/src/main/java/com/sporger/server/redis/dao/RedisMarathonRankDao.java</path><path action="M" localPath="ModuleRedis/src/main/java/com/sporger/server/redis/service/RedisBulletinRuleService.java" kind="unknown">/Code/TYServerV2/trunk/ModuleRedis/src/main/java/com/sporger/server/redis/service/RedisBulletinRuleService.java</path><path action="M" localPath="ModuleRedis/src/main/java/com/sporger/server/redis/dao/RedisBulletinRuleDao.java" kind="unknown">/Code/TYServerV2/trunk/ModuleRedis/src/main/java/com/sporger/server/redis/dao/RedisBulletinRuleDao.java</path><path action="M" localPath="ModuleDB/src/main/java/com/sporger/server/db/mq/MqLogHandler.java" kind="unknown">/Code/TYServerV2/trunk/ModuleDB/src/main/java/com/sporger/server/db/mq/MqLogHandler.java</path><path action="M" localPath="ModuleRedis/src/main/java/com/sporger/server/redis/dao/RedisUGODao.java" kind="unknown">/Code/TYServerV2/trunk/ModuleRedis/src/main/java/com/sporger/server/redis/dao/RedisUGODao.java</path><path action="M" localPath="ServerCenter/src/main/java/com/sporger/server/center/mq/MqProducerService.java" kind="unknown">/Code/TYServerV2/trunk/ServerCenter/src/main/java/com/sporger/server/center/mq/MqProducerService.java</path></paths><msg>Model封装逻辑修改</msg></logentry><logentry revision="9378"><author>jiangdingfu</author><date>2018-05-11T07:10:26.143973Z</date><paths><path action="M" localPath="ModuleConfig/src/main/java/com/sporger/server/config/service/SindexConfigService.java" kind="unknown">/Code/TYServerV2/trunk/ModuleConfig/src/main/java/com/sporger/server/config/service/SindexConfigService.java</path><path action="M" localPath="ModuleDB/src/main/java/com/sporger/server/db/service/RoomDBService.java" kind="unknown">/Code/TYServerV2/trunk/ModuleDB/src/main/java/com/sporger/server/db/service/RoomDBService.java</path><path action="M" localPath="ServerCenter/src/main/java/com/sporger/server/center/service/SindexService.java" kind="unknown">/Code/TYServerV2/trunk/ServerCenter/src/main/java/com/sporger/server/center/service/SindexService.java</path><path action="M" localPath="ServerRest/src/main/java/com/sporger/server/rest/controller/SindexController.java" kind="unknown">/Code/TYServerV2/trunk/ServerRest/src/main/java/com/sporger/server/rest/controller/SindexController.java</path><path action="A" localPath="ModuleCommon/src/main/java/com/sporger/server/common/model/Sindex.java" kind="unknown">/Code/TYServerV2/trunk/ModuleCommon/src/main/java/com/sporger/server/common/model/Sindex.java</path><path action="M" localPath="ModuleDB/src/main/resources/mapper/main/sindex.xml" kind="unknown">/Code/TYServerV2/trunk/ModuleDB/src/main/resources/mapper/main/sindex.xml</path><path action="M" localPath="ServerGame/src/main/java/com/sporger/server/game/service/RoomService.java" kind="unknown">/Code/TYServerV2/trunk/ServerGame/src/main/java/com/sporger/server/game/service/RoomService.java</path><path action="M" localPath="ModuleDB/src/main/java/com/sporger/server/db/service/SindexDBService.java" kind="unknown">/Code/TYServerV2/trunk/ModuleDB/src/main/java/com/sporger/server/db/service/SindexDBService.java</path><path action="M" localPath="ServerGame/src/main/java/com/sporger/server/game/model/RoomMarathonPlayer.java" kind="unknown">/Code/TYServerV2/trunk/ServerGame/src/main/java/com/sporger/server/game/model/RoomMarathonPlayer.java</path><path action="M" localPath="ServerGame/src/main/java/com/sporger/server/game/service/RoomSportService.java" kind="unknown">/Code/TYServerV2/trunk/ServerGame/src/main/java/com/sporger/server/game/service/RoomSportService.java</path><path action="A" localPath="ModuleCommon/src/main/java/com/sporger/server/common/model/Room.java" kind="unknown">/Code/TYServerV2/trunk/ModuleCommon/src/main/java/com/sporger/server/common/model/Room.java</path><path action="M" localPath="ModuleDB/src/main/java/com/sporger/server/db/dao/main/SindexMapper.java" kind="unknown">/Code/TYServerV2/trunk/ModuleDB/src/main/java/com/sporger/server/db/dao/main/SindexMapper.java</path><path action="M" localPath="ModuleDB/src/main/java/com/sporger/server/db/dao/main/RoomMapper.java" kind="unknown">/Code/TYServerV2/trunk/ModuleDB/src/main/java/com/sporger/server/db/dao/main/RoomMapper.java</path><path action="M" localPath="ServerGame/src/main/java/com/sporger/server/game/model/RoomSportPlayer.java" kind="unknown">/Code/TYServerV2/trunk/ServerGame/src/main/java/com/sporger/server/game/model/RoomSportPlayer.java</path><path action="M" localPath="ModuleDB/src/main/resources/mapper/main/room.xml" kind="unknown">/Code/TYServerV2/trunk/ModuleDB/src/main/resources/mapper/main/room.xml</path></paths><msg>Model封装逻辑修改</msg></logentry><logentry revision="9379"><author>jiangdingfu</author><date>2018-05-11T07:10:39.759377Z</date><paths><path action="M" localPath="ServerCenter/src/main/java/com/sporger/server/center/service/TimedTaskService.java" kind="unknown">/Code/TYServerV2/trunk/ServerCenter/src/main/java/com/sporger/server/center/service/TimedTaskService.java</path><path action="M" localPath="ModuleThrift/src/main/resources/thrift/thrift.properties" kind="unknown">/Code/TYServerV2/trunk/ModuleThrift/src/main/resources/thrift/thrift.properties</path><path action="A" localPath="ModuleCommon/src/main/java/com/sporger/server/common/model/UGO.java" kind="unknown">/Code/TYServerV2/trunk/ModuleCommon/src/main/java/com/sporger/server/common/model/UGO.java</path><path action="M" localPath="ModuleCommon/src/main/java/com/sporger/server/common/conf/SporgerCommon.java" kind="unknown">/Code/TYServerV2/trunk/ModuleCommon/src/main/java/com/sporger/server/common/conf/SporgerCommon.java</path><path action="M" localPath="ServerCenter/src/main/java/com/sporger/server/center/bean/StatsSindex.java" kind="unknown">/Code/TYServerV2/trunk/ServerCenter/src/main/java/com/sporger/server/center/bean/StatsSindex.java</path><path action="M" localPath="ServerGame/src/main/java/com/sporger/server/game/service/handler/SquareHandler.java" kind="unknown">/Code/TYServerV2/trunk/ServerGame/src/main/java/com/sporger/server/game/service/handler/SquareHandler.java</path><path action="M" localPath="ModuleDB/src/main/java/com/sporger/server/db/dao/main/StatisticMapper.java" kind="unknown">/Code/TYServerV2/trunk/ModuleDB/src/main/java/com/sporger/server/db/dao/main/StatisticMapper.java</path><path action="M" localPath="ServerCenter/src/main/java/com/sporger/server/center/conf/ThriftConfig.java" kind="unknown">/Code/TYServerV2/trunk/ServerCenter/src/main/java/com/sporger/server/center/conf/ThriftConfig.java</path><path action="M" localPath="ServerManage/src/main/java/com/sporger/server/manage/controller/StatisticsController.java" kind="unknown">/Code/TYServerV2/trunk/ServerManage/src/main/java/com/sporger/server/manage/controller/StatisticsController.java</path><path action="M" localPath="ModuleDB/src/main/java/com/sporger/server/db/service/StatisticDBService.java" kind="unknown">/Code/TYServerV2/trunk/ModuleDB/src/main/java/com/sporger/server/db/service/StatisticDBService.java</path><path action="A" localPath="ModuleCommon/src/main/java/com/sporger/server/common/model/SubOrg.java" kind="unknown">/Code/TYServerV2/trunk/ModuleCommon/src/main/java/com/sporger/server/common/model/SubOrg.java</path></paths><msg>Model封装逻辑修改</msg></logentry><logentry revision="9380"><author>jiangdingfu</author><date>2018-05-11T07:10:59.100132Z</date><paths><path action="M" localPath="ModuleDB/src/main/java/com/sporger/server/db/service/UserDBService.java" kind="unknown">/Code/TYServerV2/trunk/ModuleDB/src/main/java/com/sporger/server/db/service/UserDBService.java</path><path action="M" localPath="ModuleDB/src/main/java/com/sporger/server/db/service/UserWXDBService.java" kind="unknown">/Code/TYServerV2/trunk/ModuleDB/src/main/java/com/sporger/server/db/service/UserWXDBService.java</path><path action="M" localPath="ModuleDB/src/main/resources/mapper/main/userStatistic.xml" kind="unknown">/Code/TYServerV2/trunk/ModuleDB/src/main/resources/mapper/main/userStatistic.xml</path><path action="A" localPath="ModuleCommon/src/main/java/com/sporger/server/common/model/UserLog.java" kind="unknown">/Code/TYServerV2/trunk/ModuleCommon/src/main/java/com/sporger/server/common/model/UserLog.java</path><path action="M" localPath="ModuleThrift/src/main/java/com/sporger/server/thrift/client/UserThriftClient.java" kind="unknown">/Code/TYServerV2/trunk/ModuleThrift/src/main/java/com/sporger/server/thrift/client/UserThriftClient.java</path><path action="M" localPath="ModuleDB/src/main/java/com/sporger/server/db/dao/main/UserLogMapper.java" kind="unknown">/Code/TYServerV2/trunk/ModuleDB/src/main/java/com/sporger/server/db/dao/main/UserLogMapper.java</path><path action="M" localPath="ModuleDB/src/main/resources/mapper/gate/user.xml" kind="unknown">/Code/TYServerV2/trunk/ModuleDB/src/main/resources/mapper/gate/user.xml</path><path action="M" localPath="ModuleDB/src/main/resources/mapper/gate/userWX.xml" kind="unknown">/Code/TYServerV2/trunk/ModuleDB/src/main/resources/mapper/gate/userWX.xml</path><path action="M" localPath="ServerRest/src/main/java/com/sporger/server/rest/controller/UserLogController.java" kind="unknown">/Code/TYServerV2/trunk/ServerRest/src/main/java/com/sporger/server/rest/controller/UserLogController.java</path><path action="M" localPath="ServerGate/src/main/java/com/sporger/server/gate/bean/UserWXOrigin.java" kind="unknown">/Code/TYServerV2/trunk/ServerGate/src/main/java/com/sporger/server/gate/bean/UserWXOrigin.java</path><path action="M" localPath="ServerManage/src/main/java/com/sporger/server/manage/controller/UserController.java" kind="unknown">/Code/TYServerV2/trunk/ServerManage/src/main/java/com/sporger/server/manage/controller/UserController.java</path><path action="M" localPath="ModuleDB/src/main/java/com/sporger/server/db/service/UserLogDBService.java" kind="unknown">/Code/TYServerV2/trunk/ModuleDB/src/main/java/com/sporger/server/db/service/UserLogDBService.java</path><path action="A" localPath="ModuleCommon/src/main/java/com/sporger/server/common/model/UserWX.java" kind="unknown">/Code/TYServerV2/trunk/ModuleCommon/src/main/java/com/sporger/server/common/model/UserWX.java</path><path action="M" localPath="ModuleDB/src/main/resources/mapper/main/userLog.xml" kind="unknown">/Code/TYServerV2/trunk/ModuleDB/src/main/resources/mapper/main/userLog.xml</path><path action="A" localPath="ModuleCommon/src/main/java/com/sporger/server/common/model/User.java" kind="unknown">/Code/TYServerV2/trunk/ModuleCommon/src/main/java/com/sporger/server/common/model/User.java</path><path action="M" localPath="ModuleDB/src/test/java/com/sporger/server/db/UserTest.java" kind="unknown">/Code/TYServerV2/trunk/ModuleDB/src/test/java/com/sporger/server/db/UserTest.java</path><path action="A" localPath="ModuleCommon/src/main/java/com/sporger/server/common/model/UserStatistic.java" kind="unknown">/Code/TYServerV2/trunk/ModuleCommon/src/main/java/com/sporger/server/common/model/UserStatistic.java</path><path action="M" localPath="ModuleDB/src/main/java/com/sporger/server/db/dao/gate/UserWXMapper.java" kind="unknown">/Code/TYServerV2/trunk/ModuleDB/src/main/java/com/sporger/server/db/dao/gate/UserWXMapper.java</path><path action="M" localPath="ServerCenter/src/main/java/com/sporger/server/center/service/thrift/UserThriftService.java" kind="unknown">/Code/TYServerV2/trunk/ServerCenter/src/main/java/com/sporger/server/center/service/thrift/UserThriftService.java</path><path action="M" localPath="ModuleDB/src/main/java/com/sporger/server/db/dao/gate/UserMapper.java" kind="unknown">/Code/TYServerV2/trunk/ModuleDB/src/main/java/com/sporger/server/db/dao/gate/UserMapper.java</path></paths><msg>Model封装逻辑修改</msg></logentry><logentry revision="9381"><author>jiangdingfu</author><date>2018-05-11T07:11:12.724954Z</date><paths><path action="M" localPath="ServerGate/src/main/java/com/sporger/server/gate/service/WeChatService.java" kind="unknown">/Code/TYServerV2/trunk/ServerGate/src/main/java/com/sporger/server/gate/service/WeChatService.java</path><path action="M" localPath="ServerGate/src/main/java/com/sporger/server/gate/controller/WechatController.java" kind="unknown">/Code/TYServerV2/trunk/ServerGate/src/main/java/com/sporger/server/gate/controller/WechatController.java</path><path action="D" localPath="ModuleThrift/src/main/java/com/sporger/server/thrift/model" kind="unknown">/Code/TYServerV2/trunk/ModuleThrift/src/main/java/com/sporger/server/thrift/model</path></paths><msg>Model封装逻辑修改</msg></logentry><logentry revision="9382"><author>jiangdingfu</author><date>2018-05-11T07:11:23.101219Z</date><paths><path action="D" localPath="ServerCenter/src/main/java/com/sporger/server/center/util" kind="unknown">/Code/TYServerV2/trunk/ServerCenter/src/main/java/com/sporger/server/center/util</path></paths><msg>Model封装逻辑修改</msg></logentry><logentry revision="9383"><author>jiangdingfu</author><date>2018-05-11T07:11:35.983972Z</date><paths><path action="A" localPath="ModuleCommon/src/main/java/com/sporger/server/common/util/FormatUtil.java" copyfrom-path="/Code/TYServerV2/trunk/ServerCenter/src/main/java/com/sporger/server/center/util/FormatUtil.java" copyfrom-rev="9368" kind="unknown">/Code/TYServerV2/trunk/ModuleCommon/src/main/java/com/sporger/server/common/util/FormatUtil.java</path><path action="D" localPath="ServerCenter/src/main/java/com/sporger/server/center/service/thrift/CircleThriftService.java" kind="unknown">/Code/TYServerV2/trunk/ServerCenter/src/main/java/com/sporger/server/center/service/thrift/CircleThriftService.java</path><path action="D" localPath="ModuleThrift/src/main/java/com/sporger/server/thrift/client/CircleThriftClient.java" kind="unknown">/Code/TYServerV2/trunk/ModuleThrift/src/main/java/com/sporger/server/thrift/client/CircleThriftClient.java</path><path action="D" localPath="ModuleThrift/src/main/java/com/sporger/server/thrift/interfaces/ICircleThriftService.java" kind="unknown">/Code/TYServerV2/trunk/ModuleThrift/src/main/java/com/sporger/server/thrift/interfaces/ICircleThriftService.java</path></paths><msg>Model封装逻辑修改</msg></logentry><logentry revision="9384"><author>jiangdingfu</author><date>2018-05-11T07:13:31.062490Z</date><paths><path action="A" localPath="ServerManage/src/main/java/com/sporger/server/manage/service/ResultService.java" copyfrom-path="/Code/TYServerV2/trunk/ServerManage/src/main/java/com/sporger/server/manage/service/ResultService.java" copyfrom-rev="9366" kind="unknown">/Code/TYServerV2/trunk/ServerManage/src/main/java/com/sporger/server/manage/service/ResultService.java</path></paths><msg>Model封装逻辑修改</msg></logentry><logentry revision="9387"><author>fanwentao</author><date>2018-05-11T07:34:20.667863Z</date><paths><path action="M" localPath="ModuleDB/src/main/java/com/sporger/server/db/service/StatisticDBService.java" kind="unknown">/Code/TYServerV2/trunk/ModuleDB/src/main/java/com/sporger/server/db/service/StatisticDBService.java</path></paths><msg>统计登入数量</msg></logentry><logentry revision="9388"><author>jiangdingfu</author><date>2018-05-11T07:42:59.983122Z</date><paths><path action="M" localPath="ModuleDB/src/main/java/com/sporger/server/db/service/RoomDBService.java" kind="unknown">/Code/TYServerV2/trunk/ModuleDB/src/main/java/com/sporger/server/db/service/RoomDBService.java</path><path action="M" localPath="ModuleDB/src/main/java/com/sporger/server/db/dao/main/ChatRoomMapper.java" kind="unknown">/Code/TYServerV2/trunk/ModuleDB/src/main/java/com/sporger/server/db/dao/main/ChatRoomMapper.java</path></paths><msg>Model封装逻辑修改</msg></logentry><logentry revision="9389"><author>fanwentao</author><date>2018-05-11T07:49:14.845440Z</date><paths><path action="M" localPath="ServerManage/src/main/java/com/sporger/server/manage/controller/RedisController.java" kind="unknown">/Code/TYServerV2/trunk/ServerManage/src/main/java/com/sporger/server/manage/controller/RedisController.java</path></paths><msg>清除Sindex缓存</msg></logentry><logentry revision="9390"><author>fanwentao</author><date>2018-05-11T07:49:44.570844Z</date><paths><path action="M" localPath="TYOperation/user_tb.html" kind="unknown">/Code/TYOperation/trunk/user_tb.html</path><path action="M" localPath="TYOperation/index.html" kind="unknown">/Code/TYOperation/trunk/index.html</path><path action="M" localPath="TYOperation/redis.html" kind="unknown">/Code/TYOperation/trunk/redis.html</path></paths><msg>清除Sindex缓存

</msg></logentry></log>