<?xml version="1.0" encoding="UTF-8"?><log><logentry revision="385"><author>jiangdingfu</author><date>2018-02-01T03:51:20.434433Z</date><paths><path action="M" localPath="manage/server_tp/action.js" kind="unknown">/Sporger/Code/TYFrontend/manage/server_tp/action.js</path></paths><msg>1.5版本发布</msg></logentry><logentry revision="389"><author>jiangdingfu</author><date>2018-02-07T03:38:59.469413Z</date><paths><path action="M" localPath="main/version/form.js" kind="unknown">/Sporger/Code/TYFrontend/main/version/form.js</path></paths><msg>1.5.1版本发布</msg></logentry></log>