<?xml version="1.0" encoding="UTF-8"?><log><logentry revision="9578"><author>jiangdingfu</author><date>2018-05-17T12:15:07.464918Z</date><paths><path action="M" localPath="ServerGame/src/main/java/com/sporger/server/game/model/RainbowParam.java" kind="unknown">/Code/TYServerV2/trunk/ServerGame/src/main/java/com/sporger/server/game/model/RainbowParam.java</path><path action="M" localPath="ModuleCommon/src/main/java/com/sporger/server/common/conf/SporgerCommon.java" kind="unknown">/Code/TYServerV2/trunk/ModuleCommon/src/main/java/com/sporger/server/common/conf/SporgerCommon.java</path><path action="M" localPath="ServerGame/src/main/java/com/sporger/server/game/service/RainbowMatchService.java" kind="unknown">/Code/TYServerV2/trunk/ServerGame/src/main/java/com/sporger/server/game/service/RainbowMatchService.java</path><path action="M" localPath="ServerGame/src/main/java/com/sporger/server/game/model/MatchTeam.java" kind="unknown">/Code/TYServerV2/trunk/ServerGame/src/main/java/com/sporger/server/game/model/MatchTeam.java</path><path action="M" localPath="ServerGame/src/main/java/com/sporger/server/game/service/handler/RainbowHandler.java" kind="unknown">/Code/TYServerV2/trunk/ServerGame/src/main/java/com/sporger/server/game/service/handler/RainbowHandler.java</path><path action="M" localPath="ServerGame/src/main/java/com/sporger/server/game/netty/NettyServer.java" kind="unknown">/Code/TYServerV2/trunk/ServerGame/src/main/java/com/sporger/server/game/netty/NettyServer.java</path></paths><msg>彩虹跑逻辑</msg></logentry><logentry revision="9580"><author>fanwentao</author><date>2018-05-17T12:37:00.895602Z</date><paths><path action="M" localPath="ModuleDB/src/main/java/com/sporger/server/db/dao/main/GoodsMapper.java" kind="unknown">/Code/TYServerV2/trunk/ModuleDB/src/main/java/com/sporger/server/db/dao/main/GoodsMapper.java</path><path action="M" localPath="ModuleDB/src/main/java/com/sporger/server/db/service/GoodsDBService.java" kind="unknown">/Code/TYServerV2/trunk/ModuleDB/src/main/java/com/sporger/server/db/service/GoodsDBService.java</path><path action="M" localPath="ServerManage/src/main/java/com/sporger/server/manage/controller/GoodsController.java" kind="unknown">/Code/TYServerV2/trunk/ServerManage/src/main/java/com/sporger/server/manage/controller/GoodsController.java</path></paths><msg>商城</msg></logentry><logentry revision="9579"><author>fanwentao</author><date>2018-05-17T12:36:46.710127Z</date><paths><path action="M" localPath="TYOperation/shop/shop_index.html" kind="unknown">/Code/TYOperation/trunk/shop/shop_index.html</path><path action="A" localPath="TYOperation/shop/shop_goods_detail.html" kind="unknown">/Code/TYOperation/trunk/shop/shop_goods_detail.html</path></paths><msg>商城

</msg></logentry></log>