<?xml version="1.0" encoding="UTF-8"?><log><logentry revision="9954"><author>jiangdingfu</author><date>2018-05-31T02:54:19.354168Z</date><paths><path action="M" localPath="ModuleDB/src/main/resources/mapper/main/circleEntry.xml" kind="unknown">/Code/TYServerV2/trunk/ModuleDB/src/main/resources/mapper/main/circleEntry.xml</path><path action="M" localPath="ModuleRedis/src/main/resources/properties/pre/gate.properties" kind="unknown">/Code/TYServerV2/trunk/ModuleRedis/src/main/resources/properties/pre/gate.properties</path><path action="M" localPath="ModuleRedis/src/main/resources/properties/dev/gate.properties" kind="unknown">/Code/TYServerV2/trunk/ModuleRedis/src/main/resources/properties/dev/gate.properties</path><path action="M" localPath="ModuleDB/src/main/resources/mapper/main/movement.xml" kind="unknown">/Code/TYServerV2/trunk/ModuleDB/src/main/resources/mapper/main/movement.xml</path><path action="M" localPath="ModuleRedis/src/main/resources/properties/test/gate.properties" kind="unknown">/Code/TYServerV2/trunk/ModuleRedis/src/main/resources/properties/test/gate.properties</path><path action="M" localPath="ModuleDB/src/main/resources/mapper/gate/org.xml" kind="unknown">/Code/TYServerV2/trunk/ModuleDB/src/main/resources/mapper/gate/org.xml</path><path action="M" localPath="ModuleRedis/src/main/resources/properties/lan/gate.properties" kind="unknown">/Code/TYServerV2/trunk/ModuleRedis/src/main/resources/properties/lan/gate.properties</path><path action="M" localPath="ModuleRedis/src/main/resources/properties/prd/gate.properties" kind="unknown">/Code/TYServerV2/trunk/ModuleRedis/src/main/resources/properties/prd/gate.properties</path></paths><msg>排名奖励逻辑修改</msg></logentry></log>