<?xml version="1.0" encoding="UTF-8"?><log><logentry revision="9983"><author>jiangdingfu</author><date>2018-05-31T09:39:11.396170Z</date><paths><path action="M" localPath="ModuleDB/src/main/resources/mapper/main/championship.xml" kind="unknown">/Code/TYServerV2/trunk/ModuleDB/src/main/resources/mapper/main/championship.xml</path><path action="M" localPath="ModuleProto/src/main/java/com/sporger/server/proto/model/ProtoChampionship.java" kind="unknown">/Code/TYServerV2/trunk/ModuleProto/src/main/java/com/sporger/server/proto/model/ProtoChampionship.java</path><path action="M" localPath="ServerGame/src/main/java/com/sporger/server/game/service/handler/ChampionshipHandler.java" kind="unknown">/Code/TYServerV2/trunk/ServerGame/src/main/java/com/sporger/server/game/service/handler/ChampionshipHandler.java</path></paths><msg>锦标赛逻辑修改</msg></logentry><logentry revision="9984"><author>jiangdingfu</author><date>2018-05-31T09:40:20.563858Z</date><paths><path action="M" localPath="ServerGame/src/main/java/com/sporger/server/game/service/handler/ChampionshipHandler.java" kind="unknown">/Code/TYServerV2/trunk/ServerGame/src/main/java/com/sporger/server/game/service/handler/ChampionshipHandler.java</path></paths><msg>锦标赛逻辑修改</msg></logentry></log>