<?xml version="1.0" encoding="UTF-8"?><log><logentry revision="299"><author>jiangdingfu</author><date>2017-11-27T12:42:12.398859Z</date><paths><path action="M" localPath="server.js" kind="unknown">/Sporger/Code/TYFrontend/server.js</path><path action="M" localPath="configs/config.local.js" kind="unknown">/Sporger/Code/TYFrontend/configs/config.local.js</path><path action="M" localPath="main/circle_home/form.js" kind="unknown">/Sporger/Code/TYFrontend/main/circle_home/form.js</path></paths><msg>运动圈合入</msg></logentry></log>