<?xml version="1.0" encoding="UTF-8"?><log><logentry revision="6696"><author>jiangdingfu</author><date>2018-02-26T11:16:22.438864Z</date><paths><path action="M" localPath="ServerGate/src/main/resources/config/test/config.properties" kind="unknown">/Code/TYServerV2/trunk/ServerGate/src/main/resources/config/test/config.properties</path></paths><msg>网关逻辑修改</msg></logentry><logentry revision="6699"><author>jiangdingfu</author><date>2018-02-26T12:10:24.285084Z</date><paths><path action="M" localPath="ServerGame/src/main/java/com/sporger/server/game/service/handler/ChatHandler.java" kind="unknown">/Code/TYServerV2/trunk/ServerGame/src/main/java/com/sporger/server/game/service/handler/ChatHandler.java</path><path action="M" localPath="ServerDB/src/main/resources/db/prd/mysql.properties" kind="unknown">/Code/TYServerV2/trunk/ServerDB/src/main/resources/db/prd/mysql.properties</path><path action="M" localPath="ServerDB/src/main/resources/db/test/mysql.properties" kind="unknown">/Code/TYServerV2/trunk/ServerDB/src/main/resources/db/test/mysql.properties</path><path action="M" localPath="ModuleProto/src/main/java/com/sporger/server/proto/model/ProtoCommon.java" kind="unknown">/Code/TYServerV2/trunk/ModuleProto/src/main/java/com/sporger/server/proto/model/ProtoCommon.java</path><path action="M" localPath="ServerGame/src/main/java/com/sporger/server/game/service/RoomGameService.java" kind="unknown">/Code/TYServerV2/trunk/ServerGame/src/main/java/com/sporger/server/game/service/RoomGameService.java</path><path action="M" localPath="ServerGame/src/main/java/com/sporger/server/game/service/handler/MazeHandler.java" kind="unknown">/Code/TYServerV2/trunk/ServerGame/src/main/java/com/sporger/server/game/service/handler/MazeHandler.java</path><path action="M" localPath="ServerDB/src/main/java/com/sporger/server/db/conf/DataSourceConfig.java" kind="unknown">/Code/TYServerV2/trunk/ServerDB/src/main/java/com/sporger/server/db/conf/DataSourceConfig.java</path><path action="M" localPath="ServerDB/src/main/resources/db/lan/mysql.properties" kind="unknown">/Code/TYServerV2/trunk/ServerDB/src/main/resources/db/lan/mysql.properties</path><path action="M" localPath="ServerDB/src/main/resources/db/dev/mysql.properties" kind="unknown">/Code/TYServerV2/trunk/ServerDB/src/main/resources/db/dev/mysql.properties</path><path action="M" localPath="ServerDB/src/main/java/com/sporger/server/db/conf/DataSourceConfigMain.java" kind="unknown">/Code/TYServerV2/trunk/ServerDB/src/main/java/com/sporger/server/db/conf/DataSourceConfigMain.java</path><path action="M" localPath="ModuleProto/src/main/java/com/sporger/server/proto/model/ProtoSquare.java" kind="unknown">/Code/TYServerV2/trunk/ModuleProto/src/main/java/com/sporger/server/proto/model/ProtoSquare.java</path><path action="M" localPath="ModuleThrift/src/main/java/com/sporger/server/thrift/conf/BaseZooKeeper.java" kind="unknown">/Code/TYServerV2/trunk/ModuleThrift/src/main/java/com/sporger/server/thrift/conf/BaseZooKeeper.java</path><path action="M" localPath="ServerGame/src/main/java/com/sporger/server/game/service/handler/FamHandler.java" kind="unknown">/Code/TYServerV2/trunk/ServerGame/src/main/java/com/sporger/server/game/service/handler/FamHandler.java</path><path action="M" localPath="ServerCenter/src/main/java/com/sporger/server/center/service/BulletinService.java" kind="unknown">/Code/TYServerV2/trunk/ServerCenter/src/main/java/com/sporger/server/center/service/BulletinService.java</path><path action="M" localPath="ModuleProto/src/main/java/com/sporger/server/proto/model/ProtoLocation.java" kind="unknown">/Code/TYServerV2/trunk/ModuleProto/src/main/java/com/sporger/server/proto/model/ProtoLocation.java</path><path action="M" localPath="ServerDB/src/main/java/com/sporger/server/db/conf/DataSourceConfigGate.java" kind="unknown">/Code/TYServerV2/trunk/ServerDB/src/main/java/com/sporger/server/db/conf/DataSourceConfigGate.java</path><path action="A" localPath="ServerManage/src/main/java/com/sporger/server/manage/service/MonitorService.java" copyfrom-path="/Code/TYServerV2/trunk/ServerCenter/src/main/java/com/sporger/server/center/service/BulletinService.java" copyfrom-rev="6654" kind="unknown">/Code/TYServerV2/trunk/ServerManage/src/main/java/com/sporger/server/manage/service/MonitorService.java</path></paths><msg>zk逻辑修改</msg></logentry><logentry revision="6703"><author>zhangruijie</author><date>2018-02-26T12:41:26.435732Z</date><paths><path action="M" localPath="ServerManage/src/main/java/com/sporger/server/manage/controller/UserController.java" kind="unknown">/Code/TYServerV2/trunk/ServerManage/src/main/java/com/sporger/server/manage/controller/UserController.java</path></paths><msg>UserController中内容提交</msg></logentry></log>