<?xml version="1.0" encoding="UTF-8"?><log><logentry revision="9611"><author>jiangdingfu</author><date>2018-05-18T07:21:22.045929Z</date><paths><path action="M" localPath="ModuleThrift/tools/thrift/CenterService.thrift" kind="unknown">/Code/TYServerV2/trunk/ModuleThrift/tools/thrift/CenterService.thrift</path><path action="M" localPath="ModuleConfig/src/main/java/com/sporger/server/config/service/load/RainbowConfigLoadService.java" kind="unknown">/Code/TYServerV2/trunk/ModuleConfig/src/main/java/com/sporger/server/config/service/load/RainbowConfigLoadService.java</path><path action="A" localPath="ServerGame/src/main/java/com/sporger/server/game/model/MultipleMatchTeam.java" kind="unknown">/Code/TYServerV2/trunk/ServerGame/src/main/java/com/sporger/server/game/model/MultipleMatchTeam.java</path><path action="M" localPath="ServerGame/src/main/java/com/sporger/server/game/service/RainbowMatchService.java" kind="unknown">/Code/TYServerV2/trunk/ServerGame/src/main/java/com/sporger/server/game/service/RainbowMatchService.java</path><path action="D" localPath="ServerGame/src/main/java/com/sporger/server/game/model/MatchTeam.java" kind="unknown">/Code/TYServerV2/trunk/ServerGame/src/main/java/com/sporger/server/game/model/MatchTeam.java</path><path action="M" localPath="ModuleConfig/src/main/java/com/sporger/server/config/model/RainbowConfig.java" kind="unknown">/Code/TYServerV2/trunk/ModuleConfig/src/main/java/com/sporger/server/config/model/RainbowConfig.java</path><path action="M" localPath="ModuleProto/src/main/java/com/sporger/server/proto/model/ProtoRainbowRun.java" kind="unknown">/Code/TYServerV2/trunk/ModuleProto/src/main/java/com/sporger/server/proto/model/ProtoRainbowRun.java</path><path action="A" localPath="ServerGame/src/main/java/com/sporger/server/game/model/SingleMatchTeam.java" copyfrom-path="/Code/TYServerV2/trunk/ServerGame/src/main/java/com/sporger/server/game/model/MatchTeam.java" copyfrom-rev="9610" kind="unknown">/Code/TYServerV2/trunk/ServerGame/src/main/java/com/sporger/server/game/model/SingleMatchTeam.java</path></paths><msg>彩虹跑逻辑</msg></logentry><logentry revision="9612"><author>jiangdingfu</author><date>2018-05-18T07:21:48.404598Z</date><paths><path action="A" localPath="ServerGame/src/main/java/com/sporger/server/game/model/MatchTeam.java" kind="unknown">/Code/TYServerV2/trunk/ServerGame/src/main/java/com/sporger/server/game/model/MatchTeam.java</path></paths><msg>彩虹跑逻辑</msg></logentry><logentry revision="9621"><author>fanwentao</author><date>2018-05-18T12:28:49.662563Z</date><paths><path action="M" localPath="ModuleDB/src/main/resources/mapper/main/goods.xml" kind="unknown">/Code/TYServerV2/trunk/ModuleDB/src/main/resources/mapper/main/goods.xml</path></paths><msg>商城</msg></logentry><logentry revision="9622"><author>fanwentao</author><date>2018-05-18T12:29:10.483756Z</date><paths><path action="M" localPath="TYOperation/shop/shop_index.html" kind="unknown">/Code/TYOperation/trunk/shop/shop_index.html</path><path action="M" localPath="TYOperation/shop/shop_goods_detail.html" kind="unknown">/Code/TYOperation/trunk/shop/shop_goods_detail.html</path><path action="A" localPath="TYOperation/shop/shop_pay.html" kind="unknown">/Code/TYOperation/trunk/shop/shop_pay.html</path></paths><msg>商城

</msg></logentry></log>