<?xml version="1.0" encoding="UTF-8"?><log><logentry revision="9833"><author>jiangdingfu</author><date>2018-05-29T07:04:11.672033Z</date><paths><path action="M" localPath="ModuleDB/src/main/resources/mapper/main/championship.xml" kind="unknown">/Code/TYServerV2/trunk/ModuleDB/src/main/resources/mapper/main/championship.xml</path><path action="M" localPath="ModuleDB/src/main/resources/mapper/main/championshipSession.xml" kind="unknown">/Code/TYServerV2/trunk/ModuleDB/src/main/resources/mapper/main/championshipSession.xml</path></paths><msg>锦标赛逻辑修改</msg></logentry></log>