<?xml version="1.0" encoding="UTF-8"?><log><logentry revision="9846"><author>fanwentao</author><date>2018-05-29T08:39:18.476050Z</date><paths><path action="M" localPath="ServerManage/src/main/java/com/sporger/server/manage/controller/GoodsController.java" kind="unknown">/Code/TYServerV2/trunk/ServerManage/src/main/java/com/sporger/server/manage/controller/GoodsController.java</path><path action="A" localPath="ServerManage/src/main/java/com/sporger/server/manage/service/GoodsImgService.java" kind="unknown">/Code/TYServerV2/trunk/ServerManage/src/main/java/com/sporger/server/manage/service/GoodsImgService.java</path></paths><msg>OSS文件上传</msg></logentry><logentry revision="9845"><author>fanwentao</author><date>2018-05-29T08:38:49.855186Z</date><paths><path action="M" localPath="TYOperation/shop/shop_index.html" kind="unknown">/Code/TYOperation/trunk/shop/shop_index.html</path><path action="M" localPath="TYOperation/shop/shop_goods_detail.html" kind="unknown">/Code/TYOperation/trunk/shop/shop_goods_detail.html</path><path action="M" localPath="TYOperation/goodsManage.html" kind="unknown">/Code/TYOperation/trunk/goodsManage.html</path><path action="M" localPath="TYOperation/shop/shop_pay.html" kind="unknown">/Code/TYOperation/trunk/shop/shop_pay.html</path></paths><msg>图片上传

</msg></logentry></log>