<?xml version="1.0" encoding="UTF-8"?><log><logentry revision="8557"><author>fanwentao</author><date>2018-04-20T02:20:55.784200Z</date><paths><path action="M" localPath="ServerCenter/src/main/resources/taskContext.xml" kind="unknown">/Code/TYServerV2/trunk/ServerCenter/src/main/resources/taskContext.xml</path><path action="M" localPath="ServerCenter/src/main/java/com/sporger/server/center/service/BulletinOperationService.java" kind="unknown">/Code/TYServerV2/trunk/ServerCenter/src/main/java/com/sporger/server/center/service/BulletinOperationService.java</path></paths><msg>调度</msg></logentry></log>