<?xml version="1.0" encoding="UTF-8"?><log><logentry revision="8281"><author>fanwentao</author><date>2018-04-13T02:20:00.811108Z</date><paths><path action="M" localPath="ServerDB/src/main/java/com/sporger/server/db/service/BulletinGameDBThriftService.java" kind="unknown">/Code/TYServerV2/trunk/ServerDB/src/main/java/com/sporger/server/db/service/BulletinGameDBThriftService.java</path><path action="M" localPath="ServerDB/src/main/resources/mapper/main/bulletinGame.xml" kind="unknown">/Code/TYServerV2/trunk/ServerDB/src/main/resources/mapper/main/bulletinGame.xml</path><path action="M" localPath="ServerManage/src/main/java/com/sporger/server/manage/controller/BulletinGameController.java" kind="unknown">/Code/TYServerV2/trunk/ServerManage/src/main/java/com/sporger/server/manage/controller/BulletinGameController.java</path><path action="M" localPath="ServerDB/src/main/java/com/sporger/server/db/dao/main/BulletinGameMapper.java" kind="unknown">/Code/TYServerV2/trunk/ServerDB/src/main/java/com/sporger/server/db/dao/main/BulletinGameMapper.java</path><path action="M" localPath="ModuleThrift/src/main/java/com/sporger/server/thrift/interfaces/IBulletinGameDBThriftService.java" kind="unknown">/Code/TYServerV2/trunk/ModuleThrift/src/main/java/com/sporger/server/thrift/interfaces/IBulletinGameDBThriftService.java</path><path action="M" localPath="ModuleThrift/tools/thrift/DBService.thrift" kind="unknown">/Code/TYServerV2/trunk/ModuleThrift/tools/thrift/DBService.thrift</path><path action="M" localPath="ModuleRedis/src/main/java/com/sporger/server/redis/service/RedisBulletinRuleService.java" kind="unknown">/Code/TYServerV2/trunk/ModuleRedis/src/main/java/com/sporger/server/redis/service/RedisBulletinRuleService.java</path><path action="M" localPath="ModuleThrift/src/main/java/com/sporger/server/thrift/client/BulletinGameDBThriftClient.java" kind="unknown">/Code/TYServerV2/trunk/ModuleThrift/src/main/java/com/sporger/server/thrift/client/BulletinGameDBThriftClient.java</path><path action="M" localPath="ModuleRedis/src/main/java/com/sporger/server/redis/dao/RedisBulletinRuleDao.java" kind="unknown">/Code/TYServerV2/trunk/ModuleRedis/src/main/java/com/sporger/server/redis/dao/RedisBulletinRuleDao.java</path></paths><msg>缓存修改</msg></logentry></log>