<?xml version="1.0" encoding="UTF-8"?><log><logentry revision="8835"><author>jiangdingfu</author><date>2018-04-26T07:26:40.804019Z</date><paths><path action="M" localPath="ServerManage/src/main/java/com/sporger/server/manage/controller/ManageController.java" kind="unknown">/Code/TYServerV2/trunk/ServerManage/src/main/java/com/sporger/server/manage/controller/ManageController.java</path><path action="M" localPath="ServerManage/src/main/java/com/sporger/server/manage/conf/ServerConfig.java" kind="unknown">/Code/TYServerV2/trunk/ServerManage/src/main/java/com/sporger/server/manage/conf/ServerConfig.java</path></paths><msg>预上线版本发布</msg></logentry><logentry revision="8837"><author>jiangdingfu</author><date>2018-04-26T07:52:37.262913Z</date><paths><path action="M" localPath="ServerManage/src/main/resources/properties/application.properties" kind="unknown">/Code/TYServerV2/trunk/ServerManage/src/main/resources/properties/application.properties</path></paths><msg>预上线版本发布</msg></logentry><logentry revision="8838"><author>jiangdingfu</author><date>2018-04-26T07:56:25.258002Z</date><paths><path action="M" localPath="ServerGame/src/main/java/com/sporger/server/game/service/handler/ActivityHandler.java" kind="unknown">/Code/TYServerV2/trunk/ServerGame/src/main/java/com/sporger/server/game/service/handler/ActivityHandler.java</path></paths><msg>预上线版本发布</msg></logentry></log>