<?xml version="1.0" encoding="UTF-8"?><log><logentry revision="6803"><author>jiangdingfu</author><date>2018-02-28T11:34:08.069457Z</date><paths><path action="M" localPath="ServerGame/src/main/java/com/sporger/server/game/service/handler/MapHandler.java" kind="unknown">/Code/TYServerV2/trunk/ServerGame/src/main/java/com/sporger/server/game/service/handler/MapHandler.java</path><path action="M" localPath="ModuleConfig/src/main/java/com/sporger/server/config/model/SquareConfig.java" kind="unknown">/Code/TYServerV2/trunk/ModuleConfig/src/main/java/com/sporger/server/config/model/SquareConfig.java</path><path action="M" localPath="ModuleThrift/tools/thrift/CenterService.thrift" kind="unknown">/Code/TYServerV2/trunk/ModuleThrift/tools/thrift/CenterService.thrift</path><path action="M" localPath="ModuleProto/src/main/java/com/sporger/server/proto/model/ProtoSquare.java" kind="unknown">/Code/TYServerV2/trunk/ModuleProto/src/main/java/com/sporger/server/proto/model/ProtoSquare.java</path><path action="M" localPath="ServerGame/src/main/java/com/sporger/server/game/service/RainbowService.java" kind="unknown">/Code/TYServerV2/trunk/ServerGame/src/main/java/com/sporger/server/game/service/RainbowService.java</path><path action="M" localPath="ModuleConfig/src/main/java/com/sporger/server/config/service/load/SquareConfigLoadService.java" kind="unknown">/Code/TYServerV2/trunk/ModuleConfig/src/main/java/com/sporger/server/config/service/load/SquareConfigLoadService.java</path><path action="M" localPath="ModuleProto/src/main/java/com/sporger/server/proto/model/ProtoCommon.java" kind="unknown">/Code/TYServerV2/trunk/ModuleProto/src/main/java/com/sporger/server/proto/model/ProtoCommon.java</path><path action="M" localPath="ServerGame/src/main/java/com/sporger/server/game/service/RainbowMatchService.java" kind="unknown">/Code/TYServerV2/trunk/ServerGame/src/main/java/com/sporger/server/game/service/RainbowMatchService.java</path><path action="M" localPath="ModuleThrift/tools/thrift/DBModel.thrift" kind="unknown">/Code/TYServerV2/trunk/ModuleThrift/tools/thrift/DBModel.thrift</path><path action="M" localPath="ServerDB/src/main/resources/mapper/main/movement.xml" kind="unknown">/Code/TYServerV2/trunk/ServerDB/src/main/resources/mapper/main/movement.xml</path><path action="M" localPath="ModuleThrift/tools/thrift/GameBean.thrift" kind="unknown">/Code/TYServerV2/trunk/ModuleThrift/tools/thrift/GameBean.thrift</path><path action="M" localPath="ServerGame/src/main/java/com/sporger/server/game/service/handler/RainbowHandler.java" kind="unknown">/Code/TYServerV2/trunk/ServerGame/src/main/java/com/sporger/server/game/service/handler/RainbowHandler.java</path><path action="M" localPath="ModuleProto/src/main/java/com/sporger/server/proto/model/ProtoRainbowRun.java" kind="unknown">/Code/TYServerV2/trunk/ModuleProto/src/main/java/com/sporger/server/proto/model/ProtoRainbowRun.java</path><path action="M" localPath="ServerGame/src/main/java/com/sporger/server/game/netty/NettyServer.java" kind="unknown">/Code/TYServerV2/trunk/ServerGame/src/main/java/com/sporger/server/game/netty/NettyServer.java</path></paths><msg>彩虹跑逻辑修改</msg></logentry></log>