<?xml version="1.0" encoding="UTF-8"?><log><logentry revision="9341"><author>fanwentao</author><date>2018-05-10T09:07:00.452660Z</date><paths><path action="M" localPath="ModuleDB/src/main/java/com/sporger/server/db/service/UserDBService.java" kind="unknown">/Code/TYServerV2/trunk/ModuleDB/src/main/java/com/sporger/server/db/service/UserDBService.java</path><path action="M" localPath="ServerManage/src/main/java/com/sporger/server/manage/controller/UserController.java" kind="unknown">/Code/TYServerV2/trunk/ServerManage/src/main/java/com/sporger/server/manage/controller/UserController.java</path><path action="M" localPath="ModuleDB/src/main/resources/mapper/gate/user.xml" kind="unknown">/Code/TYServerV2/trunk/ModuleDB/src/main/resources/mapper/gate/user.xml</path><path action="M" localPath="ModuleDB/src/main/java/com/sporger/server/db/dao/gate/UserMapper.java" kind="unknown">/Code/TYServerV2/trunk/ModuleDB/src/main/java/com/sporger/server/db/dao/gate/UserMapper.java</path></paths><msg>清除角色</msg></logentry><logentry revision="9342"><author>jiangdingfu</author><date>2018-05-10T09:10:12.101919Z</date><paths><path action="M" localPath="ModuleDB/src/main/java/com/sporger/server/db/service/UserDBService.java" kind="unknown">/Code/TYServerV2/trunk/ModuleDB/src/main/java/com/sporger/server/db/service/UserDBService.java</path><path action="M" localPath="ModuleConfig/src/main/java/com/sporger/server/config/service/GameConfigService.java" kind="unknown">/Code/TYServerV2/trunk/ModuleConfig/src/main/java/com/sporger/server/config/service/GameConfigService.java</path><path action="M" localPath="ModuleCommon/src/main/java/com/sporger/server/common/conf/SporgerCommon.java" kind="unknown">/Code/TYServerV2/trunk/ModuleCommon/src/main/java/com/sporger/server/common/conf/SporgerCommon.java</path><path action="M" localPath="ServerManage/src/main/java/com/sporger/server/manage/controller/GameConfigController.java" kind="unknown">/Code/TYServerV2/trunk/ServerManage/src/main/java/com/sporger/server/manage/controller/GameConfigController.java</path><path action="M" localPath="ModuleConfig/src/main/java/com/sporger/server/config/service/load/GameConfigLoadService.java" kind="unknown">/Code/TYServerV2/trunk/ModuleConfig/src/main/java/com/sporger/server/config/service/load/GameConfigLoadService.java</path><path action="M" localPath="ServerManage/src/main/java/com/sporger/server/manage/service/GameConfigRedisService.java" kind="unknown">/Code/TYServerV2/trunk/ServerManage/src/main/java/com/sporger/server/manage/service/GameConfigRedisService.java</path><path action="M" localPath="ModuleDB/src/main/resources/mapper/gate/user.xml" kind="unknown">/Code/TYServerV2/trunk/ModuleDB/src/main/resources/mapper/gate/user.xml</path><path action="M" localPath="ServerGame/src/main/java/com/sporger/server/game/service/handler/CharacterHandler.java" kind="unknown">/Code/TYServerV2/trunk/ServerGame/src/main/java/com/sporger/server/game/service/handler/CharacterHandler.java</path></paths><msg>Model封装逻辑修改</msg></logentry><logentry revision="9343"><author>jiangdingfu</author><date>2018-05-10T09:13:30.186583Z</date><paths><path action="M" localPath="ModuleDB/src/main/resources/mapper/gate/user.xml" kind="unknown">/Code/TYServerV2/trunk/ModuleDB/src/main/resources/mapper/gate/user.xml</path><path action="M" localPath="ModuleDB/src/main/java/com/sporger/server/db/dao/gate/UserMapper.java" kind="unknown">/Code/TYServerV2/trunk/ModuleDB/src/main/java/com/sporger/server/db/dao/gate/UserMapper.java</path></paths><msg>Model封装逻辑修改</msg></logentry><logentry revision="9345"><author>jiangdingfu</author><date>2018-05-10T09:32:34.671409Z</date><paths><path action="M" localPath="ServerGate/src/main/java/com/sporger/server/gate/bean/UserWXOrigin.java" kind="unknown">/Code/TYServerV2/trunk/ServerGate/src/main/java/com/sporger/server/gate/bean/UserWXOrigin.java</path><path action="M" localPath="ModuleDB/src/main/java/com/sporger/server/db/service/UserDBService.java" kind="unknown">/Code/TYServerV2/trunk/ModuleDB/src/main/java/com/sporger/server/db/service/UserDBService.java</path><path action="M" localPath="ModuleDB/src/main/java/com/sporger/server/db/service/UserWXDBService.java" kind="unknown">/Code/TYServerV2/trunk/ModuleDB/src/main/java/com/sporger/server/db/service/UserWXDBService.java</path><path action="M" localPath="ModuleConfig/src/main/java/com/sporger/server/config/service/GameConfigService.java" kind="unknown">/Code/TYServerV2/trunk/ModuleConfig/src/main/java/com/sporger/server/config/service/GameConfigService.java</path><path action="M" localPath="ModuleThrift/tools/thrift/DBModel.thrift" kind="unknown">/Code/TYServerV2/trunk/ModuleThrift/tools/thrift/DBModel.thrift</path><path action="M" localPath="ModuleDB/src/test/java/com/sporger/server/db/UserTest.java" kind="unknown">/Code/TYServerV2/trunk/ModuleDB/src/test/java/com/sporger/server/db/UserTest.java</path><path action="D" localPath="ModuleThrift/src/main/java/com/sporger/server/thrift/model/UserWXTM.java" kind="unknown">/Code/TYServerV2/trunk/ModuleThrift/src/main/java/com/sporger/server/thrift/model/UserWXTM.java</path><path action="A" localPath="ModuleDB/src/main/java/com/sporger/server/db/model/UserWX.java" kind="unknown">/Code/TYServerV2/trunk/ModuleDB/src/main/java/com/sporger/server/db/model/UserWX.java</path><path action="M" localPath="ServerGate/src/main/java/com/sporger/server/gate/service/WeChatService.java" kind="unknown">/Code/TYServerV2/trunk/ServerGate/src/main/java/com/sporger/server/gate/service/WeChatService.java</path><path action="M" localPath="ServerGate/src/main/java/com/sporger/server/gate/controller/WechatController.java" kind="unknown">/Code/TYServerV2/trunk/ServerGate/src/main/java/com/sporger/server/gate/controller/WechatController.java</path><path action="M" localPath="ServerGame/src/main/java/com/sporger/server/game/service/handler/CharacterHandler.java" kind="unknown">/Code/TYServerV2/trunk/ServerGame/src/main/java/com/sporger/server/game/service/handler/CharacterHandler.java</path><path action="M" localPath="ServerGate/src/main/java/com/sporger/server/gate/controller/LoginController.java" kind="unknown">/Code/TYServerV2/trunk/ServerGate/src/main/java/com/sporger/server/gate/controller/LoginController.java</path><path action="M" localPath="ModuleDB/src/main/resources/mapper/gate/userWX.xml" kind="unknown">/Code/TYServerV2/trunk/ModuleDB/src/main/resources/mapper/gate/userWX.xml</path><path action="M" localPath="ModuleDB/src/main/java/com/sporger/server/db/dao/gate/UserWXMapper.java" kind="unknown">/Code/TYServerV2/trunk/ModuleDB/src/main/java/com/sporger/server/db/dao/gate/UserWXMapper.java</path></paths><msg>Model封装逻辑修改</msg></logentry><logentry revision="9346"><author>jiangdingfu</author><date>2018-05-10T11:11:48.209582Z</date><paths><path action="M" localPath="ModuleDB/src/main/resources/mapper/main/circleEntry.xml" kind="unknown">/Code/TYServerV2/trunk/ModuleDB/src/main/resources/mapper/main/circleEntry.xml</path><path action="M" localPath="ServerCenter/src/main/java/com/sporger/server/center/service/thrift/CircleThriftService.java" kind="unknown">/Code/TYServerV2/trunk/ServerCenter/src/main/java/com/sporger/server/center/service/thrift/CircleThriftService.java</path><path action="M" localPath="ModuleDB/src/main/java/com/sporger/server/db/dao/main/CircleEntryMapper.java" kind="unknown">/Code/TYServerV2/trunk/ModuleDB/src/main/java/com/sporger/server/db/dao/main/CircleEntryMapper.java</path><path action="M" localPath="ModuleThrift/src/main/java/com/sporger/server/thrift/client/CircleThriftClient.java" kind="unknown">/Code/TYServerV2/trunk/ModuleThrift/src/main/java/com/sporger/server/thrift/client/CircleThriftClient.java</path><path action="M" localPath="ModuleThrift/src/main/java/com/sporger/server/thrift/interfaces/ICircleThriftService.java" kind="unknown">/Code/TYServerV2/trunk/ModuleThrift/src/main/java/com/sporger/server/thrift/interfaces/ICircleThriftService.java</path><path action="D" localPath="ModuleThrift/src/main/java/com/sporger/server/thrift/model/CircleEntryTM.java" kind="unknown">/Code/TYServerV2/trunk/ModuleThrift/src/main/java/com/sporger/server/thrift/model/CircleEntryTM.java</path><path action="M" localPath="ModuleDB/src/main/java/com/sporger/server/db/dao/main/CommentMapper.java" kind="unknown">/Code/TYServerV2/trunk/ModuleDB/src/main/java/com/sporger/server/db/dao/main/CommentMapper.java</path><path action="M" localPath="ServerRest/src/main/java/com/sporger/server/rest/controller/CommentController.java" kind="unknown">/Code/TYServerV2/trunk/ServerRest/src/main/java/com/sporger/server/rest/controller/CommentController.java</path><path action="D" localPath="ModuleThrift/src/main/java/com/sporger/server/thrift/model/CommentTM.java" kind="unknown">/Code/TYServerV2/trunk/ModuleThrift/src/main/java/com/sporger/server/thrift/model/CommentTM.java</path><path action="M" localPath="ModuleDB/src/main/java/com/sporger/server/db/dao/main/UserLogMapper.java" kind="unknown">/Code/TYServerV2/trunk/ModuleDB/src/main/java/com/sporger/server/db/dao/main/UserLogMapper.java</path><path action="M" localPath="ServerRest/src/main/java/com/sporger/server/rest/controller/UserLogController.java" kind="unknown">/Code/TYServerV2/trunk/ServerRest/src/main/java/com/sporger/server/rest/controller/UserLogController.java</path><path action="D" localPath="ModuleThrift/src/main/java/com/sporger/server/thrift/model/UserLogTM.java" kind="unknown">/Code/TYServerV2/trunk/ModuleThrift/src/main/java/com/sporger/server/thrift/model/UserLogTM.java</path><path action="M" localPath="ServerRest/src/main/java/com/sporger/server/rest/controller/CircleController.java" kind="unknown">/Code/TYServerV2/trunk/ServerRest/src/main/java/com/sporger/server/rest/controller/CircleController.java</path><path action="M" localPath="ModuleThrift/tools/thrift/CenterService.thrift" kind="unknown">/Code/TYServerV2/trunk/ModuleThrift/tools/thrift/CenterService.thrift</path><path action="M" localPath="ModuleDB/src/main/java/com/sporger/server/db/service/UserLogDBService.java" kind="unknown">/Code/TYServerV2/trunk/ModuleDB/src/main/java/com/sporger/server/db/service/UserLogDBService.java</path><path action="A" localPath="ModuleDB/src/main/java/com/sporger/server/db/model/CircleEntry.java" kind="unknown">/Code/TYServerV2/trunk/ModuleDB/src/main/java/com/sporger/server/db/model/CircleEntry.java</path><path action="M" localPath="ModuleDB/src/main/resources/mapper/main/userLog.xml" kind="unknown">/Code/TYServerV2/trunk/ModuleDB/src/main/resources/mapper/main/userLog.xml</path><path action="A" localPath="ModuleDB/src/main/java/com/sporger/server/db/model/Comment.java" kind="unknown">/Code/TYServerV2/trunk/ModuleDB/src/main/java/com/sporger/server/db/model/Comment.java</path><path action="M" localPath="ModuleDB/src/main/java/com/sporger/server/db/service/CommentDBService.java" kind="unknown">/Code/TYServerV2/trunk/ModuleDB/src/main/java/com/sporger/server/db/service/CommentDBService.java</path><path action="M" localPath="ModuleDB/src/main/resources/mapper/main/comment.xml" kind="unknown">/Code/TYServerV2/trunk/ModuleDB/src/main/resources/mapper/main/comment.xml</path><path action="M" localPath="ServerCenter/src/main/java/com/sporger/server/center/service/thrift/UserThriftService.java" kind="unknown">/Code/TYServerV2/trunk/ServerCenter/src/main/java/com/sporger/server/center/service/thrift/UserThriftService.java</path><path action="M" localPath="ModuleDB/src/main/java/com/sporger/server/db/service/CircleEntryDBService.java" kind="unknown">/Code/TYServerV2/trunk/ModuleDB/src/main/java/com/sporger/server/db/service/CircleEntryDBService.java</path><path action="A" localPath="ModuleDB/src/main/java/com/sporger/server/db/model/UserLog.java" kind="unknown">/Code/TYServerV2/trunk/ModuleDB/src/main/java/com/sporger/server/db/model/UserLog.java</path></paths><msg>Model封装逻辑修改</msg></logentry><logentry revision="9349"><author>fanwentao</author><date>2018-05-10T12:53:42.450360Z</date><paths><path action="M" localPath="ModuleDB/src/main/java/com/sporger/server/db/service/UserDBService.java" kind="unknown">/Code/TYServerV2/trunk/ModuleDB/src/main/java/com/sporger/server/db/service/UserDBService.java</path><path action="M" localPath="ModuleDB/src/main/resources/mapper/main/userStatistic.xml" kind="unknown">/Code/TYServerV2/trunk/ModuleDB/src/main/resources/mapper/main/userStatistic.xml</path><path action="M" localPath="ServerManage/src/main/java/com/sporger/server/manage/controller/UserController.java" kind="unknown">/Code/TYServerV2/trunk/ServerManage/src/main/java/com/sporger/server/manage/controller/UserController.java</path><path action="M" localPath="ModuleDB/src/main/java/com/sporger/server/db/dao/main/StatisticMapper.java" kind="unknown">/Code/TYServerV2/trunk/ModuleDB/src/main/java/com/sporger/server/db/dao/main/StatisticMapper.java</path><path action="M" localPath="ServerManage/src/main/java/com/sporger/server/manage/controller/StatisticsController.java" kind="unknown">/Code/TYServerV2/trunk/ServerManage/src/main/java/com/sporger/server/manage/controller/StatisticsController.java</path><path action="M" localPath="ServerGame/src/main/java/com/sporger/server/game/service/handler/LoginHandler.java" kind="unknown">/Code/TYServerV2/trunk/ServerGame/src/main/java/com/sporger/server/game/service/handler/LoginHandler.java</path><path action="M" localPath="ModuleDB/src/main/java/com/sporger/server/db/service/StatisticDBService.java" kind="unknown">/Code/TYServerV2/trunk/ModuleDB/src/main/java/com/sporger/server/db/service/StatisticDBService.java</path></paths><msg>统计登入用户数量</msg></logentry><logentry revision="9347"><author>fanwentao</author><date>2018-05-10T11:16:14.321881Z</date><paths><path action="M" localPath="TYOperation/user_tb.html" kind="unknown">/Code/TYOperation/trunk/user_tb.html</path></paths><msg>清除角色

</msg></logentry></log>