<?xml version="1.0" encoding="UTF-8"?><log><logentry revision="312"><author>jiangdingfu</author><date>2017-12-01T07:27:48.626842Z</date><paths><path action="M" localPath="main/circle_home/CircleEntry/style.css" kind="unknown">/Sporger/Code/TYFrontend/main/circle_home/CircleEntry/style.css</path><path action="M" localPath="main/version/form.js" kind="unknown">/Sporger/Code/TYFrontend/main/version/form.js</path><path action="M" localPath="configs/config.local.js" kind="unknown">/Sporger/Code/TYFrontend/configs/config.local.js</path></paths><msg>运动圈合入</msg></logentry><logentry revision="343"><author>jiangdingfu</author><date>2017-12-25T07:59:36.621798Z</date><paths><path action="M" localPath="main/version/form.js" kind="unknown">/Sporger/Code/TYFrontend/main/version/form.js</path></paths><msg>版本修改</msg></logentry></log>