<?xml version="1.0" encoding="UTF-8"?><log><logentry revision="9818"><author>jiangdingfu</author><date>2018-05-29T02:46:17.047795Z</date><paths><path action="M" localPath="ModuleProto/src/main/java/com/sporger/server/proto/model/ProtoMatching.java" kind="unknown">/Code/TYServerV2/trunk/ModuleProto/src/main/java/com/sporger/server/proto/model/ProtoMatching.java</path><path action="M" localPath="ModuleProto/src/main/java/com/sporger/server/proto/model/ProtoRainbowRun.java" kind="unknown">/Code/TYServerV2/trunk/ModuleProto/src/main/java/com/sporger/server/proto/model/ProtoRainbowRun.java</path></paths><msg>彩虹跑逻辑</msg></logentry><logentry revision="9829"><author>jiangdingfu</author><date>2018-05-29T06:35:01.296955Z</date><paths><path action="A" localPath="ModuleDB/src/main/java/com/sporger/server/db/dao/main/ChampionshipMapper.java" kind="unknown">/Code/TYServerV2/trunk/ModuleDB/src/main/java/com/sporger/server/db/dao/main/ChampionshipMapper.java</path><path action="M" localPath="ModuleDB/src/main/java/com/sporger/server/db/dao/main/ChampionshipSessionMapper.java" kind="unknown">/Code/TYServerV2/trunk/ModuleDB/src/main/java/com/sporger/server/db/dao/main/ChampionshipSessionMapper.java</path><path action="M" localPath="ModuleConfig/src/main/java/com/sporger/server/config/model/ChampionshipConfig.java" kind="unknown">/Code/TYServerV2/trunk/ModuleConfig/src/main/java/com/sporger/server/config/model/ChampionshipConfig.java</path><path action="A" localPath="ModuleDB/src/main/resources/mapper/main/championship.xml" kind="unknown">/Code/TYServerV2/trunk/ModuleDB/src/main/resources/mapper/main/championship.xml</path><path action="A" localPath="ModuleDB/src/main/java/com/sporger/server/db/service/ChampionshipDBService.java" kind="unknown">/Code/TYServerV2/trunk/ModuleDB/src/main/java/com/sporger/server/db/service/ChampionshipDBService.java</path><path action="M" localPath="ServerManage/src/main/java/com/sporger/server/manage/controller/GameConfigController.java" kind="unknown">/Code/TYServerV2/trunk/ServerManage/src/main/java/com/sporger/server/manage/controller/GameConfigController.java</path><path action="M" localPath="ServerManage/src/main/java/com/sporger/server/manage/service/GameConfigRedisService.java" kind="unknown">/Code/TYServerV2/trunk/ServerManage/src/main/java/com/sporger/server/manage/service/GameConfigRedisService.java</path><path action="A" localPath="ModuleCommon/src/main/java/com/sporger/server/common/model/Championship.java" kind="unknown">/Code/TYServerV2/trunk/ModuleCommon/src/main/java/com/sporger/server/common/model/Championship.java</path><path action="M" localPath="ModuleConfig/src/main/java/com/sporger/server/config/service/load/ChampionshipConfigLoadService.java" kind="unknown">/Code/TYServerV2/trunk/ModuleConfig/src/main/java/com/sporger/server/config/service/load/ChampionshipConfigLoadService.java</path><path action="M" localPath="ModuleCommon/src/main/java/com/sporger/server/common/model/ChampionshipSession.java" kind="unknown">/Code/TYServerV2/trunk/ModuleCommon/src/main/java/com/sporger/server/common/model/ChampionshipSession.java</path><path action="M" localPath="ModuleConfig/src/main/java/com/sporger/server/config/model/ChampionshipSessionConfig.java" kind="unknown">/Code/TYServerV2/trunk/ModuleConfig/src/main/java/com/sporger/server/config/model/ChampionshipSessionConfig.java</path><path action="M" localPath="ModuleDB/src/main/java/com/sporger/server/db/service/ChampionshipSessionDBService.java" kind="unknown">/Code/TYServerV2/trunk/ModuleDB/src/main/java/com/sporger/server/db/service/ChampionshipSessionDBService.java</path></paths><msg>锦标赛逻辑修改</msg></logentry><logentry revision="9830"><author>jiangdingfu</author><date>2018-05-29T06:35:32.506193Z</date><paths><path action="A" localPath="ModuleProto/src/main/java/com/sporger/server/proto/model/ProtoChampionship.java" kind="unknown">/Code/TYServerV2/trunk/ModuleProto/src/main/java/com/sporger/server/proto/model/ProtoChampionship.java</path></paths><msg>锦标赛逻辑修改</msg></logentry><logentry revision="9832"><author>jiangdingfu</author><date>2018-05-29T06:44:40.332496Z</date><paths><path action="M" localPath="ModuleDB/src/main/java/com/sporger/server/db/dao/main/ChampionshipSessionMapper.java" kind="unknown">/Code/TYServerV2/trunk/ModuleDB/src/main/java/com/sporger/server/db/dao/main/ChampionshipSessionMapper.java</path></paths><msg>锦标赛逻辑修改</msg></logentry><logentry revision="9827"><author>jiangdingfu</author><date>2018-05-29T06:18:26.437394Z</date><paths><path action="M" localPath="TYOperation/configuration.html" kind="unknown">/Code/TYOperation/trunk/configuration.html</path></paths><msg>配置逻辑修改</msg></logentry></log>