<?xml version="1.0" encoding="UTF-8"?><log><logentry revision="8517"><author>jiangdingfu</author><date>2018-04-19T06:51:20.571911Z</date><paths><path action="M" localPath="ModuleRedis/src/main/java/com/sporger/server/redis/service/RedisUserTraceService.java" kind="unknown">/Code/TYServerV2/trunk/ModuleRedis/src/main/java/com/sporger/server/redis/service/RedisUserTraceService.java</path><path action="M" localPath="ModuleRedis/src/main/java/com/sporger/server/redis/model/RedisUserTrace.java" kind="unknown">/Code/TYServerV2/trunk/ModuleRedis/src/main/java/com/sporger/server/redis/model/RedisUserTrace.java</path><path action="M" localPath="ServerGame/src/main/java/com/sporger/server/game/service/MarathonService.java" kind="unknown">/Code/TYServerV2/trunk/ServerGame/src/main/java/com/sporger/server/game/service/MarathonService.java</path></paths><msg>比赛逻辑修改</msg></logentry><logentry revision="8518"><author>jiangdingfu</author><date>2018-04-19T07:15:25.154032Z</date><paths><path action="M" localPath="ServerGame/src/main/java/com/sporger/server/game/service/MarathonService.java" kind="unknown">/Code/TYServerV2/trunk/ServerGame/src/main/java/com/sporger/server/game/service/MarathonService.java</path></paths><msg>比赛围观逻辑修改</msg></logentry><logentry revision="8519"><author>fanwentao</author><date>2018-04-19T07:18:34.128118Z</date><paths><path action="M" localPath="ServerCenter/src/main/resources/taskContext.xml" kind="unknown">/Code/TYServerV2/trunk/ServerCenter/src/main/resources/taskContext.xml</path><path action="M" localPath="ServerCenter/src/main/java/com/sporger/server/center/service/BulletinOperationService.java" kind="unknown">/Code/TYServerV2/trunk/ServerCenter/src/main/java/com/sporger/server/center/service/BulletinOperationService.java</path></paths><msg>空指针</msg></logentry></log>