<?xml version="1.0" encoding="UTF-8"?><log><logentry revision="8668"><author>jiangdingfu</author><date>2018-04-24T03:55:15.236811Z</date><paths><path action="M" localPath="ModuleRedis/src/main/resources/properties/dev/gate.properties" kind="unknown">/Code/TYServerV2/trunk/ModuleRedis/src/main/resources/properties/dev/gate.properties</path><path action="M" localPath="ModuleRedis/src/main/resources/properties/lan/gate.properties" kind="unknown">/Code/TYServerV2/trunk/ModuleRedis/src/main/resources/properties/lan/gate.properties</path></paths><msg>消息结构调整</msg></logentry></log>