<?xml version="1.0" encoding="UTF-8"?><log><logentry revision="344"><author>jiangdingfu</author><date>2017-12-25T09:45:37.889495Z</date><paths><path action="M" localPath="main/version/form.js" kind="unknown">/Sporger/Code/TYFrontend/main/version/form.js</path></paths><msg/></logentry><logentry revision="350"><author>jiangdingfu</author><date>2017-12-28T09:04:54.472579Z</date><paths><path action="M" localPath="main/version/form.js" kind="unknown">/Sporger/Code/TYFrontend/main/version/form.js</path></paths><msg>版本修改</msg></logentry><logentry revision="361"><author>jiangdingfu</author><date>2018-01-09T09:06:21.913799Z</date><paths><path action="M" localPath="configs/config.lan.js" kind="unknown">/Sporger/Code/TYFrontend/configs/config.lan.js</path></paths><msg>版本修改</msg></logentry></log>