<?xml version="1.0" encoding="UTF-8"?><log><logentry revision="7921"><author>jiangdingfu</author><date>2018-04-03T07:24:57.228941Z</date><paths><path action="A" localPath="ServerCenter/src/main/java/com/sporger/server/center/service/LoadDataService.java" kind="unknown">/Code/TYServerV2/trunk/ServerCenter/src/main/java/com/sporger/server/center/service/LoadDataService.java</path><path action="M" localPath="ModuleConfig/src/main/java/com/sporger/server/config/service/GameConfigService.java" kind="unknown">/Code/TYServerV2/trunk/ModuleConfig/src/main/java/com/sporger/server/config/service/GameConfigService.java</path><path action="A" localPath="ServerCenter/src/main/java/com/sporger/server/center/service/BulletinOperationService.java" copyfrom-path="/Code/TYServerV2/trunk/ServerCenter/src/main/java/com/sporger/server/center/service/BulletinService.java" copyfrom-rev="7920" kind="unknown">/Code/TYServerV2/trunk/ServerCenter/src/main/java/com/sporger/server/center/service/BulletinOperationService.java</path><path action="M" localPath="ModuleProto/src/main/java/com/sporger/server/proto/model/ProtoCommon.java" kind="unknown">/Code/TYServerV2/trunk/ModuleProto/src/main/java/com/sporger/server/proto/model/ProtoCommon.java</path><path action="M" localPath="ServerDB/src/main/java/com/sporger/server/db/service/UserLogDBThriftService.java" kind="unknown">/Code/TYServerV2/trunk/ServerDB/src/main/java/com/sporger/server/db/service/UserLogDBThriftService.java</path><path action="M" localPath="ModuleThrift/tools/thrift/DBModel.thrift" kind="unknown">/Code/TYServerV2/trunk/ModuleThrift/tools/thrift/DBModel.thrift</path><path action="M" localPath="ModuleThrift/src/main/java/com/sporger/server/thrift/conf/BaseThrift.java" kind="unknown">/Code/TYServerV2/trunk/ModuleThrift/src/main/java/com/sporger/server/thrift/conf/BaseThrift.java</path><path action="A" localPath="ModuleThrift/src/main/java/com/sporger/server/thrift/interfaces/IMailDBThriftService.java" kind="unknown">/Code/TYServerV2/trunk/ModuleThrift/src/main/java/com/sporger/server/thrift/interfaces/IMailDBThriftService.java</path><path action="M" localPath="ServerManage/src/main/java/com/sporger/server/manage/controller/GameConfigController.java" kind="unknown">/Code/TYServerV2/trunk/ServerManage/src/main/java/com/sporger/server/manage/controller/GameConfigController.java</path><path action="M" localPath="ServerDB/src/main/java/com/sporger/server/db/service/ChatRoomDBThriftService.java" kind="unknown">/Code/TYServerV2/trunk/ServerDB/src/main/java/com/sporger/server/db/service/ChatRoomDBThriftService.java</path><path action="M" localPath="ServerDB/src/main/java/com/sporger/server/db/service/BulletinOperationDBThriftService.java" kind="unknown">/Code/TYServerV2/trunk/ServerDB/src/main/java/com/sporger/server/db/service/BulletinOperationDBThriftService.java</path><path action="M" localPath="ServerDB/src/main/java/com/sporger/server/db/service/MarathonDBThriftService.java" kind="unknown">/Code/TYServerV2/trunk/ServerDB/src/main/java/com/sporger/server/db/service/MarathonDBThriftService.java</path><path action="M" localPath="ServerDB/src/main/java/com/sporger/server/db/service/CircleEntryDBThriftService.java" kind="unknown">/Code/TYServerV2/trunk/ServerDB/src/main/java/com/sporger/server/db/service/CircleEntryDBThriftService.java</path><path action="M" localPath="ServerDB/src/main/java/com/sporger/server/db/service/LogDBThriftService.java" kind="unknown">/Code/TYServerV2/trunk/ServerDB/src/main/java/com/sporger/server/db/service/LogDBThriftService.java</path><path action="M" localPath="ModuleProto/src/main/java/com/sporger/server/proto/util/ProtoUtil.java" kind="unknown">/Code/TYServerV2/trunk/ModuleProto/src/main/java/com/sporger/server/proto/util/ProtoUtil.java</path><path action="M" localPath="ServerDB/src/main/java/com/sporger/server/db/service/RoomDBThriftService.java" kind="unknown">/Code/TYServerV2/trunk/ServerDB/src/main/java/com/sporger/server/db/service/RoomDBThriftService.java</path><path action="M" localPath="ModuleThrift/src/main/java/com/sporger/server/thrift/conf/BaseZooKeeper.java" kind="unknown">/Code/TYServerV2/trunk/ModuleThrift/src/main/java/com/sporger/server/thrift/conf/BaseZooKeeper.java</path><path action="M" localPath="ServerDB/src/main/java/com/sporger/server/db/conf/ThriftConfig.java" kind="unknown">/Code/TYServerV2/trunk/ServerDB/src/main/java/com/sporger/server/db/conf/ThriftConfig.java</path><path action="A" localPath="ModuleCommon/src/main/java/com/sporger/server/common/bean/LogInfo.java" kind="unknown">/Code/TYServerV2/trunk/ModuleCommon/src/main/java/com/sporger/server/common/bean/LogInfo.java</path><path action="M" localPath="ServerDB/src/main/java/com/sporger/server/db/service/MissionDBThriftService.java" kind="unknown">/Code/TYServerV2/trunk/ServerDB/src/main/java/com/sporger/server/db/service/MissionDBThriftService.java</path><path action="A" localPath="ServerGame/src/main/java/com/sporger/server/game/mq/MqBulletinHandler.java" copyfrom-path="/Code/TYServerV2/trunk/ServerGame/src/main/java/com/sporger/server/game/mq/MqBulletScreenHandler.java" copyfrom-rev="7810" kind="unknown">/Code/TYServerV2/trunk/ServerGame/src/main/java/com/sporger/server/game/mq/MqBulletinHandler.java</path><path action="M" localPath="ServerGame/src/main/java/com/sporger/server/game/netty/NettyServer.java" kind="unknown">/Code/TYServerV2/trunk/ServerGame/src/main/java/com/sporger/server/game/netty/NettyServer.java</path><path action="M" localPath="ServerGame/src/main/java/com/sporger/server/game/mq/MqConsumerService.java" kind="unknown">/Code/TYServerV2/trunk/ServerGame/src/main/java/com/sporger/server/game/mq/MqConsumerService.java</path><path action="A" localPath="ModuleMQ/src/main/java/com/sporger/server/mq/service/MqLogProducerService.java" copyfrom-path="/Code/TYServerV2/trunk/ServerCenter/src/main/java/com/sporger/server/center/mq/MqProducerService.java" copyfrom-rev="7819" kind="unknown">/Code/TYServerV2/trunk/ModuleMQ/src/main/java/com/sporger/server/mq/service/MqLogProducerService.java</path><path action="M" localPath="ServerDB/src/main/java/com/sporger/server/db/service/InvitationCodeDBThriftService.java" kind="unknown">/Code/TYServerV2/trunk/ServerDB/src/main/java/com/sporger/server/db/service/InvitationCodeDBThriftService.java</path><path action="A" localPath="ServerDB/src/main/resources/mapper/main/mail.xml" copyfrom-path="/Code/TYServerV2/trunk/ServerDB/src/main/resources/mapper/main/bulletinGame.xml" copyfrom-rev="7851" kind="unknown">/Code/TYServerV2/trunk/ServerDB/src/main/resources/mapper/main/mail.xml</path><path action="M" localPath="ServerDB/src/main/java/com/sporger/server/db/service/UserWXDBThriftService.java" kind="unknown">/Code/TYServerV2/trunk/ServerDB/src/main/java/com/sporger/server/db/service/UserWXDBThriftService.java</path><path action="A" localPath="ServerCenter/src/main/java/com/sporger/server/center/service/MailRuleService.java" kind="unknown">/Code/TYServerV2/trunk/ServerCenter/src/main/java/com/sporger/server/center/service/MailRuleService.java</path><path action="M" localPath="ServerDB/src/main/java/com/sporger/server/db/mq/MqLogHandler.java" kind="unknown">/Code/TYServerV2/trunk/ServerDB/src/main/java/com/sporger/server/db/mq/MqLogHandler.java</path><path action="A" localPath="ModuleThrift/src/main/java/com/sporger/server/thrift/bean/PageMailTB.java" kind="unknown">/Code/TYServerV2/trunk/ModuleThrift/src/main/java/com/sporger/server/thrift/bean/PageMailTB.java</path><path action="M" localPath="ModuleMQ/src/main/java/com/sporger/server/mq/model/MqMessage.java" kind="unknown">/Code/TYServerV2/trunk/ModuleMQ/src/main/java/com/sporger/server/mq/model/MqMessage.java</path><path action="M" localPath="ModuleConfig/src/main/java/com/sporger/server/config/service/load/GameConfigLoadService.java" kind="unknown">/Code/TYServerV2/trunk/ModuleConfig/src/main/java/com/sporger/server/config/service/load/GameConfigLoadService.java</path><path action="A" localPath="ServerDB/src/main/java/com/sporger/server/db/dao/main/MailMapper.java" copyfrom-path="/Code/TYServerV2/trunk/ServerDB/src/main/java/com/sporger/server/db/dao/main/BulletinGameMapper.java" copyfrom-rev="7851" kind="unknown">/Code/TYServerV2/trunk/ServerDB/src/main/java/com/sporger/server/db/dao/main/MailMapper.java</path><path action="M" localPath="ServerManage/src/main/java/com/sporger/server/manage/service/GameConfigRedisService.java" kind="unknown">/Code/TYServerV2/trunk/ServerManage/src/main/java/com/sporger/server/manage/service/GameConfigRedisService.java</path><path action="M" localPath="ServerDB/src/main/java/com/sporger/server/db/service/CommentDBThriftService.java" kind="unknown">/Code/TYServerV2/trunk/ServerDB/src/main/java/com/sporger/server/db/service/CommentDBThriftService.java</path><path action="A" localPath="ServerDB/src/main/java/com/sporger/server/db/service/MailDBThriftService.java" copyfrom-path="/Code/TYServerV2/trunk/ServerDB/src/main/java/com/sporger/server/db/service/BulletinGameDBThriftService.java" copyfrom-rev="7851" kind="unknown">/Code/TYServerV2/trunk/ServerDB/src/main/java/com/sporger/server/db/service/MailDBThriftService.java</path><path action="M" localPath="ModuleThrift/tools/thrift/DBBean.thrift" kind="unknown">/Code/TYServerV2/trunk/ModuleThrift/tools/thrift/DBBean.thrift</path><path action="M" localPath="ServerGame/src/main/java/com/sporger/server/game/service/MarathonService.java" kind="unknown">/Code/TYServerV2/trunk/ServerGame/src/main/java/com/sporger/server/game/service/MarathonService.java</path><path action="M" localPath="ModuleThrift/src/main/java/com/sporger/server/thrift/model/MailTM.java" kind="unknown">/Code/TYServerV2/trunk/ModuleThrift/src/main/java/com/sporger/server/thrift/model/MailTM.java</path><path action="M" localPath="ModuleMQ/src/main/resources/properties/dev/mq.properties" kind="unknown">/Code/TYServerV2/trunk/ModuleMQ/src/main/resources/properties/dev/mq.properties</path><path action="M" localPath="ModuleThrift/src/main/resources/thrift/thrift.properties" kind="unknown">/Code/TYServerV2/trunk/ModuleThrift/src/main/resources/thrift/thrift.properties</path><path action="M" localPath="ServerDB/src/main/java/com/sporger/server/db/service/BulletinGameDBThriftService.java" kind="unknown">/Code/TYServerV2/trunk/ServerDB/src/main/java/com/sporger/server/db/service/BulletinGameDBThriftService.java</path><path action="M" localPath="ModuleMQ/src/main/resources/properties/test/mq.properties" kind="unknown">/Code/TYServerV2/trunk/ModuleMQ/src/main/resources/properties/test/mq.properties</path><path action="M" localPath="ModuleMQ/src/main/resources/properties/lan/mq.properties" kind="unknown">/Code/TYServerV2/trunk/ModuleMQ/src/main/resources/properties/lan/mq.properties</path><path action="M" localPath="ModuleCommon/src/main/java/com/sporger/server/common/conf/SporgerCommon.java" kind="unknown">/Code/TYServerV2/trunk/ModuleCommon/src/main/java/com/sporger/server/common/conf/SporgerCommon.java</path><path action="M" localPath="ServerGame/src/main/java/com/sporger/server/game/service/SquareService.java" kind="unknown">/Code/TYServerV2/trunk/ServerGame/src/main/java/com/sporger/server/game/service/SquareService.java</path><path action="M" localPath="ServerDB/src/main/java/com/sporger/server/db/service/SindexDBThriftService.java" kind="unknown">/Code/TYServerV2/trunk/ServerDB/src/main/java/com/sporger/server/db/service/SindexDBThriftService.java</path><path action="A" localPath="ModuleConfig/src/main/java/com/sporger/server/config/model/MailConfig.java" kind="unknown">/Code/TYServerV2/trunk/ModuleConfig/src/main/java/com/sporger/server/config/model/MailConfig.java</path><path action="D" localPath="ServerCenter/src/main/java/com/sporger/server/center/service/BulletinService.java" kind="unknown">/Code/TYServerV2/trunk/ServerCenter/src/main/java/com/sporger/server/center/service/BulletinService.java</path><path action="M" localPath="ServerGame/src/main/java/com/sporger/server/game/mq/MqProducerService.java" kind="unknown">/Code/TYServerV2/trunk/ServerGame/src/main/java/com/sporger/server/game/mq/MqProducerService.java</path><path action="M" localPath="ModuleThrift/tools/thrift/DBService.thrift" kind="unknown">/Code/TYServerV2/trunk/ModuleThrift/tools/thrift/DBService.thrift</path><path action="M" localPath="ModuleConfig/src/main/java/com/sporger/server/config/mq/MqConfigHandler.java" kind="unknown">/Code/TYServerV2/trunk/ModuleConfig/src/main/java/com/sporger/server/config/mq/MqConfigHandler.java</path><path action="M" localPath="ModuleMQ/src/main/resources/properties/prd/mq.properties" kind="unknown">/Code/TYServerV2/trunk/ModuleMQ/src/main/resources/properties/prd/mq.properties</path><path action="A" localPath="ModuleThrift/src/main/java/com/sporger/server/thrift/client/MailDBThriftClient.java" copyfrom-path="/Code/TYServerV2/trunk/ModuleThrift/src/main/java/com/sporger/server/thrift/client/BulletinGameDBThriftClient.java" copyfrom-rev="7851" kind="unknown">/Code/TYServerV2/trunk/ModuleThrift/src/main/java/com/sporger/server/thrift/client/MailDBThriftClient.java</path><path action="M" localPath="ServerCenter/src/main/java/com/sporger/server/center/mq/MqProducerService.java" kind="unknown">/Code/TYServerV2/trunk/ServerCenter/src/main/java/com/sporger/server/center/mq/MqProducerService.java</path><path action="A" localPath="ServerGame/src/main/java/com/sporger/server/game/service/handler/MailHandler.java" copyfrom-path="/Code/TYServerV2/trunk/ServerGame/src/main/java/com/sporger/server/game/service/handler/LoginHandler.java" copyfrom-rev="7674" kind="unknown">/Code/TYServerV2/trunk/ServerGame/src/main/java/com/sporger/server/game/service/handler/MailHandler.java</path></paths><msg>公告逻辑修改</msg></logentry><logentry revision="7922"><author>jiangdingfu</author><date>2018-04-03T07:26:51.558231Z</date><paths><path action="A" localPath="ModuleProto/src/main/java/com/sporger/server/proto/model/ProtoMail.java" kind="unknown">/Code/TYServerV2/trunk/ModuleProto/src/main/java/com/sporger/server/proto/model/ProtoMail.java</path></paths><msg>公告逻辑修改</msg></logentry></log>