<?xml version="1.0" encoding="UTF-8"?><log><logentry revision="8770"><author>jiangdingfu</author><date>2018-04-25T13:07:42.717587Z</date><paths><path action="M" localPath="ServerManage/src/main/java/com/sporger/server/manage/service/MonitorService.java" kind="unknown">/Code/TYServerV2/trunk/ServerManage/src/main/java/com/sporger/server/manage/service/MonitorService.java</path></paths><msg>预上线版本发布</msg></logentry><logentry revision="8787"><author>jiangdingfu</author><date>2018-04-26T03:29:07.164349Z</date><paths><path action="M" localPath="ServerCenter/src/main/java/com/sporger/server/center/service/MarathonTraceService.java" kind="unknown">/Code/TYServerV2/trunk/ServerCenter/src/main/java/com/sporger/server/center/service/MarathonTraceService.java</path><path action="M" localPath="ServerGame/src/main/java/com/sporger/server/game/service/RoomService.java" kind="unknown">/Code/TYServerV2/trunk/ServerGame/src/main/java/com/sporger/server/game/service/RoomService.java</path><path action="M" localPath="ModuleCommon/src/main/resources/logback.xml" kind="unknown">/Code/TYServerV2/trunk/ModuleCommon/src/main/resources/logback.xml</path><path action="M" localPath="ServerCenter/src/main/java/com/sporger/server/center/service/BulletinOperationService.java" kind="unknown">/Code/TYServerV2/trunk/ServerCenter/src/main/java/com/sporger/server/center/service/BulletinOperationService.java</path><path action="M" localPath="ServerGame/src/main/java/com/sporger/server/game/service/RainbowService.java" kind="unknown">/Code/TYServerV2/trunk/ServerGame/src/main/java/com/sporger/server/game/service/RainbowService.java</path><path action="M" localPath="ServerGame/src/main/java/com/sporger/server/game/service/CompeteService.java" kind="unknown">/Code/TYServerV2/trunk/ServerGame/src/main/java/com/sporger/server/game/service/CompeteService.java</path><path action="M" localPath="ServerGame/src/main/java/com/sporger/server/game/service/SquareService.java" kind="unknown">/Code/TYServerV2/trunk/ServerGame/src/main/java/com/sporger/server/game/service/SquareService.java</path><path action="M" localPath="ServerGame/src/main/java/com/sporger/server/game/service/CompeteMatchService.java" kind="unknown">/Code/TYServerV2/trunk/ServerGame/src/main/java/com/sporger/server/game/service/CompeteMatchService.java</path><path action="M" localPath="ServerGame/src/main/java/com/sporger/server/game/service/handler/ActivityHandler.java" kind="unknown">/Code/TYServerV2/trunk/ServerGame/src/main/java/com/sporger/server/game/service/handler/ActivityHandler.java</path><path action="M" localPath="ModuleCommon/src/main/java/com/sporger/server/common/thread/MapThread.java" kind="unknown">/Code/TYServerV2/trunk/ModuleCommon/src/main/java/com/sporger/server/common/thread/MapThread.java</path><path action="M" localPath="ServerGame/src/main/java/com/sporger/server/game/service/MazeService.java" kind="unknown">/Code/TYServerV2/trunk/ServerGame/src/main/java/com/sporger/server/game/service/MazeService.java</path><path action="M" localPath="ServerGame/src/main/java/com/sporger/server/game/service/RoomSportService.java" kind="unknown">/Code/TYServerV2/trunk/ServerGame/src/main/java/com/sporger/server/game/service/RoomSportService.java</path><path action="M" localPath="ModuleProto/src/main/java/com/sporger/server/proto/model/ProtoSearchTreasure.java" kind="unknown">/Code/TYServerV2/trunk/ModuleProto/src/main/java/com/sporger/server/proto/model/ProtoSearchTreasure.java</path></paths><msg>预上线版本发布</msg></logentry><logentry revision="8795"><author>fanwentao</author><date>2018-04-26T03:45:19.999396Z</date><paths><path action="M" localPath="TYOperation/activity_normal.html" kind="unknown">/Code/TYOperation/activity_normal.html</path><path action="M" localPath="TYOperation/configuration.html" kind="unknown">/Code/TYOperation/configuration.html</path><path action="M" localPath="TYOperation/bulletin_run.html" kind="unknown">/Code/TYOperation/bulletin_run.html</path><path action="M" localPath="TYOperation/bulletin_led.html" kind="unknown">/Code/TYOperation/bulletin_led.html</path><path action="M" localPath="TYOperation/chatRoom.html" kind="unknown">/Code/TYOperation/chatRoom.html</path><path action="M" localPath="TYOperation/eroll/eroll_left.html" kind="unknown">/Code/TYOperation/eroll/eroll_left.html</path><path action="M" localPath="TYOperation/eroll/eroll_form.html" kind="unknown">/Code/TYOperation/eroll/eroll_form.html</path><path action="M" localPath="TYOperation/bulletin_game.html" kind="unknown">/Code/TYOperation/bulletin_game.html</path><path action="M" localPath="TYOperation/game_result.html" kind="unknown">/Code/TYOperation/game_result.html</path><path action="M" localPath="TYOperation/token_statistics.html" kind="unknown">/Code/TYOperation/token_statistics.html</path><path action="M" localPath="TYOperation/user_attribute.html" kind="unknown">/Code/TYOperation/user_attribute.html</path><path action="M" localPath="TYOperation/eroll/eroll_index.html" kind="unknown">/Code/TYOperation/eroll/eroll_index.html</path><path action="M" localPath="TYOperation/match_progress.html" kind="unknown">/Code/TYOperation/match_progress.html</path><path action="M" localPath="TYOperation/email_query.html" kind="unknown">/Code/TYOperation/email_query.html</path><path action="M" localPath="TYOperation/user_tb.html" kind="unknown">/Code/TYOperation/user_tb.html</path><path action="M" localPath="TYOperation/match_end.html" kind="unknown">/Code/TYOperation/match_end.html</path><path action="M" localPath="TYOperation/match_enroll.html" kind="unknown">/Code/TYOperation/match_enroll.html</path><path action="M" localPath="TYOperation/bulletin_enter.html" kind="unknown">/Code/TYOperation/bulletin_enter.html</path><path action="M" localPath="TYOperation/viewLog.html" kind="unknown">/Code/TYOperation/viewLog.html</path><path action="M" localPath="TYOperation/sportData.html" kind="unknown">/Code/TYOperation/sportData.html</path><path action="A" localPath="TYOperation/eroll/eroll_match_type.html" kind="unknown">/Code/TYOperation/eroll/eroll_match_type.html</path><path action="M" localPath="TYOperation/redis.html" kind="unknown">/Code/TYOperation/redis.html</path><path action="M" localPath="TYOperation/room.html" kind="unknown">/Code/TYOperation/room.html</path></paths><msg>预上线
</msg></logentry><logentry revision="8796"><author>fanwentao</author><date>2018-04-26T03:45:57.287094Z</date><paths><path action="M" localPath="TYOperation/js/common.js" kind="unknown">/Code/TYOperation/js/common.js</path></paths><msg>预上线b
</msg></logentry></log>