<?xml version="1.0" encoding="UTF-8"?><log><logentry revision="8531"><author>jiangdingfu</author><date>2018-04-19T08:05:14.114055Z</date><paths><path action="M" localPath="ModuleRedis/src/main/java/com/sporger/server/redis/dao/RedisSocketMsgDao.java" kind="unknown">/Code/TYServerV2/trunk/ModuleRedis/src/main/java/com/sporger/server/redis/dao/RedisSocketMsgDao.java</path><path action="M" localPath="ModuleCommon/src/main/java/com/sporger/server/common/util/GameUtil.java" kind="unknown">/Code/TYServerV2/trunk/ModuleCommon/src/main/java/com/sporger/server/common/util/GameUtil.java</path><path action="M" localPath="ModuleRedis/src/main/java/com/sporger/server/redis/service/RedisSocketMsgService.java" kind="unknown">/Code/TYServerV2/trunk/ModuleRedis/src/main/java/com/sporger/server/redis/service/RedisSocketMsgService.java</path></paths><msg>比赛逻辑修改</msg></logentry><logentry revision="8533"><author>fanwentao</author><date>2018-04-19T08:15:59.903606Z</date><paths><path action="M" localPath="ServerCenter/src/main/resources/taskContext.xml" kind="unknown">/Code/TYServerV2/trunk/ServerCenter/src/main/resources/taskContext.xml</path><path action="M" localPath="ServerManage/src/main/java/com/sporger/server/manage/controller/MoneyController.java" kind="unknown">/Code/TYServerV2/trunk/ServerManage/src/main/java/com/sporger/server/manage/controller/MoneyController.java</path></paths><msg>空指针</msg></logentry></log>