<?xml version="1.0" encoding="UTF-8"?><log><logentry revision="365"><author>jiangdingfu</author><date>2018-01-10T03:16:04.107296Z</date><paths><path action="M" localPath="main/msg_error/index.js" kind="unknown">/Sporger/Code/TYFrontend/main/msg_error/index.js</path><path action="M" localPath="package.json" kind="unknown">/Sporger/Code/TYFrontend/package.json</path><path action="M" localPath="utils/apiProxy.js" kind="unknown">/Sporger/Code/TYFrontend/utils/apiProxy.js</path><path action="M" localPath="utils/wxUtil.js" kind="unknown">/Sporger/Code/TYFrontend/utils/wxUtil.js</path><path action="D" localPath="configs/config.test.js" kind="unknown">/Sporger/Code/TYFrontend/configs/config.test.js</path><path action="M" localPath="configs/config.js" kind="unknown">/Sporger/Code/TYFrontend/configs/config.js</path><path action="D" localPath="configs/config.local.js" kind="unknown">/Sporger/Code/TYFrontend/configs/config.local.js</path><path action="D" localPath="configs/config.lan.js" kind="unknown">/Sporger/Code/TYFrontend/configs/config.lan.js</path></paths><msg>运动圈合入</msg></logentry></log>