<?xml version="1.0" encoding="UTF-8"?><log><logentry revision="394"><author>jiangdingfu</author><date>2018-02-09T03:56:08.977392Z</date><paths><path action="M" localPath="manage/server_tp/action.js" kind="unknown">/Sporger/Code/TYFrontend/manage/server_tp/action.js</path><path action="D" localPath="manage/user_admin.html" kind="unknown">/Sporger/Code/TYFrontend/manage/user_admin.html</path><path action="D" localPath="manage/thread_admin" kind="unknown">/Sporger/Code/TYFrontend/manage/thread_admin</path><path action="D" localPath="manage/thread_admin.html" kind="unknown">/Sporger/Code/TYFrontend/manage/thread_admin.html</path><path action="D" localPath="manage/user_admin" kind="unknown">/Sporger/Code/TYFrontend/manage/user_admin</path><path action="M" localPath="utils/apiProxy.js" kind="unknown">/Sporger/Code/TYFrontend/utils/apiProxy.js</path><path action="M" localPath="configs/config.js" kind="unknown">/Sporger/Code/TYFrontend/configs/config.js</path><path action="D" localPath="manage/log_admin" kind="unknown">/Sporger/Code/TYFrontend/manage/log_admin</path><path action="D" localPath="manage/log_admin.html" kind="unknown">/Sporger/Code/TYFrontend/manage/log_admin.html</path></paths><msg>Manage项目修改</msg></logentry></log>