<?xml version="1.0" encoding="UTF-8"?><log><logentry revision="6427"><author>jiangdingfu</author><date>2018-02-08T07:02:46.498706Z</date><paths><path action="M" localPath="ServerGate/src/main/java/com/sporger/server/gate/conf/ZooKeeperConfig.java" kind="unknown">/Code/TYServerV2/trunk/ServerGate/src/main/java/com/sporger/server/gate/conf/ZooKeeperConfig.java</path></paths><msg>Bug修改</msg></logentry><logentry revision="6430"><author>jiangdingfu</author><date>2018-02-08T08:01:15.114125Z</date><paths><path action="M" localPath="ServerDB/src/main/java/com/sporger/server/db/service/LogDBThriftService.java" kind="unknown">/Code/TYServerV2/trunk/ServerDB/src/main/java/com/sporger/server/db/service/LogDBThriftService.java</path><path action="A" localPath="ServerDB/src/main/java/com/sporger/server/db/conf/DataSourceConfig.java" kind="unknown">/Code/TYServerV2/trunk/ServerDB/src/main/java/com/sporger/server/db/conf/DataSourceConfig.java</path><path action="M" localPath="ServerDB/src/main/java/com/sporger/server/db/service/CommentDBThriftService.java" kind="unknown">/Code/TYServerV2/trunk/ServerDB/src/main/java/com/sporger/server/db/service/CommentDBThriftService.java</path><path action="M" localPath="ServerDB/src/main/java/com/sporger/server/db/service/InvitationCodeDBThriftService.java" kind="unknown">/Code/TYServerV2/trunk/ServerDB/src/main/java/com/sporger/server/db/service/InvitationCodeDBThriftService.java</path><path action="A" localPath="ServerDB/src/main/java/com/sporger/server/db/conf/DataSourceConfigGate.java" copyfrom-path="/Code/TYServerV2/trunk/ServerDB/src/main/java/com/sporger/server/db/conf/MasterDataSourceConfig.java" copyfrom-rev="6390" kind="unknown">/Code/TYServerV2/trunk/ServerDB/src/main/java/com/sporger/server/db/conf/DataSourceConfigGate.java</path><path action="M" localPath="ServerDB/src/main/java/com/sporger/server/db/service/CircleEntryDBThriftService.java" kind="unknown">/Code/TYServerV2/trunk/ServerDB/src/main/java/com/sporger/server/db/service/CircleEntryDBThriftService.java</path><path action="A" localPath="ServerDB/src/main/resources/mapper/gate/invitationCode.xml" kind="unknown">/Code/TYServerV2/trunk/ServerDB/src/main/resources/mapper/gate/invitationCode.xml</path><path action="A" localPath="ServerDB/src/main/resources/mapper/gate" kind="unknown">/Code/TYServerV2/trunk/ServerDB/src/main/resources/mapper/gate</path></paths><msg>数据源修改</msg></logentry><logentry revision="6431"><author>jiangdingfu</author><date>2018-02-08T08:02:04.597047Z</date><paths><path action="M" localPath="ServerDB/src/main/resources/db/dev/mysql.properties" kind="unknown">/Code/TYServerV2/trunk/ServerDB/src/main/resources/db/dev/mysql.properties</path><path action="A" localPath="ServerDB/src/main/java/com/sporger/server/db/dao/main" kind="unknown">/Code/TYServerV2/trunk/ServerDB/src/main/java/com/sporger/server/db/dao/main</path><path action="M" localPath="ServerDB/src/main/resources/db/prd/mysql.properties" kind="unknown">/Code/TYServerV2/trunk/ServerDB/src/main/resources/db/prd/mysql.properties</path><path action="M" localPath="ServerDB/src/main/resources/db/test/mysql.properties" kind="unknown">/Code/TYServerV2/trunk/ServerDB/src/main/resources/db/test/mysql.properties</path><path action="M" localPath="ServerDB/src/main/java/com/sporger/server/db/mq/MqLogHandler.java" kind="unknown">/Code/TYServerV2/trunk/ServerDB/src/main/java/com/sporger/server/db/mq/MqLogHandler.java</path><path action="M" localPath="ServerDB/src/main/java/com/sporger/server/db/service/MovementDBThriftService.java" kind="unknown">/Code/TYServerV2/trunk/ServerDB/src/main/java/com/sporger/server/db/service/MovementDBThriftService.java</path><path action="M" localPath="ServerDB/src/main/java/com/sporger/server/db/service/MissionDBThriftService.java" kind="unknown">/Code/TYServerV2/trunk/ServerDB/src/main/java/com/sporger/server/db/service/MissionDBThriftService.java</path><path action="M" localPath="ServerDB/src/main/resources/db/lan/mysql.properties" kind="unknown">/Code/TYServerV2/trunk/ServerDB/src/main/resources/db/lan/mysql.properties</path><path action="A" localPath="ServerDB/src/main/resources/mapper/gate/org.xml" kind="unknown">/Code/TYServerV2/trunk/ServerDB/src/main/resources/mapper/gate/org.xml</path></paths><msg>数据源修改</msg></logentry><logentry revision="6432"><author>jiangdingfu</author><date>2018-02-08T08:02:21.165136Z</date><paths><path action="M" localPath="ServerDB/src/main/java/com/sporger/server/db/service/UserDBThriftService.java" kind="unknown">/Code/TYServerV2/trunk/ServerDB/src/main/java/com/sporger/server/db/service/UserDBThriftService.java</path><path action="M" localPath="ServerDB/src/main/java/com/sporger/server/db/service/UserWXDBThriftService.java" kind="unknown">/Code/TYServerV2/trunk/ServerDB/src/main/java/com/sporger/server/db/service/UserWXDBThriftService.java</path><path action="A" localPath="ServerDB/src/main/resources/mapper/gate/user.xml" kind="unknown">/Code/TYServerV2/trunk/ServerDB/src/main/resources/mapper/gate/user.xml</path><path action="M" localPath="ServerDB/src/main/java/com/sporger/server/db/service/UserPropDBThriftService.java" kind="unknown">/Code/TYServerV2/trunk/ServerDB/src/main/java/com/sporger/server/db/service/UserPropDBThriftService.java</path><path action="A" localPath="ServerDB/src/main/resources/mapper/gate/userWX.xml" kind="unknown">/Code/TYServerV2/trunk/ServerDB/src/main/resources/mapper/gate/userWX.xml</path><path action="M" localPath="ServerDB/src/main/java/com/sporger/server/db/service/UserLogDBThriftService.java" kind="unknown">/Code/TYServerV2/trunk/ServerDB/src/main/java/com/sporger/server/db/service/UserLogDBThriftService.java</path><path action="M" localPath="ServerDB/src/test/java/com/sporger/server/db/UserTest.java" kind="unknown">/Code/TYServerV2/trunk/ServerDB/src/test/java/com/sporger/server/db/UserTest.java</path></paths><msg>数据源修改</msg></logentry><logentry revision="6433"><author>jiangdingfu</author><date>2018-02-08T08:02:38.934129Z</date><paths><path action="A" localPath="ServerDB/src/main/java/com/sporger/server/db/dao/gate" kind="unknown">/Code/TYServerV2/trunk/ServerDB/src/main/java/com/sporger/server/db/dao/gate</path></paths><msg>数据源修改</msg></logentry><logentry revision="6434"><author>jiangdingfu</author><date>2018-02-08T08:03:32.412376Z</date><paths><path action="D" localPath="ServerDB/src/main/resources/mapper/master" kind="unknown">/Code/TYServerV2/trunk/ServerDB/src/main/resources/mapper/master</path><path action="A" localPath="ServerDB/src/main/resources/mapper/main" copyfrom-path="/Code/TYServerV2/trunk/ServerDB/src/main/resources/mapper/master" copyfrom-rev="6433" kind="unknown">/Code/TYServerV2/trunk/ServerDB/src/main/resources/mapper/main</path></paths><msg>数据源修改</msg></logentry><logentry revision="6435"><author>jiangdingfu</author><date>2018-02-08T08:04:03.113246Z</date><paths><path action="M" localPath="ServerDB/src/main/resources/mapper/main/userLog.xml" kind="unknown">/Code/TYServerV2/trunk/ServerDB/src/main/resources/mapper/main/userLog.xml</path><path action="M" localPath="ServerDB/src/main/java/com/sporger/server/db/service/OrgDBThriftService.java" kind="unknown">/Code/TYServerV2/trunk/ServerDB/src/main/java/com/sporger/server/db/service/OrgDBThriftService.java</path><path action="M" localPath="ServerDB/src/main/java/com/sporger/server/db/service/RoomDBThriftService.java" kind="unknown">/Code/TYServerV2/trunk/ServerDB/src/main/java/com/sporger/server/db/service/RoomDBThriftService.java</path><path action="M" localPath="ServerDB/src/main/resources/mapper/main/mission.xml" kind="unknown">/Code/TYServerV2/trunk/ServerDB/src/main/resources/mapper/main/mission.xml</path><path action="M" localPath="ServerDB/src/main/resources/mapper/main/comment.xml" kind="unknown">/Code/TYServerV2/trunk/ServerDB/src/main/resources/mapper/main/comment.xml</path><path action="M" localPath="ServerDB/src/main/java/com/sporger/server/db/service/SindexDBThriftService.java" kind="unknown">/Code/TYServerV2/trunk/ServerDB/src/main/java/com/sporger/server/db/service/SindexDBThriftService.java</path><path action="M" localPath="ServerDB/src/main/resources/mapper/main/room.xml" kind="unknown">/Code/TYServerV2/trunk/ServerDB/src/main/resources/mapper/main/room.xml</path><path action="M" localPath="ServerDB/src/main/resources/mapper/main/userProp.xml" kind="unknown">/Code/TYServerV2/trunk/ServerDB/src/main/resources/mapper/main/userProp.xml</path><path action="M" localPath="ServerDB/src/main/resources/mapper/main/circleEntry.xml" kind="unknown">/Code/TYServerV2/trunk/ServerDB/src/main/resources/mapper/main/circleEntry.xml</path><path action="M" localPath="ServerDB/src/main/resources/mapper/main/movement.xml" kind="unknown">/Code/TYServerV2/trunk/ServerDB/src/main/resources/mapper/main/movement.xml</path><path action="M" localPath="ServerDB/src/main/resources/mapper/main/sindex.xml" kind="unknown">/Code/TYServerV2/trunk/ServerDB/src/main/resources/mapper/main/sindex.xml</path><path action="M" localPath="ServerDB/src/main/resources/mapper/main/log.xml" kind="unknown">/Code/TYServerV2/trunk/ServerDB/src/main/resources/mapper/main/log.xml</path></paths><msg>数据源修改</msg></logentry><logentry revision="6436"><author>jiangdingfu</author><date>2018-02-08T08:04:13.179817Z</date><paths><path action="D" localPath="ServerDB/src/main/resources/mapper/main/invitationCode.xml" kind="unknown">/Code/TYServerV2/trunk/ServerDB/src/main/resources/mapper/main/invitationCode.xml</path><path action="D" localPath="ServerDB/src/main/resources/mapper/main/user.xml" kind="unknown">/Code/TYServerV2/trunk/ServerDB/src/main/resources/mapper/main/user.xml</path><path action="D" localPath="ServerDB/src/main/resources/mapper/main/userWX.xml" kind="unknown">/Code/TYServerV2/trunk/ServerDB/src/main/resources/mapper/main/userWX.xml</path><path action="D" localPath="ServerDB/src/main/resources/mapper/main/org.xml" kind="unknown">/Code/TYServerV2/trunk/ServerDB/src/main/resources/mapper/main/org.xml</path></paths><msg>数据源修改</msg></logentry><logentry revision="6437"><author>jiangdingfu</author><date>2018-02-08T08:04:23.947584Z</date><paths><path action="D" localPath="ServerDB/src/main/java/com/sporger/server/db/dao/ILogDAO.java" kind="unknown">/Code/TYServerV2/trunk/ServerDB/src/main/java/com/sporger/server/db/dao/ILogDAO.java</path><path action="D" localPath="ServerDB/src/main/java/com/sporger/server/db/dao/IOrgDAO.java" kind="unknown">/Code/TYServerV2/trunk/ServerDB/src/main/java/com/sporger/server/db/dao/IOrgDAO.java</path><path action="A" localPath="ServerDB/src/main/java/com/sporger/server/db/dao/main/SindexMapper.java" copyfrom-path="/Code/TYServerV2/trunk/ServerDB/src/main/java/com/sporger/server/db/dao/ISindexDAO.java" copyfrom-rev="6436" kind="unknown">/Code/TYServerV2/trunk/ServerDB/src/main/java/com/sporger/server/db/dao/main/SindexMapper.java</path><path action="A" localPath="ServerDB/src/main/java/com/sporger/server/db/dao/main/UserLogMapper.java" copyfrom-path="/Code/TYServerV2/trunk/ServerDB/src/main/java/com/sporger/server/db/dao/IUserLogDAO.java" copyfrom-rev="6436" kind="unknown">/Code/TYServerV2/trunk/ServerDB/src/main/java/com/sporger/server/db/dao/main/UserLogMapper.java</path><path action="D" localPath="ServerDB/src/main/java/com/sporger/server/db/dao/IInvitationCodeDAO.java" kind="unknown">/Code/TYServerV2/trunk/ServerDB/src/main/java/com/sporger/server/db/dao/IInvitationCodeDAO.java</path><path action="A" localPath="ServerDB/src/main/java/com/sporger/server/db/dao/main/RoomMapper.java" copyfrom-path="/Code/TYServerV2/trunk/ServerDB/src/main/java/com/sporger/server/db/dao/IRoomDAO.java" copyfrom-rev="6436" kind="unknown">/Code/TYServerV2/trunk/ServerDB/src/main/java/com/sporger/server/db/dao/main/RoomMapper.java</path><path action="A" localPath="ServerDB/src/main/java/com/sporger/server/db/dao/gate/OrgMapper.java" copyfrom-path="/Code/TYServerV2/trunk/ServerDB/src/main/java/com/sporger/server/db/dao/IOrgDAO.java" copyfrom-rev="6436" kind="unknown">/Code/TYServerV2/trunk/ServerDB/src/main/java/com/sporger/server/db/dao/gate/OrgMapper.java</path><path action="D" localPath="ServerDB/src/main/java/com/sporger/server/db/conf/MasterDataSourceConfig.java" kind="unknown">/Code/TYServerV2/trunk/ServerDB/src/main/java/com/sporger/server/db/conf/MasterDataSourceConfig.java</path><path action="A" localPath="ServerDB/src/main/java/com/sporger/server/db/dao/gate/UserWXMapper.java" copyfrom-path="/Code/TYServerV2/trunk/ServerDB/src/main/java/com/sporger/server/db/dao/IUserWXDAO.java" copyfrom-rev="6436" kind="unknown">/Code/TYServerV2/trunk/ServerDB/src/main/java/com/sporger/server/db/dao/gate/UserWXMapper.java</path><path action="A" localPath="ServerDB/src/main/java/com/sporger/server/db/dao/gate/UserMapper.java" copyfrom-path="/Code/TYServerV2/trunk/ServerDB/src/main/java/com/sporger/server/db/dao/IUserDAO.java" copyfrom-rev="6436" kind="unknown">/Code/TYServerV2/trunk/ServerDB/src/main/java/com/sporger/server/db/dao/gate/UserMapper.java</path><path action="D" localPath="ServerDB/src/main/java/com/sporger/server/db/dao/IMissionDAO.java" kind="unknown">/Code/TYServerV2/trunk/ServerDB/src/main/java/com/sporger/server/db/dao/IMissionDAO.java</path><path action="D" localPath="ServerDB/src/main/java/com/sporger/server/db/dao/IUserDAO.java" kind="unknown">/Code/TYServerV2/trunk/ServerDB/src/main/java/com/sporger/server/db/dao/IUserDAO.java</path><path action="D" localPath="ServerDB/src/main/java/com/sporger/server/db/dao/IUserWXDAO.java" kind="unknown">/Code/TYServerV2/trunk/ServerDB/src/main/java/com/sporger/server/db/dao/IUserWXDAO.java</path><path action="A" localPath="ServerDB/src/main/java/com/sporger/server/db/dao/gate/InvitationCodeMapper.java" copyfrom-path="/Code/TYServerV2/trunk/ServerDB/src/main/java/com/sporger/server/db/dao/IInvitationCodeDAO.java" copyfrom-rev="6436" kind="unknown">/Code/TYServerV2/trunk/ServerDB/src/main/java/com/sporger/server/db/dao/gate/InvitationCodeMapper.java</path><path action="D" localPath="ServerDB/src/main/java/com/sporger/server/db/dao/IUserPropDAO.java" kind="unknown">/Code/TYServerV2/trunk/ServerDB/src/main/java/com/sporger/server/db/dao/IUserPropDAO.java</path><path action="D" localPath="ServerDB/src/main/java/com/sporger/server/db/dao/IMovementDAO.java" kind="unknown">/Code/TYServerV2/trunk/ServerDB/src/main/java/com/sporger/server/db/dao/IMovementDAO.java</path><path action="A" localPath="ServerDB/src/main/java/com/sporger/server/db/conf/DataSourceConfigMain.java" copyfrom-path="/Code/TYServerV2/trunk/ServerDB/src/main/java/com/sporger/server/db/conf/MasterDataSourceConfig.java" copyfrom-rev="6436" kind="unknown">/Code/TYServerV2/trunk/ServerDB/src/main/java/com/sporger/server/db/conf/DataSourceConfigMain.java</path><path action="A" localPath="ServerDB/src/main/java/com/sporger/server/db/dao/main/MissionMapper.java" copyfrom-path="/Code/TYServerV2/trunk/ServerDB/src/main/java/com/sporger/server/db/dao/IMissionDAO.java" copyfrom-rev="6436" kind="unknown">/Code/TYServerV2/trunk/ServerDB/src/main/java/com/sporger/server/db/dao/main/MissionMapper.java</path><path action="A" localPath="ServerDB/src/main/java/com/sporger/server/db/dao/main/MovementMapper.java" copyfrom-path="/Code/TYServerV2/trunk/ServerDB/src/main/java/com/sporger/server/db/dao/IMovementDAO.java" copyfrom-rev="6436" kind="unknown">/Code/TYServerV2/trunk/ServerDB/src/main/java/com/sporger/server/db/dao/main/MovementMapper.java</path><path action="A" localPath="ServerDB/src/main/java/com/sporger/server/db/dao/main/UserPropMapper.java" copyfrom-path="/Code/TYServerV2/trunk/ServerDB/src/main/java/com/sporger/server/db/dao/IUserPropDAO.java" copyfrom-rev="6436" kind="unknown">/Code/TYServerV2/trunk/ServerDB/src/main/java/com/sporger/server/db/dao/main/UserPropMapper.java</path><path action="D" localPath="ServerDB/src/main/java/com/sporger/server/db/dao/IUserLogDAO.java" kind="unknown">/Code/TYServerV2/trunk/ServerDB/src/main/java/com/sporger/server/db/dao/IUserLogDAO.java</path><path action="A" localPath="ServerDB/src/main/java/com/sporger/server/db/dao/main/LogMapper.java" copyfrom-path="/Code/TYServerV2/trunk/ServerDB/src/main/java/com/sporger/server/db/dao/ILogDAO.java" copyfrom-rev="6436" kind="unknown">/Code/TYServerV2/trunk/ServerDB/src/main/java/com/sporger/server/db/dao/main/LogMapper.java</path><path action="D" localPath="ServerDB/src/main/java/com/sporger/server/db/dao/IRoomDAO.java" kind="unknown">/Code/TYServerV2/trunk/ServerDB/src/main/java/com/sporger/server/db/dao/IRoomDAO.java</path><path action="A" localPath="ServerDB/src/main/java/com/sporger/server/db/dao/main/CircleEntryMapper.java" copyfrom-path="/Code/TYServerV2/trunk/ServerDB/src/main/java/com/sporger/server/db/dao/ICircleEntryDAO.java" copyfrom-rev="6436" kind="unknown">/Code/TYServerV2/trunk/ServerDB/src/main/java/com/sporger/server/db/dao/main/CircleEntryMapper.java</path><path action="D" localPath="ServerDB/src/main/java/com/sporger/server/db/dao/ICommentDAO.java" kind="unknown">/Code/TYServerV2/trunk/ServerDB/src/main/java/com/sporger/server/db/dao/ICommentDAO.java</path><path action="D" localPath="ServerDB/src/main/java/com/sporger/server/db/dao/ISindexDAO.java" kind="unknown">/Code/TYServerV2/trunk/ServerDB/src/main/java/com/sporger/server/db/dao/ISindexDAO.java</path><path action="A" localPath="ServerDB/src/main/java/com/sporger/server/db/dao/main/CommentMapper.java" copyfrom-path="/Code/TYServerV2/trunk/ServerDB/src/main/java/com/sporger/server/db/dao/ICommentDAO.java" copyfrom-rev="6436" kind="unknown">/Code/TYServerV2/trunk/ServerDB/src/main/java/com/sporger/server/db/dao/main/CommentMapper.java</path><path action="D" localPath="ServerDB/src/main/java/com/sporger/server/db/dao/ICircleEntryDAO.java" kind="unknown">/Code/TYServerV2/trunk/ServerDB/src/main/java/com/sporger/server/db/dao/ICircleEntryDAO.java</path></paths><msg>数据源修改</msg></logentry><logentry revision="6438"><author>jiangdingfu</author><date>2018-02-08T08:08:11.025342Z</date><paths><path action="M" localPath="ServerDB/src/main/resources/db/prd/mysql.properties" kind="unknown">/Code/TYServerV2/trunk/ServerDB/src/main/resources/db/prd/mysql.properties</path><path action="M" localPath="ServerDB/src/main/resources/db/test/mysql.properties" kind="unknown">/Code/TYServerV2/trunk/ServerDB/src/main/resources/db/test/mysql.properties</path><path action="M" localPath="ServerDB/src/main/resources/db/lan/mysql.properties" kind="unknown">/Code/TYServerV2/trunk/ServerDB/src/main/resources/db/lan/mysql.properties</path></paths><msg>数据源修改</msg></logentry><logentry revision="6439"><author>jiangdingfu</author><date>2018-02-08T08:17:40.075223Z</date><paths><path action="M" localPath="ServerDB/src/main/resources/db/prd/mysql.properties" kind="unknown">/Code/TYServerV2/trunk/ServerDB/src/main/resources/db/prd/mysql.properties</path><path action="M" localPath="ServerDB/src/main/resources/db/test/mysql.properties" kind="unknown">/Code/TYServerV2/trunk/ServerDB/src/main/resources/db/test/mysql.properties</path></paths><msg>数据源修改</msg></logentry><logentry revision="6442"><author>jiangdingfu</author><date>2018-02-08T08:34:27.494038Z</date><paths><path action="M" localPath="ServerDB/src/main/resources/db/dev/mysql.properties" kind="unknown">/Code/TYServerV2/trunk/ServerDB/src/main/resources/db/dev/mysql.properties</path><path action="M" localPath="ServerDB/src/main/resources/db/prd/mysql.properties" kind="unknown">/Code/TYServerV2/trunk/ServerDB/src/main/resources/db/prd/mysql.properties</path><path action="M" localPath="ServerDB/src/main/resources/db/test/mysql.properties" kind="unknown">/Code/TYServerV2/trunk/ServerDB/src/main/resources/db/test/mysql.properties</path><path action="M" localPath="ServerDB/src/main/resources/db/lan/mysql.properties" kind="unknown">/Code/TYServerV2/trunk/ServerDB/src/main/resources/db/lan/mysql.properties</path></paths><msg>数据源修改</msg></logentry></log>