<?xml version="1.0" encoding="UTF-8"?><log><logentry revision="8429"><author>jiangdingfu</author><date>2018-04-18T03:27:35.727564Z</date><paths><path action="M" localPath="ModuleProto/src/main/java/com/sporger/server/proto/model/ProtoBag.java" kind="unknown">/Code/TYServerV2/trunk/ModuleProto/src/main/java/com/sporger/server/proto/model/ProtoBag.java</path><path action="M" localPath="ModuleProto/src/main/java/com/sporger/server/proto/model/ProtoMarathon.java" kind="unknown">/Code/TYServerV2/trunk/ModuleProto/src/main/java/com/sporger/server/proto/model/ProtoMarathon.java</path><path action="M" localPath="ModuleProto/src/main/java/com/sporger/server/proto/model/ProtoCharacterAttribute.java" kind="unknown">/Code/TYServerV2/trunk/ModuleProto/src/main/java/com/sporger/server/proto/model/ProtoCharacterAttribute.java</path><path action="M" localPath="ServerGame/src/main/java/com/sporger/server/game/service/handler/CharacterHandler.java" kind="unknown">/Code/TYServerV2/trunk/ServerGame/src/main/java/com/sporger/server/game/service/handler/CharacterHandler.java</path><path action="M" localPath="ServerGame/src/main/java/com/sporger/server/game/service/handler/MarathonHandler.java" kind="unknown">/Code/TYServerV2/trunk/ServerGame/src/main/java/com/sporger/server/game/service/handler/MarathonHandler.java</path></paths><msg>比赛逻辑修改</msg></logentry><logentry revision="8432"><author>jiangdingfu</author><date>2018-04-18T03:47:30.371560Z</date><paths><path action="M" localPath="ServerGame/src/main/java/com/sporger/server/game/service/FamService.java" kind="unknown">/Code/TYServerV2/trunk/ServerGame/src/main/java/com/sporger/server/game/service/FamService.java</path><path action="M" localPath="ServerGame/src/main/java/com/sporger/server/game/service/handler/MapHandler.java" kind="unknown">/Code/TYServerV2/trunk/ServerGame/src/main/java/com/sporger/server/game/service/handler/MapHandler.java</path><path action="M" localPath="ModuleProto/src/main/java/com/sporger/server/proto/util/ProtoUtil.java" kind="unknown">/Code/TYServerV2/trunk/ModuleProto/src/main/java/com/sporger/server/proto/util/ProtoUtil.java</path><path action="M" localPath="ServerCenter/src/main/java/com/sporger/server/center/service/thrift/MovementThriftService.java" kind="unknown">/Code/TYServerV2/trunk/ServerCenter/src/main/java/com/sporger/server/center/service/thrift/MovementThriftService.java</path><path action="M" localPath="ModuleConfig/src/main/java/com/sporger/server/config/service/ItemConfigService.java" kind="unknown">/Code/TYServerV2/trunk/ModuleConfig/src/main/java/com/sporger/server/config/service/ItemConfigService.java</path><path action="M" localPath="ServerGame/src/main/java/com/sporger/server/game/service/RainbowService.java" kind="unknown">/Code/TYServerV2/trunk/ServerGame/src/main/java/com/sporger/server/game/service/RainbowService.java</path><path action="M" localPath="ServerGame/src/main/java/com/sporger/server/game/service/MazeService.java" kind="unknown">/Code/TYServerV2/trunk/ServerGame/src/main/java/com/sporger/server/game/service/MazeService.java</path><path action="M" localPath="ServerGame/src/main/java/com/sporger/server/game/service/RoomSportService.java" kind="unknown">/Code/TYServerV2/trunk/ServerGame/src/main/java/com/sporger/server/game/service/RoomSportService.java</path><path action="M" localPath="ModuleConfig/src/main/java/com/sporger/server/config/service/load/ItemConfigLoadService.java" kind="unknown">/Code/TYServerV2/trunk/ModuleConfig/src/main/java/com/sporger/server/config/service/load/ItemConfigLoadService.java</path><path action="M" localPath="ModuleConfig/src/main/java/com/sporger/server/config/model/ItemDropConfig.java" kind="unknown">/Code/TYServerV2/trunk/ModuleConfig/src/main/java/com/sporger/server/config/model/ItemDropConfig.java</path><path action="M" localPath="ServerGame/src/main/java/com/sporger/server/game/service/MarathonService.java" kind="unknown">/Code/TYServerV2/trunk/ServerGame/src/main/java/com/sporger/server/game/service/MarathonService.java</path><path action="M" localPath="ServerGame/src/main/java/com/sporger/server/game/service/handler/MailHandler.java" kind="unknown">/Code/TYServerV2/trunk/ServerGame/src/main/java/com/sporger/server/game/service/handler/MailHandler.java</path></paths><msg>掉落逻辑修改</msg></logentry></log>