<?xml version="1.0" encoding="UTF-8"?><log><logentry revision="7932"><author>jiangdingfu</author><date>2018-04-03T11:35:46.684538Z</date><paths><path action="A" localPath="ServerDB/src/main/java/com/sporger/server/db/mq/MqMailHandler.java" copyfrom-path="/Code/TYServerV2/trunk/ServerDB/src/main/java/com/sporger/server/db/mq/MqLogHandler.java" copyfrom-rev="7921" kind="unknown">/Code/TYServerV2/trunk/ServerDB/src/main/java/com/sporger/server/db/mq/MqMailHandler.java</path><path action="D" localPath="ServerCenter/src/main/java/com/sporger/server/center/service/LoadDataService.java" kind="unknown">/Code/TYServerV2/trunk/ServerCenter/src/main/java/com/sporger/server/center/service/LoadDataService.java</path><path action="M" localPath="ServerDB/src/main/resources/mapper/main/mail.xml" kind="unknown">/Code/TYServerV2/trunk/ServerDB/src/main/resources/mapper/main/mail.xml</path><path action="M" localPath="ModuleConfig/src/main/java/com/sporger/server/config/service/GameConfigService.java" kind="unknown">/Code/TYServerV2/trunk/ModuleConfig/src/main/java/com/sporger/server/config/service/GameConfigService.java</path><path action="D" localPath="ServerCenter/src/main/java/com/sporger/server/center/service/MailRuleService.java" kind="unknown">/Code/TYServerV2/trunk/ServerCenter/src/main/java/com/sporger/server/center/service/MailRuleService.java</path><path action="M" localPath="ServerDB/src/main/java/com/sporger/server/db/mq/MqLogHandler.java" kind="unknown">/Code/TYServerV2/trunk/ServerDB/src/main/java/com/sporger/server/db/mq/MqLogHandler.java</path><path action="M" localPath="ModuleThrift/tools/thrift/DBModel.thrift" kind="unknown">/Code/TYServerV2/trunk/ModuleThrift/tools/thrift/DBModel.thrift</path><path action="A" localPath="ServerGame/src/main/java/com/sporger/server/game/service/LoadDataService.java" copyfrom-path="/Code/TYServerV2/trunk/ServerCenter/src/main/java/com/sporger/server/center/service/LoadDataService.java" copyfrom-rev="7931" kind="unknown">/Code/TYServerV2/trunk/ServerGame/src/main/java/com/sporger/server/game/service/LoadDataService.java</path><path action="M" localPath="ModuleMQ/src/main/java/com/sporger/server/mq/model/MqMessage.java" kind="unknown">/Code/TYServerV2/trunk/ModuleMQ/src/main/java/com/sporger/server/mq/model/MqMessage.java</path><path action="M" localPath="ModuleThrift/src/main/java/com/sporger/server/thrift/interfaces/IMailDBThriftService.java" kind="unknown">/Code/TYServerV2/trunk/ModuleThrift/src/main/java/com/sporger/server/thrift/interfaces/IMailDBThriftService.java</path><path action="M" localPath="ServerDB/src/main/java/com/sporger/server/db/dao/main/MailMapper.java" kind="unknown">/Code/TYServerV2/trunk/ServerDB/src/main/java/com/sporger/server/db/dao/main/MailMapper.java</path><path action="M" localPath="ModuleConfig/src/main/java/com/sporger/server/config/service/load/GameConfigLoadService.java" kind="unknown">/Code/TYServerV2/trunk/ModuleConfig/src/main/java/com/sporger/server/config/service/load/GameConfigLoadService.java</path><path action="M" localPath="ModuleThrift/src/main/java/com/sporger/server/thrift/model/MailTM.java" kind="unknown">/Code/TYServerV2/trunk/ModuleThrift/src/main/java/com/sporger/server/thrift/model/MailTM.java</path><path action="M" localPath="ServerDB/src/main/java/com/sporger/server/db/service/MailDBThriftService.java" kind="unknown">/Code/TYServerV2/trunk/ServerDB/src/main/java/com/sporger/server/db/service/MailDBThriftService.java</path><path action="M" localPath="ModuleMQ/src/main/resources/properties/dev/mq.properties" kind="unknown">/Code/TYServerV2/trunk/ModuleMQ/src/main/resources/properties/dev/mq.properties</path><path action="M" localPath="ServerDB/src/main/java/com/sporger/server/db/mq/MqProducerService.java" kind="unknown">/Code/TYServerV2/trunk/ServerDB/src/main/java/com/sporger/server/db/mq/MqProducerService.java</path><path action="M" localPath="ModuleMQ/src/main/resources/properties/test/mq.properties" kind="unknown">/Code/TYServerV2/trunk/ModuleMQ/src/main/resources/properties/test/mq.properties</path><path action="M" localPath="ModuleMQ/src/main/resources/properties/lan/mq.properties" kind="unknown">/Code/TYServerV2/trunk/ModuleMQ/src/main/resources/properties/lan/mq.properties</path><path action="M" localPath="ServerGame/src/main/java/com/sporger/server/game/mq/MqProducerService.java" kind="unknown">/Code/TYServerV2/trunk/ServerGame/src/main/java/com/sporger/server/game/mq/MqProducerService.java</path><path action="M" localPath="ModuleThrift/tools/thrift/DBService.thrift" kind="unknown">/Code/TYServerV2/trunk/ModuleThrift/tools/thrift/DBService.thrift</path><path action="M" localPath="ServerGame/src/main/java/com/sporger/server/game/netty/NettyServer.java" kind="unknown">/Code/TYServerV2/trunk/ServerGame/src/main/java/com/sporger/server/game/netty/NettyServer.java</path><path action="M" localPath="ModuleRedis/src/main/java/com/sporger/server/redis/dao/RedisMarathonRankDao.java" kind="unknown">/Code/TYServerV2/trunk/ModuleRedis/src/main/java/com/sporger/server/redis/dao/RedisMarathonRankDao.java</path><path action="M" localPath="ModuleMQ/src/main/resources/properties/prd/mq.properties" kind="unknown">/Code/TYServerV2/trunk/ModuleMQ/src/main/resources/properties/prd/mq.properties</path><path action="M" localPath="ServerGame/src/main/java/com/sporger/server/game/service/handler/MarathonHandler.java" kind="unknown">/Code/TYServerV2/trunk/ServerGame/src/main/java/com/sporger/server/game/service/handler/MarathonHandler.java</path><path action="M" localPath="ModuleThrift/src/main/java/com/sporger/server/thrift/client/MailDBThriftClient.java" kind="unknown">/Code/TYServerV2/trunk/ModuleThrift/src/main/java/com/sporger/server/thrift/client/MailDBThriftClient.java</path><path action="M" localPath="ServerGame/src/main/java/com/sporger/server/game/service/handler/MailHandler.java" kind="unknown">/Code/TYServerV2/trunk/ServerGame/src/main/java/com/sporger/server/game/service/handler/MailHandler.java</path></paths><msg>邮件逻辑修改</msg></logentry></log>