<?xml version="1.0" encoding="UTF-8"?><log><logentry revision="7703"><author>jiangdingfu</author><date>2018-03-28T06:25:54.808042Z</date><paths><path action="M" localPath="ServerManage/src/main/java/com/sporger/server/manage/conf/ZooKeeperConfig.java" kind="unknown">/Code/TYServerV2/trunk/ServerManage/src/main/java/com/sporger/server/manage/conf/ZooKeeperConfig.java</path></paths><msg>zk逻辑修改</msg></logentry><logentry revision="7717"><author>jiangdingfu</author><date>2018-03-28T08:06:04.874914Z</date><paths><path action="M" localPath="ServerGame/src/main/java/com/sporger/server/game/service/handler/MapHandler.java" kind="unknown">/Code/TYServerV2/trunk/ServerGame/src/main/java/com/sporger/server/game/service/handler/MapHandler.java</path><path action="M" localPath="ModuleRedis/src/main/java/com/sporger/server/redis/service/RedisMarathonPlayerService.java" kind="unknown">/Code/TYServerV2/trunk/ModuleRedis/src/main/java/com/sporger/server/redis/service/RedisMarathonPlayerService.java</path><path action="M" localPath="ModuleRedis/src/main/java/com/sporger/server/redis/dao/RedisMarathonPlayerDao.java" kind="unknown">/Code/TYServerV2/trunk/ModuleRedis/src/main/java/com/sporger/server/redis/dao/RedisMarathonPlayerDao.java</path><path action="M" localPath="ModuleCommon/src/main/java/com/sporger/server/common/bean/MarathonPlayer.java" kind="unknown">/Code/TYServerV2/trunk/ModuleCommon/src/main/java/com/sporger/server/common/bean/MarathonPlayer.java</path><path action="M" localPath="ServerGame/src/main/java/com/sporger/server/game/service/DataService.java" kind="unknown">/Code/TYServerV2/trunk/ServerGame/src/main/java/com/sporger/server/game/service/DataService.java</path><path action="M" localPath="ModuleProto/src/main/java/com/sporger/server/proto/model/ProtoCommon.java" kind="unknown">/Code/TYServerV2/trunk/ModuleProto/src/main/java/com/sporger/server/proto/model/ProtoCommon.java</path><path action="M" localPath="ServerCenter/src/main/java/com/sporger/server/center/service/thrift/MarathonThriftService.java" kind="unknown">/Code/TYServerV2/trunk/ServerCenter/src/main/java/com/sporger/server/center/service/thrift/MarathonThriftService.java</path><path action="M" localPath="ServerGame/src/main/java/com/sporger/server/game/mq/MqProducerService.java" kind="unknown">/Code/TYServerV2/trunk/ServerGame/src/main/java/com/sporger/server/game/mq/MqProducerService.java</path><path action="M" localPath="ModuleProto/src/main/java/com/sporger/server/proto/model/ProtoMarathon.java" kind="unknown">/Code/TYServerV2/trunk/ModuleProto/src/main/java/com/sporger/server/proto/model/ProtoMarathon.java</path><path action="M" localPath="ServerGame/src/main/java/com/sporger/server/game/netty/NettyServer.java" kind="unknown">/Code/TYServerV2/trunk/ServerGame/src/main/java/com/sporger/server/game/netty/NettyServer.java</path><path action="M" localPath="ServerGame/src/main/java/com/sporger/server/game/service/MarathonService.java" kind="unknown">/Code/TYServerV2/trunk/ServerGame/src/main/java/com/sporger/server/game/service/MarathonService.java</path><path action="M" localPath="ServerGame/src/main/java/com/sporger/server/game/netty/NettyDecoder.java" kind="unknown">/Code/TYServerV2/trunk/ServerGame/src/main/java/com/sporger/server/game/netty/NettyDecoder.java</path><path action="M" localPath="ServerGame/src/main/java/com/sporger/server/game/service/handler/MarathonHandler.java" kind="unknown">/Code/TYServerV2/trunk/ServerGame/src/main/java/com/sporger/server/game/service/handler/MarathonHandler.java</path></paths><msg>比赛逻辑修改</msg></logentry><logentry revision="7726"><author>jiangdingfu</author><date>2018-03-28T09:06:22.685864Z</date><paths><path action="M" localPath="ServerGame/src/main/java/com/sporger/server/game/service/RainbowService.java" kind="unknown">/Code/TYServerV2/trunk/ServerGame/src/main/java/com/sporger/server/game/service/RainbowService.java</path><path action="M" localPath="ModuleRedis/src/main/java/com/sporger/server/redis/dao/RedisStatsMarathonDao.java" kind="unknown">/Code/TYServerV2/trunk/ModuleRedis/src/main/java/com/sporger/server/redis/dao/RedisStatsMarathonDao.java</path><path action="M" localPath="ServerCenter/src/main/java/com/sporger/server/center/service/thrift/MarathonThriftService.java" kind="unknown">/Code/TYServerV2/trunk/ServerCenter/src/main/java/com/sporger/server/center/service/thrift/MarathonThriftService.java</path><path action="M" localPath="ServerGame/src/main/java/com/sporger/server/game/model/RoomRainbowPlayer.java" kind="unknown">/Code/TYServerV2/trunk/ServerGame/src/main/java/com/sporger/server/game/model/RoomRainbowPlayer.java</path><path action="M" localPath="ServerGame/src/main/java/com/sporger/server/game/service/MarathonService.java" kind="unknown">/Code/TYServerV2/trunk/ServerGame/src/main/java/com/sporger/server/game/service/MarathonService.java</path></paths><msg>比赛逻辑修改</msg></logentry><logentry revision="7732"><author>jiangdingfu</author><date>2018-03-28T12:19:19.849957Z</date><paths><path action="M" localPath="ModuleCommon/src/main/java/com/sporger/server/common/bean/MarathonPlayer.java" kind="unknown">/Code/TYServerV2/trunk/ModuleCommon/src/main/java/com/sporger/server/common/bean/MarathonPlayer.java</path><path action="M" localPath="ServerDB/src/main/resources/mapper/main/marathonregister.xml" kind="unknown">/Code/TYServerV2/trunk/ServerDB/src/main/resources/mapper/main/marathonregister.xml</path><path action="M" localPath="ModuleThrift/tools/thrift/DBModel.thrift" kind="unknown">/Code/TYServerV2/trunk/ModuleThrift/tools/thrift/DBModel.thrift</path><path action="M" localPath="ServerCenter/src/main/java/com/sporger/server/center/service/thrift/MarathonThriftService.java" kind="unknown">/Code/TYServerV2/trunk/ServerCenter/src/main/java/com/sporger/server/center/service/thrift/MarathonThriftService.java</path><path action="M" localPath="ModuleRedis/src/main/java/com/sporger/server/redis/model/RedisUserTrace.java" kind="unknown">/Code/TYServerV2/trunk/ModuleRedis/src/main/java/com/sporger/server/redis/model/RedisUserTrace.java</path><path action="M" localPath="ModuleThrift/src/main/java/com/sporger/server/thrift/interfaces/IMarathonRegisterDBThriftService.java" kind="unknown">/Code/TYServerV2/trunk/ModuleThrift/src/main/java/com/sporger/server/thrift/interfaces/IMarathonRegisterDBThriftService.java</path><path action="M" localPath="ModuleThrift/src/main/java/com/sporger/server/thrift/model/MarathonRegisterTM.java" kind="unknown">/Code/TYServerV2/trunk/ModuleThrift/src/main/java/com/sporger/server/thrift/model/MarathonRegisterTM.java</path><path action="M" localPath="ServerGame/src/main/java/com/sporger/server/game/service/MarathonService.java" kind="unknown">/Code/TYServerV2/trunk/ServerGame/src/main/java/com/sporger/server/game/service/MarathonService.java</path><path action="M" localPath="ServerDB/src/main/java/com/sporger/server/db/service/MarathonRegisterDBThriftService.java" kind="unknown">/Code/TYServerV2/trunk/ServerDB/src/main/java/com/sporger/server/db/service/MarathonRegisterDBThriftService.java</path><path action="M" localPath="ServerGame/src/main/java/com/sporger/server/game/model/RoomMarathonPlayer.java" kind="unknown">/Code/TYServerV2/trunk/ServerGame/src/main/java/com/sporger/server/game/model/RoomMarathonPlayer.java</path><path action="M" localPath="ModuleRedis/src/main/java/com/sporger/server/redis/service/RedisUserTraceService.java" kind="unknown">/Code/TYServerV2/trunk/ModuleRedis/src/main/java/com/sporger/server/redis/service/RedisUserTraceService.java</path><path action="M" localPath="ModuleProto/src/main/java/com/sporger/server/proto/model/ProtoMarathon.java" kind="unknown">/Code/TYServerV2/trunk/ModuleProto/src/main/java/com/sporger/server/proto/model/ProtoMarathon.java</path><path action="M" localPath="ModuleThrift/tools/thrift/DBService.thrift" kind="unknown">/Code/TYServerV2/trunk/ModuleThrift/tools/thrift/DBService.thrift</path><path action="M" localPath="ServerGame/src/main/java/com/sporger/server/game/netty/NettyServer.java" kind="unknown">/Code/TYServerV2/trunk/ServerGame/src/main/java/com/sporger/server/game/netty/NettyServer.java</path><path action="M" localPath="ModuleThrift/src/main/java/com/sporger/server/thrift/client/MarathonRegisterDBThriftClient.java" kind="unknown">/Code/TYServerV2/trunk/ModuleThrift/src/main/java/com/sporger/server/thrift/client/MarathonRegisterDBThriftClient.java</path><path action="M" localPath="ServerGame/src/main/java/com/sporger/server/game/service/handler/MarathonHandler.java" kind="unknown">/Code/TYServerV2/trunk/ServerGame/src/main/java/com/sporger/server/game/service/handler/MarathonHandler.java</path></paths><msg>比赛逻辑修改</msg></logentry><logentry revision="7733"><author>jiangdingfu</author><date>2018-03-28T12:20:56.630141Z</date><paths><path action="A" localPath="ServerCenter/src/main/java/com/sporger/server/center/service/MarathonThriftService.java" copyfrom-path="/Code/TYServerV2/trunk/ServerCenter/src/main/java/com/sporger/server/center/service/thrift/MarathonThriftService.java" copyfrom-rev="7732" kind="unknown">/Code/TYServerV2/trunk/ServerCenter/src/main/java/com/sporger/server/center/service/MarathonThriftService.java</path><path action="M" localPath="ServerCenter/src/main/java/com/sporger/server/center/conf/ThriftConfig.java" kind="unknown">/Code/TYServerV2/trunk/ServerCenter/src/main/java/com/sporger/server/center/conf/ThriftConfig.java</path><path action="D" localPath="ServerCenter/src/main/java/com/sporger/server/center/service/thrift/MarathonThriftService.java" kind="unknown">/Code/TYServerV2/trunk/ServerCenter/src/main/java/com/sporger/server/center/service/thrift/MarathonThriftService.java</path></paths><msg>比赛逻辑修改</msg></logentry></log>