<?xml version="1.0" encoding="UTF-8"?><log><logentry revision="6826"><author>jiangdingfu</author><date>2018-03-01T06:54:34.206774Z</date><paths><path action="M" localPath="ServerGame/src/main/java/com/sporger/server/game/service/thrift/SocketThriftService.java" kind="unknown">/Code/TYServerV2/trunk/ServerGame/src/main/java/com/sporger/server/game/service/thrift/SocketThriftService.java</path><path action="M" localPath="ServerGame/src/main/java/com/sporger/server/game/model/RoomUser.java" kind="unknown">/Code/TYServerV2/trunk/ServerGame/src/main/java/com/sporger/server/game/model/RoomUser.java</path><path action="M" localPath="ModuleThrift/src/main/java/com/sporger/server/thrift/client/ChatRoomDBThriftClient.java" kind="unknown">/Code/TYServerV2/trunk/ModuleThrift/src/main/java/com/sporger/server/thrift/client/ChatRoomDBThriftClient.java</path><path action="M" localPath="ServerGame/src/main/java/com/sporger/server/game/service/FreeService.java" kind="unknown">/Code/TYServerV2/trunk/ServerGame/src/main/java/com/sporger/server/game/service/FreeService.java</path><path action="M" localPath="ServerGame/src/main/java/com/sporger/server/game/service/handler/SquareHandler.java" kind="unknown">/Code/TYServerV2/trunk/ServerGame/src/main/java/com/sporger/server/game/service/handler/SquareHandler.java</path><path action="M" localPath="ServerGame/src/main/java/com/sporger/server/game/service/CompeteService.java" kind="unknown">/Code/TYServerV2/trunk/ServerGame/src/main/java/com/sporger/server/game/service/CompeteService.java</path><path action="M" localPath="ServerGame/src/main/java/com/sporger/server/game/service/RoomGameService.java" kind="unknown">/Code/TYServerV2/trunk/ServerGame/src/main/java/com/sporger/server/game/service/RoomGameService.java</path><path action="M" localPath="ServerGame/src/main/java/com/sporger/server/game/service/RainbowMatchService.java" kind="unknown">/Code/TYServerV2/trunk/ServerGame/src/main/java/com/sporger/server/game/service/RainbowMatchService.java</path><path action="M" localPath="ServerGame/src/main/java/com/sporger/server/game/service/RoomService.java" kind="unknown">/Code/TYServerV2/trunk/ServerGame/src/main/java/com/sporger/server/game/service/RoomService.java</path><path action="M" localPath="ModuleProto/src/main/java/com/sporger/server/proto/model/ProtoSquare.java" kind="unknown">/Code/TYServerV2/trunk/ModuleProto/src/main/java/com/sporger/server/proto/model/ProtoSquare.java</path><path action="M" localPath="ServerGame/src/main/java/com/sporger/server/game/service/RainbowService.java" kind="unknown">/Code/TYServerV2/trunk/ServerGame/src/main/java/com/sporger/server/game/service/RainbowService.java</path><path action="M" localPath="ServerGame/src/main/java/com/sporger/server/game/service/CareerService.java" kind="unknown">/Code/TYServerV2/trunk/ServerGame/src/main/java/com/sporger/server/game/service/CareerService.java</path><path action="M" localPath="ServerGame/src/main/java/com/sporger/server/game/service/CompeteMatchService.java" kind="unknown">/Code/TYServerV2/trunk/ServerGame/src/main/java/com/sporger/server/game/service/CompeteMatchService.java</path><path action="M" localPath="ServerGame/src/main/java/com/sporger/server/game/service/RoomSportService.java" kind="unknown">/Code/TYServerV2/trunk/ServerGame/src/main/java/com/sporger/server/game/service/RoomSportService.java</path><path action="M" localPath="ServerGame/src/main/java/com/sporger/server/game/model/RoomGamePlayer.java" kind="unknown">/Code/TYServerV2/trunk/ServerGame/src/main/java/com/sporger/server/game/model/RoomGamePlayer.java</path><path action="M" localPath="ServerGame/src/main/java/com/sporger/server/game/service/handler/RainbowHandler.java" kind="unknown">/Code/TYServerV2/trunk/ServerGame/src/main/java/com/sporger/server/game/service/handler/RainbowHandler.java</path><path action="M" localPath="ServerGame/src/main/java/com/sporger/server/game/netty/NettyServer.java" kind="unknown">/Code/TYServerV2/trunk/ServerGame/src/main/java/com/sporger/server/game/netty/NettyServer.java</path><path action="A" localPath="ServerGame/src/main/java/com/sporger/server/game/model/RoomRainbowPlayer.java" copyfrom-path="/Code/TYServerV2/trunk/ServerGame/src/main/java/com/sporger/server/game/model/RoomFamPlayer.java" copyfrom-rev="6781" kind="unknown">/Code/TYServerV2/trunk/ServerGame/src/main/java/com/sporger/server/game/model/RoomRainbowPlayer.java</path><path action="M" localPath="ServerDB/src/main/resources/mapper/main/chatRoom.xml" kind="unknown">/Code/TYServerV2/trunk/ServerDB/src/main/resources/mapper/main/chatRoom.xml</path></paths><msg>彩虹跑逻辑修改</msg></logentry><logentry revision="6827"><author>jiangdingfu</author><date>2018-03-01T07:16:45.623392Z</date><paths><path action="M" localPath="ServerGame/src/main/java/com/sporger/server/game/model/RoomSportPlayer.java" kind="unknown">/Code/TYServerV2/trunk/ServerGame/src/main/java/com/sporger/server/game/model/RoomSportPlayer.java</path></paths><msg>自由跑结算逻辑修改</msg></logentry><logentry revision="6828"><author>jiangdingfu</author><date>2018-03-01T07:17:00.688638Z</date><paths><path action="M" localPath="ServerGame/src/main/java/com/sporger/server/game/model/RoomSportPlayer.java" kind="unknown">/Code/TYServerV2/trunk/ServerGame/src/main/java/com/sporger/server/game/model/RoomSportPlayer.java</path></paths><msg>自由跑结算逻辑修改</msg></logentry><logentry revision="6836"><author>jiangdingfu</author><date>2018-03-01T11:17:42.568125Z</date><paths><path action="M" localPath="ServerDB/src/main/java/com/sporger/server/db/service/MovementDBThriftService.java" kind="unknown">/Code/TYServerV2/trunk/ServerDB/src/main/java/com/sporger/server/db/service/MovementDBThriftService.java</path></paths><msg>运动记录逻辑修改</msg></logentry></log>