<?xml version="1.0" encoding="UTF-8"?><log><logentry revision="8564"><author>jiangdingfu</author><date>2018-04-20T03:21:39.682353Z</date><paths><path action="M" localPath="ServerGame/src/main/java/com/sporger/server/game/service/thrift/SocketThriftService.java" kind="unknown">/Code/TYServerV2/trunk/ServerGame/src/main/java/com/sporger/server/game/service/thrift/SocketThriftService.java</path><path action="M" localPath="ServerGame/src/main/java/com/sporger/server/game/service/handler/LoginHandler.java" kind="unknown">/Code/TYServerV2/trunk/ServerGame/src/main/java/com/sporger/server/game/service/handler/LoginHandler.java</path></paths><msg>重连逻辑处理</msg></logentry><logentry revision="8573"><author>jiangdingfu</author><date>2018-04-20T05:40:32.475412Z</date><paths><path action="M" localPath="ServerGame/src/main/java/com/sporger/server/game/service/MazeService.java" kind="unknown">/Code/TYServerV2/trunk/ServerGame/src/main/java/com/sporger/server/game/service/MazeService.java</path></paths><msg>迷宫逻辑处理</msg></logentry><logentry revision="8577"><author>jiangdingfu</author><date>2018-04-20T06:45:44.281178Z</date><paths><path action="M" localPath="Package/html/user_step.html" kind="unknown">/Code/TYServerV2/trunk/Package/html/user_step.html</path></paths><msg>网页处理</msg></logentry><logentry revision="8585"><author>jiangdingfu</author><date>2018-04-20T08:04:44.754247Z</date><paths><path action="A" localPath="ModuleProto/src/main/java/com/sporger/server/proto/model/ProtoRedPoint.java" kind="unknown">/Code/TYServerV2/trunk/ModuleProto/src/main/java/com/sporger/server/proto/model/ProtoRedPoint.java</path><path action="M" localPath="ServerCenter/src/main/java/com/sporger/server/center/mq/MqConsumerService.java" kind="unknown">/Code/TYServerV2/trunk/ServerCenter/src/main/java/com/sporger/server/center/mq/MqConsumerService.java</path><path action="M" localPath="ServerCenter/src/main/java/com/sporger/server/center/service/MarathonTraceService.java" kind="unknown">/Code/TYServerV2/trunk/ServerCenter/src/main/java/com/sporger/server/center/service/MarathonTraceService.java</path><path action="M" localPath="ModuleProto/src/main/java/com/sporger/server/proto/model/ProtoCommon.java" kind="unknown">/Code/TYServerV2/trunk/ModuleProto/src/main/java/com/sporger/server/proto/model/ProtoCommon.java</path><path action="M" localPath="ModuleConfig/src/main/java/com/sporger/server/config/mq/MqConfigHandler.java" kind="unknown">/Code/TYServerV2/trunk/ModuleConfig/src/main/java/com/sporger/server/config/mq/MqConfigHandler.java</path><path action="A" localPath="ServerCenter/src/main/java/com/sporger/server/center/mq/MqCenterConfigHandler.java" copyfrom-path="/Code/TYServerV2/trunk/ServerGame/src/main/java/com/sporger/server/game/mq/MqBulletinHandler.java" copyfrom-rev="8574" kind="unknown">/Code/TYServerV2/trunk/ServerCenter/src/main/java/com/sporger/server/center/mq/MqCenterConfigHandler.java</path></paths><msg>配置逻辑处理</msg></logentry><logentry revision="8595"><author>jiangdingfu</author><date>2018-04-20T08:47:53.730728Z</date><paths><path action="M" localPath="Package/shell/bin/refreshConfig_prd.sh" kind="unknown">/Code/TYServerV2/trunk/Package/shell/bin/refreshConfig_prd.sh</path></paths><msg>1.7.2发版</msg></logentry><logentry revision="8599"><author>fanwentao</author><date>2018-04-20T08:58:08.134271Z</date><paths><path action="M" localPath="ServerCenter/src/main/java/com/sporger/server/center/service/BulletinOperationService.java" kind="unknown">/Code/TYServerV2/trunk/ServerCenter/src/main/java/com/sporger/server/center/service/BulletinOperationService.java</path><path action="M" localPath="ServerManage/src/main/java/com/sporger/server/manage/controller/BulletinController.java" kind="unknown">/Code/TYServerV2/trunk/ServerManage/src/main/java/com/sporger/server/manage/controller/BulletinController.java</path><path action="M" localPath="ModuleCommon/src/main/java/com/sporger/server/common/service/ThreadService.java" kind="unknown">/Code/TYServerV2/trunk/ModuleCommon/src/main/java/com/sporger/server/common/service/ThreadService.java</path><path action="M" localPath="ServerDB/src/main/resources/mapper/main/bulletinOperation.xml" kind="unknown">/Code/TYServerV2/trunk/ServerDB/src/main/resources/mapper/main/bulletinOperation.xml</path><path action="M" localPath="ServerDB/src/main/java/com/sporger/server/db/service/BulletinOperationDBThriftService.java" kind="unknown">/Code/TYServerV2/trunk/ServerDB/src/main/java/com/sporger/server/db/service/BulletinOperationDBThriftService.java</path></paths><msg>运营公告规则</msg></logentry></log>