<?xml version="1.0" encoding="UTF-8"?><log><logentry revision="9243"><author>jiangdingfu</author><date>2018-05-08T05:36:47.310753Z</date><paths><path action="M" localPath="ModuleDB/src/main/java/com/sporger/server/db/service/UserDBService.java" kind="unknown">/Code/TYServerV2/trunk/ModuleDB/src/main/java/com/sporger/server/db/service/UserDBService.java</path><path action="M" localPath="ServerGame/src/main/java/com/sporger/server/game/service/DataService.java" kind="unknown">/Code/TYServerV2/trunk/ServerGame/src/main/java/com/sporger/server/game/service/DataService.java</path><path action="M" localPath="ModuleConfig/src/main/java/com/sporger/server/config/service/ItemConfigService.java" kind="unknown">/Code/TYServerV2/trunk/ModuleConfig/src/main/java/com/sporger/server/config/service/ItemConfigService.java</path><path action="M" localPath="ServerManage/src/main/java/com/sporger/server/manage/controller/GameConfigController.java" kind="unknown">/Code/TYServerV2/trunk/ServerManage/src/main/java/com/sporger/server/manage/controller/GameConfigController.java</path><path action="M" localPath="ModuleConfig/src/main/java/com/sporger/server/config/service/load/ItemConfigLoadService.java" kind="unknown">/Code/TYServerV2/trunk/ModuleConfig/src/main/java/com/sporger/server/config/service/load/ItemConfigLoadService.java</path><path action="M" localPath="ServerManage/src/main/java/com/sporger/server/manage/service/GameConfigRedisService.java" kind="unknown">/Code/TYServerV2/trunk/ServerManage/src/main/java/com/sporger/server/manage/service/GameConfigRedisService.java</path><path action="M" localPath="ModuleDB/src/main/resources/mapper/gate/user.xml" kind="unknown">/Code/TYServerV2/trunk/ModuleDB/src/main/resources/mapper/gate/user.xml</path><path action="M" localPath="ServerGame/src/main/java/com/sporger/server/game/service/handler/CharacterHandler.java" kind="unknown">/Code/TYServerV2/trunk/ServerGame/src/main/java/com/sporger/server/game/service/handler/CharacterHandler.java</path><path action="M" localPath="ModuleConfig/src/main/java/com/sporger/server/config/service/load/NpcConfigLoadService.java" kind="unknown">/Code/TYServerV2/trunk/ModuleConfig/src/main/java/com/sporger/server/config/service/load/NpcConfigLoadService.java</path><path action="M" localPath="ModuleCommon/src/main/java/com/sporger/server/common/conf/SporgerCommon.java" kind="unknown">/Code/TYServerV2/trunk/ModuleCommon/src/main/java/com/sporger/server/common/conf/SporgerCommon.java</path><path action="A" localPath="ModuleCommon/src/main/java/com/sporger/server/common/bean/RoleInfo.java" kind="unknown">/Code/TYServerV2/trunk/ModuleCommon/src/main/java/com/sporger/server/common/bean/RoleInfo.java</path><path action="D" localPath="ModuleConfig/src/main/java/com/sporger/server/config/model/EquipInitialConfig.java" kind="unknown">/Code/TYServerV2/trunk/ModuleConfig/src/main/java/com/sporger/server/config/model/EquipInitialConfig.java</path><path action="M" localPath="ServerGame/src/main/java/com/sporger/server/game/netty/NettyServer.java" kind="unknown">/Code/TYServerV2/trunk/ServerGame/src/main/java/com/sporger/server/game/netty/NettyServer.java</path><path action="A" localPath="ModuleConfig/src/main/java/com/sporger/server/config/model/NewbieEquipConfig.java" kind="unknown">/Code/TYServerV2/trunk/ModuleConfig/src/main/java/com/sporger/server/config/model/NewbieEquipConfig.java</path><path action="M" localPath="ModuleProto/src/main/java/com/sporger/server/proto/model/ProtoCharacterAttribute.java" kind="unknown">/Code/TYServerV2/trunk/ModuleProto/src/main/java/com/sporger/server/proto/model/ProtoCharacterAttribute.java</path><path action="M" localPath="ModuleDB/src/main/java/com/sporger/server/db/dao/gate/UserMapper.java" kind="unknown">/Code/TYServerV2/trunk/ModuleDB/src/main/java/com/sporger/server/db/dao/gate/UserMapper.java</path></paths><msg>角色逻辑修改</msg></logentry><logentry revision="9244"><author>jiangdingfu</author><date>2018-05-08T06:02:05.259519Z</date><paths><path action="M" localPath="ModuleDB/src/main/resources/mapper/main/userProp.xml" kind="unknown">/Code/TYServerV2/trunk/ModuleDB/src/main/resources/mapper/main/userProp.xml</path></paths><msg>角色逻辑修改</msg></logentry><logentry revision="9245"><author>jiangdingfu</author><date>2018-05-08T06:18:30.965536Z</date><paths><path action="M" localPath="ModuleDB/src/main/resources/mapper/main/userProp.xml" kind="unknown">/Code/TYServerV2/trunk/ModuleDB/src/main/resources/mapper/main/userProp.xml</path></paths><msg>角色逻辑修改</msg></logentry><logentry revision="9251"><author>jiangdingfu</author><date>2018-05-08T06:47:03.215409Z</date><paths><path action="M" localPath="ModuleConfig/src/main/java/com/sporger/server/config/service/load/NpcConfigLoadService.java" kind="unknown">/Code/TYServerV2/trunk/ModuleConfig/src/main/java/com/sporger/server/config/service/load/NpcConfigLoadService.java</path></paths><msg>角色逻辑修改</msg></logentry><logentry revision="9252"><author>fanwentao</author><date>2018-05-08T06:48:10.448660Z</date><paths><path action="M" localPath="ServerCenter/src/main/java/com/sporger/server/center/service/TimedTaskService.java" kind="unknown">/Code/TYServerV2/trunk/ServerCenter/src/main/java/com/sporger/server/center/service/TimedTaskService.java</path><path action="M" localPath="ServerCenter/src/main/resources/taskContext.xml" kind="unknown">/Code/TYServerV2/trunk/ServerCenter/src/main/resources/taskContext.xml</path><path action="M" localPath="ModuleRedis/src/main/java/com/sporger/server/redis/dao/RedisStatsUserDao.java" kind="unknown">/Code/TYServerV2/trunk/ModuleRedis/src/main/java/com/sporger/server/redis/dao/RedisStatsUserDao.java</path></paths><msg>用户等级统计</msg></logentry><logentry revision="9255"><author>fanwentao</author><date>2018-05-08T09:15:18.478217Z</date><paths><path action="A" localPath="ModuleThrift/src/main/java/com/sporger/server/thrift/model/UserLoginCountTM.java" kind="unknown">/Code/TYServerV2/trunk/ModuleThrift/src/main/java/com/sporger/server/thrift/model/UserLoginCountTM.java</path><path action="M" localPath="ModuleThrift/tools/thrift/DBModel.thrift" kind="unknown">/Code/TYServerV2/trunk/ModuleThrift/tools/thrift/DBModel.thrift</path></paths><msg>用户登入数量统计</msg></logentry><logentry revision="9256"><author>jiangdingfu</author><date>2018-05-08T09:37:08.199166Z</date><paths><path action="M" localPath="ModuleDB/src/main/java/com/sporger/server/db/service/UserWXDBService.java" kind="unknown">/Code/TYServerV2/trunk/ModuleDB/src/main/java/com/sporger/server/db/service/UserWXDBService.java</path><path action="M" localPath="ServerCenter/src/main/java/com/sporger/server/center/service/thrift/CircleThriftService.java" kind="unknown">/Code/TYServerV2/trunk/ServerCenter/src/main/java/com/sporger/server/center/service/thrift/CircleThriftService.java</path><path action="M" localPath="ModuleRedis/src/main/java/com/sporger/server/redis/dao/RedisUserDao.java" kind="unknown">/Code/TYServerV2/trunk/ModuleRedis/src/main/java/com/sporger/server/redis/dao/RedisUserDao.java</path><path action="M" localPath="ServerGame/src/main/java/com/sporger/server/game/service/handler/MazeHandler.java" kind="unknown">/Code/TYServerV2/trunk/ServerGame/src/main/java/com/sporger/server/game/service/handler/MazeHandler.java</path><path action="M" localPath="ModuleThrift/tools/thrift/DBModel.thrift" kind="unknown">/Code/TYServerV2/trunk/ModuleThrift/tools/thrift/DBModel.thrift</path><path action="M" localPath="ModuleRedis/src/main/java/com/sporger/server/redis/dao/RedisUserPropDao.java" kind="unknown">/Code/TYServerV2/trunk/ModuleRedis/src/main/java/com/sporger/server/redis/dao/RedisUserPropDao.java</path><path action="M" localPath="ServerManage/src/main/java/com/sporger/server/manage/controller/MoneyController.java" kind="unknown">/Code/TYServerV2/trunk/ServerManage/src/main/java/com/sporger/server/manage/controller/MoneyController.java</path><path action="M" localPath="ModuleDB/src/main/resources/mapper/gate/user.xml" kind="unknown">/Code/TYServerV2/trunk/ModuleDB/src/main/resources/mapper/gate/user.xml</path><path action="M" localPath="ServerGame/src/main/java/com/sporger/server/game/service/handler/GMHandler.java" kind="unknown">/Code/TYServerV2/trunk/ServerGame/src/main/java/com/sporger/server/game/service/handler/GMHandler.java</path><path action="M" localPath="ServerGame/src/main/java/com/sporger/server/game/service/FamService.java" kind="unknown">/Code/TYServerV2/trunk/ServerGame/src/main/java/com/sporger/server/game/service/FamService.java</path><path action="M" localPath="ServerCenter/src/main/java/com/sporger/server/center/service/thrift/RedisThriftService.java" kind="unknown">/Code/TYServerV2/trunk/ServerCenter/src/main/java/com/sporger/server/center/service/thrift/RedisThriftService.java</path><path action="M" localPath="ModuleProto/src/main/java/com/sporger/server/proto/util/ProtoUtil.java" kind="unknown">/Code/TYServerV2/trunk/ModuleProto/src/main/java/com/sporger/server/proto/util/ProtoUtil.java</path><path action="M" localPath="ServerCenter/src/main/java/com/sporger/server/center/service/MarathonTraceService.java" kind="unknown">/Code/TYServerV2/trunk/ServerCenter/src/main/java/com/sporger/server/center/service/MarathonTraceService.java</path><path action="M" localPath="ServerGame/src/main/java/com/sporger/server/game/service/CareerService.java" kind="unknown">/Code/TYServerV2/trunk/ServerGame/src/main/java/com/sporger/server/game/service/CareerService.java</path><path action="M" localPath="ServerGame/src/main/java/com/sporger/server/game/service/handler/ActivityHandler.java" kind="unknown">/Code/TYServerV2/trunk/ServerGame/src/main/java/com/sporger/server/game/service/handler/ActivityHandler.java</path><path action="M" localPath="ServerGame/src/main/java/com/sporger/server/game/service/RoomSportService.java" kind="unknown">/Code/TYServerV2/trunk/ServerGame/src/main/java/com/sporger/server/game/service/RoomSportService.java</path><path action="M" localPath="ModuleThrift/src/main/java/com/sporger/server/thrift/model/UserTM.java" kind="unknown">/Code/TYServerV2/trunk/ModuleThrift/src/main/java/com/sporger/server/thrift/model/UserTM.java</path><path action="M" localPath="ServerGame/src/main/java/com/sporger/server/game/service/handler/MarathonHandler.java" kind="unknown">/Code/TYServerV2/trunk/ServerGame/src/main/java/com/sporger/server/game/service/handler/MarathonHandler.java</path><path action="M" localPath="ModuleDB/src/main/java/com/sporger/server/db/dao/gate/UserMapper.java" kind="unknown">/Code/TYServerV2/trunk/ModuleDB/src/main/java/com/sporger/server/db/dao/gate/UserMapper.java</path><path action="M" localPath="ModuleDB/src/main/java/com/sporger/server/db/service/CircleEntryDBService.java" kind="unknown">/Code/TYServerV2/trunk/ModuleDB/src/main/java/com/sporger/server/db/service/CircleEntryDBService.java</path><path action="M" localPath="ModuleDB/src/main/java/com/sporger/server/db/service/UserDBService.java" kind="unknown">/Code/TYServerV2/trunk/ModuleDB/src/main/java/com/sporger/server/db/service/UserDBService.java</path><path action="M" localPath="ServerCenter/src/main/java/com/sporger/server/center/service/TimedTaskService.java" kind="unknown">/Code/TYServerV2/trunk/ServerCenter/src/main/java/com/sporger/server/center/service/TimedTaskService.java</path><path action="M" localPath="ServerGame/src/main/java/com/sporger/server/game/service/handler/MapHandler.java" kind="unknown">/Code/TYServerV2/trunk/ServerGame/src/main/java/com/sporger/server/game/service/handler/MapHandler.java</path><path action="M" localPath="ServerGame/src/main/java/com/sporger/server/game/service/handler/ChatHandler.java" kind="unknown">/Code/TYServerV2/trunk/ServerGame/src/main/java/com/sporger/server/game/service/handler/ChatHandler.java</path><path action="M" localPath="ModuleDB/src/main/java/com/sporger/server/db/service/UserPropDBService.java" kind="unknown">/Code/TYServerV2/trunk/ModuleDB/src/main/java/com/sporger/server/db/service/UserPropDBService.java</path><path action="M" localPath="ModuleThrift/src/main/java/com/sporger/server/thrift/bean/UserTB.java" kind="unknown">/Code/TYServerV2/trunk/ModuleThrift/src/main/java/com/sporger/server/thrift/bean/UserTB.java</path><path action="M" localPath="ServerGame/src/main/java/com/sporger/server/game/service/handler/SquareHandler.java" kind="unknown">/Code/TYServerV2/trunk/ServerGame/src/main/java/com/sporger/server/game/service/handler/SquareHandler.java</path><path action="M" localPath="ModuleRedis/src/main/java/com/sporger/server/redis/service/RedisUserService.java" kind="unknown">/Code/TYServerV2/trunk/ModuleRedis/src/main/java/com/sporger/server/redis/service/RedisUserService.java</path><path action="M" localPath="ServerGame/src/main/java/com/sporger/server/game/service/handler/FriendHandler.java" kind="unknown">/Code/TYServerV2/trunk/ServerGame/src/main/java/com/sporger/server/game/service/handler/FriendHandler.java</path><path action="M" localPath="ModuleRedis/src/main/java/com/sporger/server/redis/service/RedisUserPropService.java" kind="unknown">/Code/TYServerV2/trunk/ModuleRedis/src/main/java/com/sporger/server/redis/service/RedisUserPropService.java</path><path action="M" localPath="ModuleDB/src/main/java/com/sporger/server/db/dao/main/UserPropMapper.java" kind="unknown">/Code/TYServerV2/trunk/ModuleDB/src/main/java/com/sporger/server/db/dao/main/UserPropMapper.java</path><path action="M" localPath="ServerGame/src/main/java/com/sporger/server/game/service/handler/CompeteHandler.java" kind="unknown">/Code/TYServerV2/trunk/ServerGame/src/main/java/com/sporger/server/game/service/handler/CompeteHandler.java</path><path action="A" localPath="ModuleCommon/src/main/java/com/sporger/server/common/bean/FriendInfo.java" kind="unknown">/Code/TYServerV2/trunk/ModuleCommon/src/main/java/com/sporger/server/common/bean/FriendInfo.java</path><path action="M" localPath="ServerGame/src/main/java/com/sporger/server/game/service/handler/LoginHandler.java" kind="unknown">/Code/TYServerV2/trunk/ServerGame/src/main/java/com/sporger/server/game/service/handler/LoginHandler.java</path><path action="M" localPath="ServerGame/src/main/java/com/sporger/server/game/service/handler/CharacterHandler.java" kind="unknown">/Code/TYServerV2/trunk/ServerGame/src/main/java/com/sporger/server/game/service/handler/CharacterHandler.java</path><path action="M" localPath="ModuleThrift/tools/thrift/DBBean.thrift" kind="unknown">/Code/TYServerV2/trunk/ModuleThrift/tools/thrift/DBBean.thrift</path><path action="M" localPath="ServerGame/src/main/java/com/sporger/server/game/service/MarathonService.java" kind="unknown">/Code/TYServerV2/trunk/ServerGame/src/main/java/com/sporger/server/game/service/MarathonService.java</path><path action="M" localPath="ServerManage/src/main/java/com/sporger/server/manage/controller/RedisController.java" kind="unknown">/Code/TYServerV2/trunk/ServerManage/src/main/java/com/sporger/server/manage/controller/RedisController.java</path><path action="M" localPath="ServerGame/src/main/java/com/sporger/server/game/service/VoiceService.java" kind="unknown">/Code/TYServerV2/trunk/ServerGame/src/main/java/com/sporger/server/game/service/VoiceService.java</path><path action="M" localPath="ServerManage/src/main/java/com/sporger/server/manage/controller/UserController.java" kind="unknown">/Code/TYServerV2/trunk/ServerManage/src/main/java/com/sporger/server/manage/controller/UserController.java</path><path action="M" localPath="ServerGame/src/main/java/com/sporger/server/game/service/RoomService.java" kind="unknown">/Code/TYServerV2/trunk/ServerGame/src/main/java/com/sporger/server/game/service/RoomService.java</path><path action="M" localPath="ServerGame/src/main/java/com/sporger/server/game/service/handler/RainbowHandler.java" kind="unknown">/Code/TYServerV2/trunk/ServerGame/src/main/java/com/sporger/server/game/service/handler/RainbowHandler.java</path><path action="M" localPath="ModuleDB/src/main/java/com/sporger/server/db/service/CommentDBService.java" kind="unknown">/Code/TYServerV2/trunk/ModuleDB/src/main/java/com/sporger/server/db/service/CommentDBService.java</path><path action="M" localPath="ServerManage/src/main/java/com/sporger/server/manage/service/MonitorService.java" kind="unknown">/Code/TYServerV2/trunk/ServerManage/src/main/java/com/sporger/server/manage/service/MonitorService.java</path><path action="M" localPath="ServerCenter/src/main/java/com/sporger/server/center/service/thrift/UserThriftService.java" kind="unknown">/Code/TYServerV2/trunk/ServerCenter/src/main/java/com/sporger/server/center/service/thrift/UserThriftService.java</path></paths><msg>用户逻辑修改</msg></logentry><logentry revision="9259"><author>jiangdingfu</author><date>2018-05-08T11:24:08.344827Z</date><paths><path action="M" localPath="ServerGame/src/main/java/com/sporger/server/game/service/handler/FriendHandler.java" kind="unknown">/Code/TYServerV2/trunk/ServerGame/src/main/java/com/sporger/server/game/service/handler/FriendHandler.java</path><path action="M" localPath="ModuleDB/src/main/resources/mapper/gate/user.xml" kind="unknown">/Code/TYServerV2/trunk/ModuleDB/src/main/resources/mapper/gate/user.xml</path><path action="M" localPath="ModuleDB/src/main/java/com/sporger/server/db/dao/gate/UserMapper.java" kind="unknown">/Code/TYServerV2/trunk/ModuleDB/src/main/java/com/sporger/server/db/dao/gate/UserMapper.java</path></paths><msg>用户逻辑修改</msg></logentry><logentry revision="9262"><author>jiangdingfu</author><date>2018-05-08T11:56:16.555906Z</date><paths><path action="D" localPath="ModuleThrift/src/main/java/com/sporger/server/thrift/client/StatisticLevelDBThriftClient.java" kind="unknown">/Code/TYServerV2/trunk/ModuleThrift/src/main/java/com/sporger/server/thrift/client/StatisticLevelDBThriftClient.java</path><path action="D" localPath="ModuleThrift/src/main/java/com/sporger/server/thrift/client/BulletinOperationDBThriftClient.java" kind="unknown">/Code/TYServerV2/trunk/ModuleThrift/src/main/java/com/sporger/server/thrift/client/BulletinOperationDBThriftClient.java</path><path action="M" localPath="ModuleThrift/src/main/java/com/sporger/server/thrift/conf/BaseThrift.java" kind="unknown">/Code/TYServerV2/trunk/ModuleThrift/src/main/java/com/sporger/server/thrift/conf/BaseThrift.java</path><path action="M" localPath="ModuleThrift/tools/thrift/DBModel.thrift" kind="unknown">/Code/TYServerV2/trunk/ModuleThrift/tools/thrift/DBModel.thrift</path><path action="D" localPath="ModuleThrift/src/main/java/com/sporger/server/thrift/client/MovementDBThriftClient.java" kind="unknown">/Code/TYServerV2/trunk/ModuleThrift/src/main/java/com/sporger/server/thrift/client/MovementDBThriftClient.java</path><path action="D" localPath="ModuleThrift/src/main/java/com/sporger/server/thrift/client/UserPropDBThriftClient.java" kind="unknown">/Code/TYServerV2/trunk/ModuleThrift/src/main/java/com/sporger/server/thrift/client/UserPropDBThriftClient.java</path><path action="D" localPath="ModuleRedis/src/main/java/com/sporger/server/redis/dao/RedisUserPropDao.java" kind="unknown">/Code/TYServerV2/trunk/ModuleRedis/src/main/java/com/sporger/server/redis/dao/RedisUserPropDao.java</path><path action="M" localPath="ServerRest/src/main/java/com/sporger/server/rest/conf/ZooKeeperConfig.java" kind="unknown">/Code/TYServerV2/trunk/ServerRest/src/main/java/com/sporger/server/rest/conf/ZooKeeperConfig.java</path><path action="M" localPath="ServerCenter/src/main/java/com/sporger/server/center/conf/ZooKeeperConfig.java" kind="unknown">/Code/TYServerV2/trunk/ServerCenter/src/main/java/com/sporger/server/center/conf/ZooKeeperConfig.java</path><path action="M" localPath="ModuleThrift/src/main/java/com/sporger/server/thrift/conf/BaseZooKeeper.java" kind="unknown">/Code/TYServerV2/trunk/ModuleThrift/src/main/java/com/sporger/server/thrift/conf/BaseZooKeeper.java</path><path action="D" localPath="ModuleThrift/src/main/java/com/sporger/server/thrift/interfaces/ILogDBThriftService.java" kind="unknown">/Code/TYServerV2/trunk/ModuleThrift/src/main/java/com/sporger/server/thrift/interfaces/ILogDBThriftService.java</path><path action="M" localPath="ServerGate/src/main/java/com/sporger/server/gate/service/LoginService.java" kind="unknown">/Code/TYServerV2/trunk/ServerGate/src/main/java/com/sporger/server/gate/service/LoginService.java</path><path action="D" localPath="Package/shell/db" kind="unknown">/Code/TYServerV2/trunk/Package/shell/db</path><path action="D" localPath="ModuleThrift/src/main/java/com/sporger/server/thrift/client/OrgDBThriftClient.java" kind="unknown">/Code/TYServerV2/trunk/ModuleThrift/src/main/java/com/sporger/server/thrift/client/OrgDBThriftClient.java</path><path action="D" localPath="ModuleDB/src/main/java/com/sporger/server/db/service/UserPropDBService.java" kind="unknown">/Code/TYServerV2/trunk/ModuleDB/src/main/java/com/sporger/server/db/service/UserPropDBService.java</path><path action="D" localPath="ModuleThrift/src/main/java/com/sporger/server/thrift/interfaces/IStatisticLevelDBThriftService.java" kind="unknown">/Code/TYServerV2/trunk/ModuleThrift/src/main/java/com/sporger/server/thrift/interfaces/IStatisticLevelDBThriftService.java</path><path action="D" localPath="ModuleThrift/src/main/java/com/sporger/server/thrift/interfaces/IMarathonDBThriftService.java" kind="unknown">/Code/TYServerV2/trunk/ModuleThrift/src/main/java/com/sporger/server/thrift/interfaces/IMarathonDBThriftService.java</path><path action="D" localPath="ModuleRedis/src/main/java/com/sporger/server/redis/service/RedisUserPropService.java" kind="unknown">/Code/TYServerV2/trunk/ModuleRedis/src/main/java/com/sporger/server/redis/service/RedisUserPropService.java</path><path action="D" localPath="ModuleDB/src/main/java/com/sporger/server/db/dao/main/UserPropMapper.java" kind="unknown">/Code/TYServerV2/trunk/ModuleDB/src/main/java/com/sporger/server/db/dao/main/UserPropMapper.java</path><path action="D" localPath="ModuleThrift/src/main/java/com/sporger/server/thrift/client/UserWXDBThriftClient.java" kind="unknown">/Code/TYServerV2/trunk/ModuleThrift/src/main/java/com/sporger/server/thrift/client/UserWXDBThriftClient.java</path><path action="M" localPath="ServerGame/src/main/java/com/sporger/server/game/service/handler/LoginHandler.java" kind="unknown">/Code/TYServerV2/trunk/ServerGame/src/main/java/com/sporger/server/game/service/handler/LoginHandler.java</path><path action="M" localPath="ModuleThrift/tools/thrift/DBBean.thrift" kind="unknown">/Code/TYServerV2/trunk/ModuleThrift/tools/thrift/DBBean.thrift</path><path action="M" localPath="ServerManage/src/main/java/com/sporger/server/manage/conf/ZooKeeperConfig.java" kind="unknown">/Code/TYServerV2/trunk/ServerManage/src/main/java/com/sporger/server/manage/conf/ZooKeeperConfig.java</path><path action="D" localPath="ModuleThrift/src/main/java/com/sporger/server/thrift/client/InvitationCodeDBThriftClient.java" kind="unknown">/Code/TYServerV2/trunk/ModuleThrift/src/main/java/com/sporger/server/thrift/client/InvitationCodeDBThriftClient.java</path><path action="M" localPath="ModuleThrift/src/main/resources/thrift/thrift.properties" kind="unknown">/Code/TYServerV2/trunk/ModuleThrift/src/main/resources/thrift/thrift.properties</path><path action="D" localPath="ModuleThrift/src/main/java/com/sporger/server/thrift/interfaces/ICommentDBThriftService.java" kind="unknown">/Code/TYServerV2/trunk/ModuleThrift/src/main/java/com/sporger/server/thrift/interfaces/ICommentDBThriftService.java</path><path action="D" localPath="ServerDB" kind="unknown">/Code/TYServerV2/trunk/ServerDB</path><path action="D" localPath="ModuleThrift/src/main/java/com/sporger/server/thrift/interfaces/IOrgDBThriftService.java" kind="unknown">/Code/TYServerV2/trunk/ModuleThrift/src/main/java/com/sporger/server/thrift/interfaces/IOrgDBThriftService.java</path><path action="D" localPath="ModuleThrift/src/main/java/com/sporger/server/thrift/interfaces/IInvitationCodeDBThriftService.java" kind="unknown">/Code/TYServerV2/trunk/ModuleThrift/src/main/java/com/sporger/server/thrift/interfaces/IInvitationCodeDBThriftService.java</path><path action="D" localPath="ModuleThrift/tools/thrift/DBService.thrift" kind="unknown">/Code/TYServerV2/trunk/ModuleThrift/tools/thrift/DBService.thrift</path><path action="M" localPath="ServerGate/src/main/java/com/sporger/server/gate/conf/ZooKeeperConfig.java" kind="unknown">/Code/TYServerV2/trunk/ServerGate/src/main/java/com/sporger/server/gate/conf/ZooKeeperConfig.java</path><path action="D" localPath="ModuleThrift/src/main/java/com/sporger/server/thrift/client/BulletinGameDBThriftClient.java" kind="unknown">/Code/TYServerV2/trunk/ModuleThrift/src/main/java/com/sporger/server/thrift/client/BulletinGameDBThriftClient.java</path><path action="M" localPath="ServerCenter/src/main/java/com/sporger/server/center/service/thrift/UserThriftService.java" kind="unknown">/Code/TYServerV2/trunk/ServerCenter/src/main/java/com/sporger/server/center/service/thrift/UserThriftService.java</path><path action="D" localPath="ModuleThrift/src/main/java/com/sporger/server/thrift/client/MarathonDBThriftClient.java" kind="unknown">/Code/TYServerV2/trunk/ModuleThrift/src/main/java/com/sporger/server/thrift/client/MarathonDBThriftClient.java</path><path action="D" localPath="ModuleThrift/src/main/java/com/sporger/server/thrift/interfaces/IMovementDBThriftService.java" kind="unknown">/Code/TYServerV2/trunk/ModuleThrift/src/main/java/com/sporger/server/thrift/interfaces/IMovementDBThriftService.java</path><path action="D" localPath="ModuleThrift/src/main/java/com/sporger/server/thrift/client/LogDBThriftClient.java" kind="unknown">/Code/TYServerV2/trunk/ModuleThrift/src/main/java/com/sporger/server/thrift/client/LogDBThriftClient.java</path><path action="M" localPath="ServerCenter/src/test/java/com/sporger/server/center/TaskTest.java" kind="unknown">/Code/TYServerV2/trunk/ServerCenter/src/test/java/com/sporger/server/center/TaskTest.java</path><path action="M" localPath="ServerCenter/src/main/java/com/sporger/server/center/service/thrift/CircleThriftService.java" kind="unknown">/Code/TYServerV2/trunk/ServerCenter/src/main/java/com/sporger/server/center/service/thrift/CircleThriftService.java</path><path action="M" localPath="Package/shell/bin/start.sh" kind="unknown">/Code/TYServerV2/trunk/Package/shell/bin/start.sh</path><path action="D" localPath="ModuleThrift/src/main/java/com/sporger/server/thrift/client/CircleEntryDBThriftClient.java" kind="unknown">/Code/TYServerV2/trunk/ModuleThrift/src/main/java/com/sporger/server/thrift/client/CircleEntryDBThriftClient.java</path><path action="D" localPath="ModuleThrift/src/main/java/com/sporger/server/thrift/client/CommentDBThriftClient.java" kind="unknown">/Code/TYServerV2/trunk/ModuleThrift/src/main/java/com/sporger/server/thrift/client/CommentDBThriftClient.java</path><path action="M" localPath="ServerManage/src/main/java/com/sporger/server/manage/service/MarathonEventService.java" kind="unknown">/Code/TYServerV2/trunk/ServerManage/src/main/java/com/sporger/server/manage/service/MarathonEventService.java</path><path action="D" localPath="ModuleThrift/src/main/java/com/sporger/server/thrift/interfaces/IMailDBThriftService.java" kind="unknown">/Code/TYServerV2/trunk/ModuleThrift/src/main/java/com/sporger/server/thrift/interfaces/IMailDBThriftService.java</path><path action="M" localPath="ServerGame/src/main/java/com/sporger/server/game/conf/ZooKeeperConfig.java" kind="unknown">/Code/TYServerV2/trunk/ServerGame/src/main/java/com/sporger/server/game/conf/ZooKeeperConfig.java</path><path action="D" localPath="ModuleThrift/src/main/java/com/sporger/server/thrift/interfaces/IBulletinGameDBThriftService.java" kind="unknown">/Code/TYServerV2/trunk/ModuleThrift/src/main/java/com/sporger/server/thrift/interfaces/IBulletinGameDBThriftService.java</path><path action="D" localPath="ModuleThrift/src/main/java/com/sporger/server/thrift/interfaces/IUserLogDBThriftService.java" kind="unknown">/Code/TYServerV2/trunk/ModuleThrift/src/main/java/com/sporger/server/thrift/interfaces/IUserLogDBThriftService.java</path><path action="D" localPath="ModuleThrift/src/main/java/com/sporger/server/thrift/interfaces/ISindexDBThriftService.java" kind="unknown">/Code/TYServerV2/trunk/ModuleThrift/src/main/java/com/sporger/server/thrift/interfaces/ISindexDBThriftService.java</path><path action="D" localPath="ModuleThrift/src/main/java/com/sporger/server/thrift/interfaces/IBulletinOperationDBThriftService.java" kind="unknown">/Code/TYServerV2/trunk/ModuleThrift/src/main/java/com/sporger/server/thrift/interfaces/IBulletinOperationDBThriftService.java</path><path action="D" localPath="ModuleThrift/src/main/java/com/sporger/server/thrift/interfaces/ICircleEntryDBThriftService.java" kind="unknown">/Code/TYServerV2/trunk/ModuleThrift/src/main/java/com/sporger/server/thrift/interfaces/ICircleEntryDBThriftService.java</path><path action="D" localPath="ModuleThrift/src/main/java/com/sporger/server/thrift/client/RoomDBThriftClient.java" kind="unknown">/Code/TYServerV2/trunk/ModuleThrift/src/main/java/com/sporger/server/thrift/client/RoomDBThriftClient.java</path><path action="D" localPath="ModuleThrift/src/main/java/com/sporger/server/thrift/interfaces/IUserDBThriftService.java" kind="unknown">/Code/TYServerV2/trunk/ModuleThrift/src/main/java/com/sporger/server/thrift/interfaces/IUserDBThriftService.java</path><path action="D" localPath="ModuleThrift/src/main/java/com/sporger/server/thrift/interfaces/IMissionDBThriftService.java" kind="unknown">/Code/TYServerV2/trunk/ModuleThrift/src/main/java/com/sporger/server/thrift/interfaces/IMissionDBThriftService.java</path><path action="D" localPath="ModuleThrift/src/main/java/com/sporger/server/thrift/interfaces/IUserPropDBThriftService.java" kind="unknown">/Code/TYServerV2/trunk/ModuleThrift/src/main/java/com/sporger/server/thrift/interfaces/IUserPropDBThriftService.java</path><path action="D" localPath="ModuleDB/src/main/resources/mapper/main/userProp.xml" kind="unknown">/Code/TYServerV2/trunk/ModuleDB/src/main/resources/mapper/main/userProp.xml</path><path action="D" localPath="ModuleThrift/src/main/java/com/sporger/server/thrift/client/ChatRoomDBThriftClient.java" kind="unknown">/Code/TYServerV2/trunk/ModuleThrift/src/main/java/com/sporger/server/thrift/client/ChatRoomDBThriftClient.java</path><path action="M" localPath="ModuleThrift/src/main/java/com/sporger/server/thrift/bean/UserTB.java" kind="unknown">/Code/TYServerV2/trunk/ModuleThrift/src/main/java/com/sporger/server/thrift/bean/UserTB.java</path><path action="D" localPath="ModuleThrift/src/main/java/com/sporger/server/thrift/interfaces/IChatRoomDBThriftService.java" kind="unknown">/Code/TYServerV2/trunk/ModuleThrift/src/main/java/com/sporger/server/thrift/interfaces/IChatRoomDBThriftService.java</path><path action="D" localPath="ModuleThrift/src/main/java/com/sporger/server/thrift/client/UserDBThriftClient.java" kind="unknown">/Code/TYServerV2/trunk/ModuleThrift/src/main/java/com/sporger/server/thrift/client/UserDBThriftClient.java</path><path action="D" localPath="ModuleThrift/src/main/java/com/sporger/server/thrift/client/UserLogDBThriftClient.java" kind="unknown">/Code/TYServerV2/trunk/ModuleThrift/src/main/java/com/sporger/server/thrift/client/UserLogDBThriftClient.java</path><path action="D" localPath="ModuleThrift/src/main/java/com/sporger/server/thrift/interfaces/IRoomDBThriftService.java" kind="unknown">/Code/TYServerV2/trunk/ModuleThrift/src/main/java/com/sporger/server/thrift/interfaces/IRoomDBThriftService.java</path><path action="M" localPath="ServerManage/src/main/java/com/sporger/server/manage/controller/RedisController.java" kind="unknown">/Code/TYServerV2/trunk/ServerManage/src/main/java/com/sporger/server/manage/controller/RedisController.java</path><path action="D" localPath="ModuleThrift/src/main/java/com/sporger/server/thrift/model/UserPropTM.java" kind="unknown">/Code/TYServerV2/trunk/ModuleThrift/src/main/java/com/sporger/server/thrift/model/UserPropTM.java</path><path action="D" localPath="ModuleThrift/src/main/java/com/sporger/server/thrift/client/SindexDBThriftClient.java" kind="unknown">/Code/TYServerV2/trunk/ModuleThrift/src/main/java/com/sporger/server/thrift/client/SindexDBThriftClient.java</path><path action="D" localPath="ModuleThrift/src/main/java/com/sporger/server/thrift/client/MissionDBThriftClient.java" kind="unknown">/Code/TYServerV2/trunk/ModuleThrift/src/main/java/com/sporger/server/thrift/client/MissionDBThriftClient.java</path><path action="M" localPath="ModuleDB/src/main/java/com/sporger/server/db/service/CommentDBService.java" kind="unknown">/Code/TYServerV2/trunk/ModuleDB/src/main/java/com/sporger/server/db/service/CommentDBService.java</path><path action="D" localPath="ModuleThrift/src/main/java/com/sporger/server/thrift/interfaces/IUserWXDBThriftService.java" kind="unknown">/Code/TYServerV2/trunk/ModuleThrift/src/main/java/com/sporger/server/thrift/interfaces/IUserWXDBThriftService.java</path><path action="M" localPath="Package/shell/bin/stop.sh" kind="unknown">/Code/TYServerV2/trunk/Package/shell/bin/stop.sh</path><path action="D" localPath="ModuleThrift/src/main/java/com/sporger/server/thrift/client/MailDBThriftClient.java" kind="unknown">/Code/TYServerV2/trunk/ModuleThrift/src/main/java/com/sporger/server/thrift/client/MailDBThriftClient.java</path></paths><msg>用户逻辑修改</msg></logentry><logentry revision="9269"><author>jiangdingfu</author><date>2018-05-08T12:44:14.999143Z</date><paths><path action="M" localPath="ModuleDB/src/main/resources/mapper/gate/user.xml" kind="unknown">/Code/TYServerV2/trunk/ModuleDB/src/main/resources/mapper/gate/user.xml</path></paths><msg>用户逻辑修改</msg></logentry><logentry revision="9253"><author>fanwentao</author><date>2018-05-08T06:48:34.462380Z</date><paths><path action="M" localPath="TYOperation/index.html" kind="unknown">/Code/TYOperation/trunk/index.html</path></paths><msg>用户等级统计

</msg></logentry></log>