<?xml version="1.0" encoding="UTF-8"?><log><logentry revision="8820"><author>jiangdingfu</author><date>2018-04-26T06:55:14.811737Z</date><paths><path action="M" localPath="ServerGame/src/main/java/com/sporger/server/game/service/handler/ActivityHandler.java" kind="unknown">/Code/TYServerV2/trunk/ServerGame/src/main/java/com/sporger/server/game/service/handler/ActivityHandler.java</path><path action="M" localPath="Package/shell/bin/refreshConfig_branches.sh" kind="unknown">/Code/TYServerV2/trunk/Package/shell/bin/refreshConfig_branches.sh</path></paths><msg>预上线版本发布</msg></logentry><logentry revision="8824"><author>jiangdingfu</author><date>2018-04-26T07:03:05.582231Z</date><paths><path action="M" localPath="pom.xml" kind="unknown">/Code/TYServerV2/trunk/pom.xml</path></paths><msg>预上线版本发布</msg></logentry><logentry revision="8827"><author>jiangdingfu</author><date>2018-04-26T07:13:19.407837Z</date><paths><path action="M" localPath="ServerGate/src/main/java/com/sporger/server/gate/controller/LoginController.java" kind="unknown">/Code/TYServerV2/trunk/ServerGate/src/main/java/com/sporger/server/gate/controller/LoginController.java</path></paths><msg>预上线版本发布</msg></logentry><logentry revision="8826"><author>fanwentao</author><date>2018-04-26T07:07:32.082531Z</date><paths><path action="M" localPath="TYOperation/activity_normal.html" kind="unknown">/Code/TYOperation/activity_normal.html</path><path action="M" localPath="TYOperation/configuration.html" kind="unknown">/Code/TYOperation/configuration.html</path><path action="M" localPath="TYOperation/bulletin_led.html" kind="unknown">/Code/TYOperation/bulletin_led.html</path><path action="M" localPath="TYOperation/bulletin_run.html" kind="unknown">/Code/TYOperation/bulletin_run.html</path><path action="M" localPath="TYOperation/chatRoom.html" kind="unknown">/Code/TYOperation/chatRoom.html</path><path action="M" localPath="TYOperation/game_result.html" kind="unknown">/Code/TYOperation/game_result.html</path><path action="M" localPath="TYOperation/bulletin_game.html" kind="unknown">/Code/TYOperation/bulletin_game.html</path><path action="M" localPath="TYOperation/token_statistics.html" kind="unknown">/Code/TYOperation/token_statistics.html</path><path action="M" localPath="TYOperation/user_attribute.html" kind="unknown">/Code/TYOperation/user_attribute.html</path><path action="M" localPath="TYOperation/match_progress.html" kind="unknown">/Code/TYOperation/match_progress.html</path><path action="M" localPath="TYOperation/email_query.html" kind="unknown">/Code/TYOperation/email_query.html</path><path action="M" localPath="TYOperation/user_tb.html" kind="unknown">/Code/TYOperation/user_tb.html</path><path action="M" localPath="TYOperation/match_end.html" kind="unknown">/Code/TYOperation/match_end.html</path><path action="M" localPath="TYOperation/match_enroll.html" kind="unknown">/Code/TYOperation/match_enroll.html</path><path action="M" localPath="TYOperation/bulletin_enter.html" kind="unknown">/Code/TYOperation/bulletin_enter.html</path><path action="M" localPath="TYOperation/viewLog.html" kind="unknown">/Code/TYOperation/viewLog.html</path><path action="M" localPath="TYOperation/sportData.html" kind="unknown">/Code/TYOperation/sportData.html</path><path action="M" localPath="TYOperation/redis.html" kind="unknown">/Code/TYOperation/redis.html</path><path action="M" localPath="TYOperation/room.html" kind="unknown">/Code/TYOperation/room.html</path></paths><msg>预上线配置</msg></logentry><logentry revision="8833"><author>fanwentao</author><date>2018-04-26T07:19:52.239925Z</date><paths><path action="M" localPath="TYOperation/configuration.html" kind="unknown">/Code/TYOperation/configuration.html</path></paths><msg>预上线配置</msg></logentry></log>