<?xml version="1.0" encoding="UTF-8"?><log><logentry revision="295"><author>jiangdingfu</author><date>2017-11-27T11:24:48.849699Z</date><paths><path action="M" localPath="main/movement_collect/form.js" kind="unknown">/Sporger/Code/TYFrontend/main/movement_collect/form.js</path><path action="M" localPath="main/auth_response/action.js" kind="unknown">/Sporger/Code/TYFrontend/main/auth_response/action.js</path><path action="M" localPath="utils/apiProxy.js" kind="unknown">/Sporger/Code/TYFrontend/utils/apiProxy.js</path><path action="M" localPath="utils/wxUtil.js" kind="unknown">/Sporger/Code/TYFrontend/utils/wxUtil.js</path><path action="M" localPath="main/movement_create/action.js" kind="unknown">/Sporger/Code/TYFrontend/main/movement_create/action.js</path><path action="M" localPath="main/index/index.js" kind="unknown">/Sporger/Code/TYFrontend/main/index/index.js</path><path action="M" localPath="main/movement_create/form.js" kind="unknown">/Sporger/Code/TYFrontend/main/movement_create/form.js</path><path action="M" localPath="main/user_login/action.js" kind="unknown">/Sporger/Code/TYFrontend/main/user_login/action.js</path></paths><msg>运动圈合入</msg></logentry><logentry revision="296"><author>jiangdingfu</author><date>2017-11-27T11:36:59.902283Z</date><paths><path action="M" localPath="main/circle_home/action.js" kind="unknown">/Sporger/Code/TYFrontend/main/circle_home/action.js</path></paths><msg>运动圈合入</msg></logentry></log>