<?xml version="1.0" encoding="UTF-8"?><log><logentry revision="8344"><author>jiangdingfu</author><date>2018-04-13T09:46:12.074586Z</date><paths><path action="M" localPath="ServerCenter/src/main/java/com/sporger/server/center/service/MarathonTraceService.java" kind="unknown">/Code/TYServerV2/trunk/ServerCenter/src/main/java/com/sporger/server/center/service/MarathonTraceService.java</path><path action="M" localPath="pom.xml" kind="unknown">/Code/TYServerV2/trunk/pom.xml</path><path action="M" localPath="ServerGame/src/main/java/com/sporger/server/game/service/handler/LoginHandler.java" kind="unknown">/Code/TYServerV2/trunk/ServerGame/src/main/java/com/sporger/server/game/service/handler/LoginHandler.java</path></paths><msg>配置逻辑修改</msg></logentry><logentry revision="8353"><author>jiangdingfu</author><date>2018-04-13T11:56:46.660806Z</date><paths><path action="M" localPath="ServerCenter/src/main/java/com/sporger/server/center/service/TimedTaskService.java" kind="unknown">/Code/TYServerV2/trunk/ServerCenter/src/main/java/com/sporger/server/center/service/TimedTaskService.java</path><path action="M" localPath="ServerCenter/src/main/java/com/sporger/server/center/service/MarathonTraceService.java" kind="unknown">/Code/TYServerV2/trunk/ServerCenter/src/main/java/com/sporger/server/center/service/MarathonTraceService.java</path></paths><msg>配置逻辑修改</msg></logentry><logentry revision="8355"><author>jiangdingfu</author><date>2018-04-13T12:15:10.113574Z</date><paths><path action="M" localPath="Package/shell/bin/refreshConfig_prd.sh" kind="unknown">/Code/TYServerV2/trunk/Package/shell/bin/refreshConfig_prd.sh</path></paths><msg>配置逻辑修改</msg></logentry></log>