<?xml version="1.0" encoding="UTF-8"?><log><logentry revision="8810"><author>fanwentao</author><date>2018-04-26T06:20:47.736573Z</date><paths><path action="M" localPath="ServerManage/src/main/java/com/sporger/server/manage/controller/GameConfigController.java" kind="unknown">/Code/TYServerV2/trunk/ServerManage/src/main/java/com/sporger/server/manage/controller/GameConfigController.java</path></paths><msg>预上线配置</msg></logentry><logentry revision="8813"><author>jiangdingfu</author><date>2018-04-26T06:32:36.671664Z</date><paths><path action="D" localPath="Package/shell/bin/refreshConfig_pre.sh" kind="unknown">/Code/TYServerV2/trunk/Package/shell/bin/refreshConfig_pre.sh</path><path action="D" localPath="Package/shell/bin/refreshConfig_prd.sh" kind="unknown">/Code/TYServerV2/trunk/Package/shell/bin/refreshConfig_prd.sh</path><path action="M" localPath="ServerGate/src/main/resources/properties/application.properties" kind="unknown">/Code/TYServerV2/trunk/ServerGate/src/main/resources/properties/application.properties</path><path action="M" localPath="ServerGame/src/main/java/com/sporger/server/game/service/handler/ActivityHandler.java" kind="unknown">/Code/TYServerV2/trunk/ServerGame/src/main/java/com/sporger/server/game/service/handler/ActivityHandler.java</path><path action="M" localPath="ServerManage/src/main/java/com/sporger/server/manage/controller/GameConfigController.java" kind="unknown">/Code/TYServerV2/trunk/ServerManage/src/main/java/com/sporger/server/manage/controller/GameConfigController.java</path><path action="M" localPath="ServerGate/src/main/java/com/sporger/server/gate/controller/LoginController.java" kind="unknown">/Code/TYServerV2/trunk/ServerGate/src/main/java/com/sporger/server/gate/controller/LoginController.java</path><path action="A" localPath="Package/shell/bin/refreshConfig_branches.sh" copyfrom-path="/Code/TYServerV2/trunk/Package/shell/bin/refreshConfig_prd.sh" copyfrom-rev="8812" kind="unknown">/Code/TYServerV2/trunk/Package/shell/bin/refreshConfig_branches.sh</path><path action="M" localPath="ServerManage/src/main/java/com/sporger/server/manage/service/MonitorService.java" kind="unknown">/Code/TYServerV2/trunk/ServerManage/src/main/java/com/sporger/server/manage/service/MonitorService.java</path></paths><msg>预上线版本发布</msg></logentry><logentry revision="8811"><author>fanwentao</author><date>2018-04-26T06:21:19.911354Z</date><paths><path action="M" localPath="TYOperation/configuration.html" kind="unknown">/Code/TYOperation/configuration.html</path><path action="M" localPath="TYOperation/game_result.html" kind="unknown">/Code/TYOperation/game_result.html</path></paths><msg>预上线配置</msg></logentry><logentry revision="8812"><author>fanwentao</author><date>2018-04-26T06:25:23.523985Z</date><paths><path action="M" localPath="TYOperation/configuration.html" kind="unknown">/Code/TYOperation/configuration.html</path></paths><msg>预上线配置</msg></logentry></log>