<?xml version="1.0" encoding="UTF-8"?><log><logentry revision="6654"><author>jiangdingfu</author><date>2018-02-24T07:04:42.391706Z</date><paths><path action="M" localPath="ServerCenter/src/main/java/com/sporger/server/center/service/BulletinService.java" kind="unknown">/Code/TYServerV2/trunk/ServerCenter/src/main/java/com/sporger/server/center/service/BulletinService.java</path><path action="M" localPath="ServerCenter/src/main/java/com/sporger/server/center/service/thrift/MissionTraceThriftService.java" kind="unknown">/Code/TYServerV2/trunk/ServerCenter/src/main/java/com/sporger/server/center/service/thrift/MissionTraceThriftService.java</path></paths><msg>公告逻辑修改</msg></logentry><logentry revision="6656"><author>jiangdingfu</author><date>2018-02-24T07:19:39.484229Z</date><paths><path action="M" localPath="ServerGame/src/main/java/com/sporger/server/game/service/thrift/SocketThriftService.java" kind="unknown">/Code/TYServerV2/trunk/ServerGame/src/main/java/com/sporger/server/game/service/thrift/SocketThriftService.java</path><path action="M" localPath="ModuleProto/src/main/java/com/sporger/server/proto/model/ProtoCommon.java" kind="unknown">/Code/TYServerV2/trunk/ModuleProto/src/main/java/com/sporger/server/proto/model/ProtoCommon.java</path></paths><msg>公告逻辑修改</msg></logentry></log>