<?xml version="1.0" encoding="UTF-8"?><log><logentry revision="7819"><author>jiangdingfu</author><date>2018-03-30T07:17:01.151835Z</date><paths><path action="D" localPath="ModuleMQ/src/main/java/com/sporger/server/mq/service/MqTopicHandler.java" kind="unknown">/Code/TYServerV2/trunk/ModuleMQ/src/main/java/com/sporger/server/mq/service/MqTopicHandler.java</path><path action="M" localPath="ServerCenter/src/main/java/com/sporger/server/center/mq/MqConsumerService.java" kind="unknown">/Code/TYServerV2/trunk/ServerCenter/src/main/java/com/sporger/server/center/mq/MqConsumerService.java</path><path action="M" localPath="ServerManage/src/main/java/com/sporger/server/manage/mq/MqConsumerService.java" kind="unknown">/Code/TYServerV2/trunk/ServerManage/src/main/java/com/sporger/server/manage/mq/MqConsumerService.java</path><path action="D" localPath="ModuleMQ/src/main/java/com/sporger/server/mq/service/MqTopicThread.java" kind="unknown">/Code/TYServerV2/trunk/ModuleMQ/src/main/java/com/sporger/server/mq/service/MqTopicThread.java</path><path action="M" localPath="ModuleMQ/src/main/java/com/sporger/server/mq/service/MqProducerHandler.java" kind="unknown">/Code/TYServerV2/trunk/ModuleMQ/src/main/java/com/sporger/server/mq/service/MqProducerHandler.java</path><path action="M" localPath="ModuleMQ/src/main/resources/properties/dev/mq.properties" kind="unknown">/Code/TYServerV2/trunk/ModuleMQ/src/main/resources/properties/dev/mq.properties</path><path action="M" localPath="ServerDB/src/main/java/com/sporger/server/db/mq/MqProducerService.java" kind="unknown">/Code/TYServerV2/trunk/ServerDB/src/main/java/com/sporger/server/db/mq/MqProducerService.java</path><path action="M" localPath="ModuleMQ/src/main/resources/properties/test/mq.properties" kind="unknown">/Code/TYServerV2/trunk/ModuleMQ/src/main/resources/properties/test/mq.properties</path><path action="A" localPath="ModuleMQ/src/main/java/com/sporger/server/mq/service/MqTopicProducerHandler.java" copyfrom-path="/Code/TYServerV2/trunk/ModuleMQ/src/main/java/com/sporger/server/mq/service/MqTopicHandler.java" copyfrom-rev="7818" kind="unknown">/Code/TYServerV2/trunk/ModuleMQ/src/main/java/com/sporger/server/mq/service/MqTopicProducerHandler.java</path><path action="A" localPath="ModuleMQ/src/main/java/com/sporger/server/mq/service/MqQueueConsumerThread.java" copyfrom-path="/Code/TYServerV2/trunk/ModuleMQ/src/main/java/com/sporger/server/mq/service/MqConsumerThread.java" copyfrom-rev="7558" kind="unknown">/Code/TYServerV2/trunk/ModuleMQ/src/main/java/com/sporger/server/mq/service/MqQueueConsumerThread.java</path><path action="M" localPath="ModuleMQ/src/main/resources/properties/lan/mq.properties" kind="unknown">/Code/TYServerV2/trunk/ModuleMQ/src/main/resources/properties/lan/mq.properties</path><path action="A" localPath="ModuleMQ/src/main/java/com/sporger/server/mq/service/MqTopicConsumerThread.java" copyfrom-path="/Code/TYServerV2/trunk/ModuleMQ/src/main/java/com/sporger/server/mq/service/MqTopicThread.java" copyfrom-rev="7818" kind="unknown">/Code/TYServerV2/trunk/ModuleMQ/src/main/java/com/sporger/server/mq/service/MqTopicConsumerThread.java</path><path action="A" localPath="ModuleMQ/src/main/java/com/sporger/server/mq/service/MqQueueProducerHandler.java" copyfrom-path="/Code/TYServerV2/trunk/ModuleMQ/src/main/java/com/sporger/server/mq/service/MqProducerHandler.java" copyfrom-rev="7558" kind="unknown">/Code/TYServerV2/trunk/ModuleMQ/src/main/java/com/sporger/server/mq/service/MqQueueProducerHandler.java</path><path action="M" localPath="ServerDB/src/main/java/com/sporger/server/db/mq/MqConsumerService.java" kind="unknown">/Code/TYServerV2/trunk/ServerDB/src/main/java/com/sporger/server/db/mq/MqConsumerService.java</path><path action="M" localPath="ServerGame/src/main/java/com/sporger/server/game/mq/MqProducerService.java" kind="unknown">/Code/TYServerV2/trunk/ServerGame/src/main/java/com/sporger/server/game/mq/MqProducerService.java</path><path action="M" localPath="ModuleMQ/src/main/java/com/sporger/server/mq/service/MqConsumerThread.java" kind="unknown">/Code/TYServerV2/trunk/ModuleMQ/src/main/java/com/sporger/server/mq/service/MqConsumerThread.java</path><path action="M" localPath="ModuleMQ/src/main/resources/properties/prd/mq.properties" kind="unknown">/Code/TYServerV2/trunk/ModuleMQ/src/main/resources/properties/prd/mq.properties</path><path action="M" localPath="ServerGame/src/main/java/com/sporger/server/game/mq/MqConsumerService.java" kind="unknown">/Code/TYServerV2/trunk/ServerGame/src/main/java/com/sporger/server/game/mq/MqConsumerService.java</path><path action="M" localPath="ServerCenter/src/main/java/com/sporger/server/center/mq/MqProducerService.java" kind="unknown">/Code/TYServerV2/trunk/ServerCenter/src/main/java/com/sporger/server/center/mq/MqProducerService.java</path><path action="M" localPath="ServerManage/src/main/java/com/sporger/server/manage/mq/MqProducerService.java" kind="unknown">/Code/TYServerV2/trunk/ServerManage/src/main/java/com/sporger/server/manage/mq/MqProducerService.java</path></paths><msg>配置更新逻辑修改</msg></logentry></log>