<?xml version="1.0" encoding="UTF-8"?><log><logentry revision="9157"><author>jiangdingfu</author><date>2018-05-04T03:17:03.222187Z</date><paths><path action="M" localPath="ServerGame/src/main/java/com/sporger/server/game/mq/MqBulletScreenHandler.java" kind="unknown">/Code/TYServerV2/trunk/ServerGame/src/main/java/com/sporger/server/game/mq/MqBulletScreenHandler.java</path><path action="M" localPath="ServerDB/src/main/java/com/sporger/server/db/mq/MqMailHandler.java" kind="unknown">/Code/TYServerV2/trunk/ServerDB/src/main/java/com/sporger/server/db/mq/MqMailHandler.java</path><path action="M" localPath="ServerManage/src/main/java/com/sporger/server/manage/mq/MqRoomHandler.java" kind="unknown">/Code/TYServerV2/trunk/ServerManage/src/main/java/com/sporger/server/manage/mq/MqRoomHandler.java</path><path action="M" localPath="ServerGame/src/main/java/com/sporger/server/game/service/RoomService.java" kind="unknown">/Code/TYServerV2/trunk/ServerGame/src/main/java/com/sporger/server/game/service/RoomService.java</path><path action="M" localPath="ModuleRedis/src/main/java/com/sporger/server/redis/service/RedisUserTraceService.java" kind="unknown">/Code/TYServerV2/trunk/ModuleRedis/src/main/java/com/sporger/server/redis/service/RedisUserTraceService.java</path><path action="M" localPath="ServerGame/src/main/java/com/sporger/server/game/service/RoomSportService.java" kind="unknown">/Code/TYServerV2/trunk/ServerGame/src/main/java/com/sporger/server/game/service/RoomSportService.java</path><path action="M" localPath="ServerGame/src/main/java/com/sporger/server/game/mq/MqBulletinHandler.java" kind="unknown">/Code/TYServerV2/trunk/ServerGame/src/main/java/com/sporger/server/game/mq/MqBulletinHandler.java</path><path action="M" localPath="ServerCenter/src/main/java/com/sporger/server/center/service/ActivityTraceService.java" kind="unknown">/Code/TYServerV2/trunk/ServerCenter/src/main/java/com/sporger/server/center/service/ActivityTraceService.java</path><path action="M" localPath="ServerGame/src/main/java/com/sporger/server/game/service/handler/LoginHandler.java" kind="unknown">/Code/TYServerV2/trunk/ServerGame/src/main/java/com/sporger/server/game/service/handler/LoginHandler.java</path><path action="M" localPath="ModuleConfig/src/main/java/com/sporger/server/config/mq/MqConfigHandler.java" kind="unknown">/Code/TYServerV2/trunk/ModuleConfig/src/main/java/com/sporger/server/config/mq/MqConfigHandler.java</path><path action="M" localPath="ServerGame/src/main/java/com/sporger/server/game/service/handler/CharacterHandler.java" kind="unknown">/Code/TYServerV2/trunk/ServerGame/src/main/java/com/sporger/server/game/service/handler/CharacterHandler.java</path><path action="M" localPath="ServerDB/src/main/java/com/sporger/server/db/service/MailDBThriftService.java" kind="unknown">/Code/TYServerV2/trunk/ServerDB/src/main/java/com/sporger/server/db/service/MailDBThriftService.java</path><path action="M" localPath="ServerGame/src/main/java/com/sporger/server/game/service/MarathonService.java" kind="unknown">/Code/TYServerV2/trunk/ServerGame/src/main/java/com/sporger/server/game/service/MarathonService.java</path><path action="M" localPath="ServerCenter/src/main/java/com/sporger/server/center/mq/MqCenterConfigHandler.java" kind="unknown">/Code/TYServerV2/trunk/ServerCenter/src/main/java/com/sporger/server/center/mq/MqCenterConfigHandler.java</path></paths><msg>角色数据结构更改</msg></logentry><logentry revision="9165"><author>jiangdingfu</author><date>2018-05-04T06:47:40.899603Z</date><paths><path action="M" localPath="ServerGame/src/main/java/com/sporger/server/game/service/DataService.java" kind="unknown">/Code/TYServerV2/trunk/ServerGame/src/main/java/com/sporger/server/game/service/DataService.java</path><path action="M" localPath="ServerGame/src/main/java/com/sporger/server/game/service/RoomService.java" kind="unknown">/Code/TYServerV2/trunk/ServerGame/src/main/java/com/sporger/server/game/service/RoomService.java</path><path action="M" localPath="ServerDB/src/main/java/com/sporger/server/db/service/UserPropDBThriftService.java" kind="unknown">/Code/TYServerV2/trunk/ServerDB/src/main/java/com/sporger/server/db/service/UserPropDBThriftService.java</path><path action="M" localPath="ServerGame/src/main/java/com/sporger/server/game/service/RoomSportService.java" kind="unknown">/Code/TYServerV2/trunk/ServerGame/src/main/java/com/sporger/server/game/service/RoomSportService.java</path><path action="M" localPath="ServerGame/src/main/java/com/sporger/server/game/service/handler/CharacterHandler.java" kind="unknown">/Code/TYServerV2/trunk/ServerGame/src/main/java/com/sporger/server/game/service/handler/CharacterHandler.java</path></paths><msg>角色数据结构更改</msg></logentry><logentry revision="9166"><author>jiangdingfu</author><date>2018-05-04T06:47:59.738020Z</date><paths><path action="M" localPath="ModuleThrift/src/main/java/com/sporger/server/thrift/bean/UserTB.java" kind="unknown">/Code/TYServerV2/trunk/ModuleThrift/src/main/java/com/sporger/server/thrift/bean/UserTB.java</path><path action="M" localPath="ModuleThrift/tools/thrift/DBModel.thrift" kind="unknown">/Code/TYServerV2/trunk/ModuleThrift/tools/thrift/DBModel.thrift</path><path action="M" localPath="ModuleThrift/tools/thrift/DBBean.thrift" kind="unknown">/Code/TYServerV2/trunk/ModuleThrift/tools/thrift/DBBean.thrift</path></paths><msg>角色数据结构更改</msg></logentry><logentry revision="9171"><author>fanwentao</author><date>2018-05-04T06:57:14.947878Z</date><paths><path action="M" localPath="ServerCenter/src/main/java/com/sporger/server/center/service/TimedTaskService.java" kind="unknown">/Code/TYServerV2/trunk/ServerCenter/src/main/java/com/sporger/server/center/service/TimedTaskService.java</path><path action="M" localPath="ModuleRedis/src/main/java/com/sporger/server/redis/service/RedisStatsUserService.java" kind="unknown">/Code/TYServerV2/trunk/ModuleRedis/src/main/java/com/sporger/server/redis/service/RedisStatsUserService.java</path><path action="M" localPath="ServerGame/src/main/java/com/sporger/server/game/service/handler/MovementHandler.java" kind="unknown">/Code/TYServerV2/trunk/ServerGame/src/main/java/com/sporger/server/game/service/handler/MovementHandler.java</path><path action="M" localPath="ModuleThrift/tools/thrift/DBModel.thrift" kind="unknown">/Code/TYServerV2/trunk/ModuleThrift/tools/thrift/DBModel.thrift</path><path action="A" localPath="ModuleRedis/src/main/java/com/sporger/server/redis/model/RedisStatsUser.java" copyfrom-path="/Code/TYServerV2/trunk/ModuleRedis/src/main/java/com/sporger/server/redis/model/RedisStatsUM.java" copyfrom-rev="9170" kind="unknown">/Code/TYServerV2/trunk/ModuleRedis/src/main/java/com/sporger/server/redis/model/RedisStatsUser.java</path><path action="M" localPath="ServerManage/src/main/java/com/sporger/server/manage/controller/MoneyController.java" kind="unknown">/Code/TYServerV2/trunk/ServerManage/src/main/java/com/sporger/server/manage/controller/MoneyController.java</path><path action="D" localPath="ModuleRedis/src/main/java/com/sporger/server/redis/model/RedisStatsUM.java" kind="unknown">/Code/TYServerV2/trunk/ModuleRedis/src/main/java/com/sporger/server/redis/model/RedisStatsUM.java</path><path action="M" localPath="ModuleRedis/src/main/java/com/sporger/server/redis/dao/RedisStatsUserDao.java" kind="unknown">/Code/TYServerV2/trunk/ModuleRedis/src/main/java/com/sporger/server/redis/dao/RedisStatsUserDao.java</path><path action="M" localPath="ServerCenter/src/main/java/com/sporger/server/center/service/thrift/UserThriftService.java" kind="unknown">/Code/TYServerV2/trunk/ServerCenter/src/main/java/com/sporger/server/center/service/thrift/UserThriftService.java</path></paths><msg>运动数据统计</msg></logentry><logentry revision="9176"><author>jiangdingfu</author><date>2018-05-04T08:48:52.104020Z</date><paths><path action="M" localPath="ServerDB/src/main/java/com/sporger/server/db/service/UserPropDBThriftService.java" kind="unknown">/Code/TYServerV2/trunk/ServerDB/src/main/java/com/sporger/server/db/service/UserPropDBThriftService.java</path></paths><msg>数据层调整</msg></logentry><logentry revision="9178"><author>jiangdingfu</author><date>2018-05-04T08:49:47.483321Z</date><paths><path action="M" localPath="ModuleCommon/src/main/java/com/sporger/server/common/interceptor/BaseLogAop.java" kind="unknown">/Code/TYServerV2/trunk/ModuleCommon/src/main/java/com/sporger/server/common/interceptor/BaseLogAop.java</path></paths><msg>数据层调整</msg></logentry><logentry revision="9179"><author>jiangdingfu</author><date>2018-05-04T08:50:06.747979Z</date><paths><path action="M" localPath="ModuleProto/src/main/java/com/sporger/server/proto/util/ProtoUtil.java" kind="unknown">/Code/TYServerV2/trunk/ModuleProto/src/main/java/com/sporger/server/proto/util/ProtoUtil.java</path></paths><msg>数据层调整</msg></logentry><logentry revision="9182"><author>jiangdingfu</author><date>2018-05-04T08:54:00.994487Z</date><paths><path action="A" localPath="ModuleDB/src/main/resources/db/test" kind="unknown">/Code/TYServerV2/trunk/ModuleDB/src/main/resources/db/test</path><path action="A" localPath="ModuleDB/src/main/java/com/sporger/server/db/service/ChatRoomDBThriftService.java" kind="unknown">/Code/TYServerV2/trunk/ModuleDB/src/main/java/com/sporger/server/db/service/ChatRoomDBThriftService.java</path><path action="A" localPath="ModuleDB/src/main/java/com/sporger/server/db/dao/main/LogMapper.java" kind="unknown">/Code/TYServerV2/trunk/ModuleDB/src/main/java/com/sporger/server/db/dao/main/LogMapper.java</path><path action="M" localPath="pom.xml" kind="unknown">/Code/TYServerV2/trunk/pom.xml</path><path action="A" localPath="ModuleDB/src/main/java/com/sporger/server/db/dao/main/CircleEntryMapper.java" kind="unknown">/Code/TYServerV2/trunk/ModuleDB/src/main/java/com/sporger/server/db/dao/main/CircleEntryMapper.java</path><path action="A" localPath="ModuleDB/src/main/java/com/sporger/server/db/dao/main/ChatRoomMapper.java" kind="unknown">/Code/TYServerV2/trunk/ModuleDB/src/main/java/com/sporger/server/db/dao/main/ChatRoomMapper.java</path><path action="A" localPath="ModuleDB/pom.xml" kind="unknown">/Code/TYServerV2/trunk/ModuleDB/pom.xml</path><path action="A" localPath="ModuleDB/src/main/java/com/sporger/server/db/dao/main/BulletinOperationMapper.java" kind="unknown">/Code/TYServerV2/trunk/ModuleDB/src/main/java/com/sporger/server/db/dao/main/BulletinOperationMapper.java</path><path action="M" localPath="ModuleThrift/tools/thrift/DBModel.thrift" kind="unknown">/Code/TYServerV2/trunk/ModuleThrift/tools/thrift/DBModel.thrift</path><path action="A" localPath="ModuleDB/src/main/java/com/sporger/server/db/dao/main/CommentMapper.java" kind="unknown">/Code/TYServerV2/trunk/ModuleDB/src/main/java/com/sporger/server/db/dao/main/CommentMapper.java</path><path action="A" localPath="ModuleDB/src/main/resources/mybatis-config.xml" kind="unknown">/Code/TYServerV2/trunk/ModuleDB/src/main/resources/mybatis-config.xml</path><path action="M" localPath="ModuleThrift/src/main/java/com/sporger/server/thrift/client/UserPropDBThriftClient.java" kind="unknown">/Code/TYServerV2/trunk/ModuleThrift/src/main/java/com/sporger/server/thrift/client/UserPropDBThriftClient.java</path><path action="A" localPath="ModuleDB/src/main/java/com/sporger/server/db/interceptor/ServiceLogAop.java" kind="unknown">/Code/TYServerV2/trunk/ModuleDB/src/main/java/com/sporger/server/db/interceptor/ServiceLogAop.java</path><path action="A" localPath="ModuleDB/src/main/java/com/sporger/server/db/service/RoomDBThriftService.java" kind="unknown">/Code/TYServerV2/trunk/ModuleDB/src/main/java/com/sporger/server/db/service/RoomDBThriftService.java</path><path action="A" localPath="ModuleDB/src/main/resources" kind="unknown">/Code/TYServerV2/trunk/ModuleDB/src/main/resources</path><path action="A" localPath="ModuleDB/src/main/java/com/sporger/server/db" kind="unknown">/Code/TYServerV2/trunk/ModuleDB/src/main/java/com/sporger/server/db</path><path action="A" localPath="ModuleDB/src/main/resources/mapper/gate/user.xml" kind="unknown">/Code/TYServerV2/trunk/ModuleDB/src/main/resources/mapper/gate/user.xml</path><path action="A" localPath="ModuleDB/src/main/java/com/sporger/server/db/bean/PageSQL.java" kind="unknown">/Code/TYServerV2/trunk/ModuleDB/src/main/java/com/sporger/server/db/bean/PageSQL.java</path><path action="A" localPath="ModuleDB/src/test" kind="unknown">/Code/TYServerV2/trunk/ModuleDB/src/test</path><path action="A" localPath="ModuleDB/src/main/java/com/sporger/server/db/dao/gate/OrgMapper.java" kind="unknown">/Code/TYServerV2/trunk/ModuleDB/src/main/java/com/sporger/server/db/dao/gate/OrgMapper.java</path><path action="A" localPath="ModuleDB/src/main/java/com/sporger/server/db/dao" kind="unknown">/Code/TYServerV2/trunk/ModuleDB/src/main/java/com/sporger/server/db/dao</path><path action="A" localPath="ModuleDB/src/main/java/com/sporger/server/db/interceptor/PaginationInterceptor.java" kind="unknown">/Code/TYServerV2/trunk/ModuleDB/src/main/java/com/sporger/server/db/interceptor/PaginationInterceptor.java</path><path action="A" localPath="ModuleDB/src/main/java/com/sporger" kind="unknown">/Code/TYServerV2/trunk/ModuleDB/src/main/java/com/sporger</path><path action="A" localPath="ModuleDB/src/main/resources/mapper/main/sindex.xml" kind="unknown">/Code/TYServerV2/trunk/ModuleDB/src/main/resources/mapper/main/sindex.xml</path><path action="A" localPath="ModuleDB/src/test/java/com" kind="unknown">/Code/TYServerV2/trunk/ModuleDB/src/test/java/com</path><path action="A" localPath="ModuleDB/src/test/java/com/sporger/server/db" kind="unknown">/Code/TYServerV2/trunk/ModuleDB/src/test/java/com/sporger/server/db</path><path action="A" localPath="ModuleDB/src/main/java/com/sporger/server/db/conf/DataSourceConfigGate.java" kind="unknown">/Code/TYServerV2/trunk/ModuleDB/src/main/java/com/sporger/server/db/conf/DataSourceConfigGate.java</path><path action="A" localPath="ModuleDB/src/main/java/com/sporger/server/db/service/CommentDBThriftService.java" kind="unknown">/Code/TYServerV2/trunk/ModuleDB/src/main/java/com/sporger/server/db/service/CommentDBThriftService.java</path><path action="A" localPath="ModuleDB/src/test/java/com/sporger/server/db/UserTest.java" kind="unknown">/Code/TYServerV2/trunk/ModuleDB/src/test/java/com/sporger/server/db/UserTest.java</path><path action="A" localPath="ModuleDB/src/main/java/com/sporger/server/db/service/UserWXDBThriftService.java" kind="unknown">/Code/TYServerV2/trunk/ModuleDB/src/main/java/com/sporger/server/db/service/UserWXDBThriftService.java</path><path action="A" localPath="ModuleDB/src/main/java/com/sporger/server/db/service/OrgDBThriftService.java" kind="unknown">/Code/TYServerV2/trunk/ModuleDB/src/main/java/com/sporger/server/db/service/OrgDBThriftService.java</path><path action="A" localPath="ModuleDB" kind="unknown">/Code/TYServerV2/trunk/ModuleDB</path><path action="A" localPath="ModuleDB/src/main/resources/mapper/main/bulletinOperation.xml" kind="unknown">/Code/TYServerV2/trunk/ModuleDB/src/main/resources/mapper/main/bulletinOperation.xml</path><path action="A" localPath="ModuleDB/src/main/java/com/sporger/server/db/dao/gate/UserWXMapper.java" kind="unknown">/Code/TYServerV2/trunk/ModuleDB/src/main/java/com/sporger/server/db/dao/gate/UserWXMapper.java</path><path action="A" localPath="ModuleDB/src/main/java/com/sporger/server/db/dao/gate/UserMapper.java" kind="unknown">/Code/TYServerV2/trunk/ModuleDB/src/main/java/com/sporger/server/db/dao/gate/UserMapper.java</path><path action="A" localPath="ModuleDB/src/main/java/com/sporger/server/db/conf/DataSourceConfig.java" kind="unknown">/Code/TYServerV2/trunk/ModuleDB/src/main/java/com/sporger/server/db/conf/DataSourceConfig.java</path><path action="A" localPath="ModuleDB/src/main/java/com/sporger/server/db/dao/main/MailMapper.java" kind="unknown">/Code/TYServerV2/trunk/ModuleDB/src/main/java/com/sporger/server/db/dao/main/MailMapper.java</path><path action="A" localPath="ModuleDB/src/test/java" kind="unknown">/Code/TYServerV2/trunk/ModuleDB/src/test/java</path><path action="A" localPath="ModuleDB/src/main/resources/mapper/main/log.xml" kind="unknown">/Code/TYServerV2/trunk/ModuleDB/src/main/resources/mapper/main/log.xml</path><path action="A" localPath="ModuleDB/src/main/java/com/sporger/server/db/service/UserPropDBService.java" kind="unknown">/Code/TYServerV2/trunk/ModuleDB/src/main/java/com/sporger/server/db/service/UserPropDBService.java</path><path action="A" localPath="ModuleDB/src/main/java/com/sporger/server/db/interceptor" kind="unknown">/Code/TYServerV2/trunk/ModuleDB/src/main/java/com/sporger/server/db/interceptor</path><path action="A" localPath="ModuleDB/src/main/resources/db/lan/mysql.properties" kind="unknown">/Code/TYServerV2/trunk/ModuleDB/src/main/resources/db/lan/mysql.properties</path><path action="A" localPath="ModuleDB/src/main/java/com/sporger/server/db/dao/gate/InvitationCodeMapper.java" kind="unknown">/Code/TYServerV2/trunk/ModuleDB/src/main/java/com/sporger/server/db/dao/gate/InvitationCodeMapper.java</path><path action="A" localPath="ModuleDB/src/main/resources/mapper" kind="unknown">/Code/TYServerV2/trunk/ModuleDB/src/main/resources/mapper</path><path action="A" localPath="ModuleDB/src/main/resources/db/dev/mysql.properties" kind="unknown">/Code/TYServerV2/trunk/ModuleDB/src/main/resources/db/dev/mysql.properties</path><path action="A" localPath="ModuleDB/src/main/resources/mapper/gate/invitationCode.xml" kind="unknown">/Code/TYServerV2/trunk/ModuleDB/src/main/resources/mapper/gate/invitationCode.xml</path><path action="A" localPath="ModuleDB/src/main/java/com/sporger/server/db/dao/main/MovementMapper.java" kind="unknown">/Code/TYServerV2/trunk/ModuleDB/src/main/java/com/sporger/server/db/dao/main/MovementMapper.java</path><path action="A" localPath="ModuleDB/src/main/java/com/sporger/server/db/dao/main/UserPropMapper.java" kind="unknown">/Code/TYServerV2/trunk/ModuleDB/src/main/java/com/sporger/server/db/dao/main/UserPropMapper.java</path><path action="A" localPath="ModuleDB/src/main/resources/mapper/main/marathon.xml" kind="unknown">/Code/TYServerV2/trunk/ModuleDB/src/main/resources/mapper/main/marathon.xml</path><path action="A" localPath="ModuleDB/src/main/java/com/sporger/server/db/dao/main/UserLogMapper.java" kind="unknown">/Code/TYServerV2/trunk/ModuleDB/src/main/java/com/sporger/server/db/dao/main/UserLogMapper.java</path><path action="M" localPath="ServerGame/src/main/java/com/sporger/server/game/service/handler/LoginHandler.java" kind="unknown">/Code/TYServerV2/trunk/ServerGame/src/main/java/com/sporger/server/game/service/handler/LoginHandler.java</path><path action="M" localPath="ModuleThrift/tools/thrift/DBBean.thrift" kind="unknown">/Code/TYServerV2/trunk/ModuleThrift/tools/thrift/DBBean.thrift</path><path action="A" localPath="ModuleDB/src/main/resources/db/test/mysql.properties" kind="unknown">/Code/TYServerV2/trunk/ModuleDB/src/main/resources/db/test/mysql.properties</path><path action="A" localPath="ModuleDB/src/main/java/com/sporger/server/db/service/UserLogDBThriftService.java" kind="unknown">/Code/TYServerV2/trunk/ModuleDB/src/main/java/com/sporger/server/db/service/UserLogDBThriftService.java</path><path action="M" localPath="ServerGame/pom.xml" kind="unknown">/Code/TYServerV2/trunk/ServerGame/pom.xml</path><path action="A" localPath="ModuleDB/src/main/java/com/sporger/server/db/service" kind="unknown">/Code/TYServerV2/trunk/ModuleDB/src/main/java/com/sporger/server/db/service</path><path action="A" localPath="ModuleDB/src/main/java/com/sporger/server/db/service/BulletinOperationDBThriftService.java" kind="unknown">/Code/TYServerV2/trunk/ModuleDB/src/main/java/com/sporger/server/db/service/BulletinOperationDBThriftService.java</path><path action="A" localPath="ModuleDB/src/main" kind="unknown">/Code/TYServerV2/trunk/ModuleDB/src/main</path><path action="A" localPath="ModuleDB/src/main/java/com/sporger/server/db/service/CircleEntryDBThriftService.java" kind="unknown">/Code/TYServerV2/trunk/ModuleDB/src/main/java/com/sporger/server/db/service/CircleEntryDBThriftService.java</path><path action="A" localPath="ModuleDB/src/test/java/com/sporger/server" kind="unknown">/Code/TYServerV2/trunk/ModuleDB/src/test/java/com/sporger/server</path><path action="A" localPath="ModuleDB/src/main/resources/db/prd/mysql.properties" kind="unknown">/Code/TYServerV2/trunk/ModuleDB/src/main/resources/db/prd/mysql.properties</path><path action="A" localPath="ModuleDB/src/main/java/com/sporger/server/db/dao/main/MissionMapper.java" kind="unknown">/Code/TYServerV2/trunk/ModuleDB/src/main/java/com/sporger/server/db/dao/main/MissionMapper.java</path><path action="A" localPath="ModuleDB/src/main/java/com/sporger/server/db/mq/MqDBConsumerService.java" kind="unknown">/Code/TYServerV2/trunk/ModuleDB/src/main/java/com/sporger/server/db/mq/MqDBConsumerService.java</path><path action="A" localPath="ModuleDB/src/main/resources/mapper/main/comment.xml" kind="unknown">/Code/TYServerV2/trunk/ModuleDB/src/main/resources/mapper/main/comment.xml</path><path action="A" localPath="ModuleDB/src/main/java/com/sporger/server/db/service/MissionDBThriftService.java" kind="unknown">/Code/TYServerV2/trunk/ModuleDB/src/main/java/com/sporger/server/db/service/MissionDBThriftService.java</path><path action="A" localPath="ModuleDB/src/main/resources/mapper/main/movement.xml" kind="unknown">/Code/TYServerV2/trunk/ModuleDB/src/main/resources/mapper/main/movement.xml</path><path action="A" localPath="ModuleDB/src/main/resources/mapper/main" kind="unknown">/Code/TYServerV2/trunk/ModuleDB/src/main/resources/mapper/main</path><path action="A" localPath="ModuleDB/src/main/java/com/sporger/server/db/service/MarathonDBThriftService.java" kind="unknown">/Code/TYServerV2/trunk/ModuleDB/src/main/java/com/sporger/server/db/service/MarathonDBThriftService.java</path><path action="A" localPath="ModuleDB/src/main/java/com/sporger/server/db/mq/MqMailHandler.java" kind="unknown">/Code/TYServerV2/trunk/ModuleDB/src/main/java/com/sporger/server/db/mq/MqMailHandler.java</path><path action="A" localPath="ModuleDB/src/main/resources/mapper/main/mail.xml" kind="unknown">/Code/TYServerV2/trunk/ModuleDB/src/main/resources/mapper/main/mail.xml</path><path action="A" localPath="ModuleDB/src/main/resources/mapper/main/bulletinGame.xml" kind="unknown">/Code/TYServerV2/trunk/ModuleDB/src/main/resources/mapper/main/bulletinGame.xml</path><path action="A" localPath="ModuleDB/src/main/java/com" kind="unknown">/Code/TYServerV2/trunk/ModuleDB/src/main/java/com</path><path action="A" localPath="ModuleDB/src/main/resources/mapper/gate/org.xml" kind="unknown">/Code/TYServerV2/trunk/ModuleDB/src/main/resources/mapper/gate/org.xml</path><path action="A" localPath="ModuleDB/src/main/java/com/sporger/server/db/service/InvitationCodeDBThriftService.java" kind="unknown">/Code/TYServerV2/trunk/ModuleDB/src/main/java/com/sporger/server/db/service/InvitationCodeDBThriftService.java</path><path action="A" localPath="ModuleDB/src/main/resources/mapper/gate" kind="unknown">/Code/TYServerV2/trunk/ModuleDB/src/main/resources/mapper/gate</path><path action="A" localPath="ModuleDB/src/main/resources/mapper/main/userLog.xml" kind="unknown">/Code/TYServerV2/trunk/ModuleDB/src/main/resources/mapper/main/userLog.xml</path><path action="A" localPath="ModuleDB/src/main/java/com/sporger/server/db/mq/MqDBProducerService.java" kind="unknown">/Code/TYServerV2/trunk/ModuleDB/src/main/java/com/sporger/server/db/mq/MqDBProducerService.java</path><path action="A" localPath="ModuleDB/src/main/java/com/sporger/server/db/dao/main" kind="unknown">/Code/TYServerV2/trunk/ModuleDB/src/main/java/com/sporger/server/db/dao/main</path><path action="A" localPath="ModuleDB/src/main/java/com/sporger/server/db/dao/main/SindexMapper.java" kind="unknown">/Code/TYServerV2/trunk/ModuleDB/src/main/java/com/sporger/server/db/dao/main/SindexMapper.java</path><path action="A" localPath="ModuleDB/src/main/resources/db/pre/mysql.properties" kind="unknown">/Code/TYServerV2/trunk/ModuleDB/src/main/resources/db/pre/mysql.properties</path><path action="A" localPath="ModuleDB/src/test/java/com/sporger" kind="unknown">/Code/TYServerV2/trunk/ModuleDB/src/test/java/com/sporger</path><path action="M" localPath="ModuleThrift/src/main/java/com/sporger/server/thrift/model/UserTM.java" kind="unknown">/Code/TYServerV2/trunk/ModuleThrift/src/main/java/com/sporger/server/thrift/model/UserTM.java</path><path action="A" localPath="ModuleDB/src/main/java" kind="unknown">/Code/TYServerV2/trunk/ModuleDB/src/main/java</path><path action="A" localPath="ModuleDB/src/main/java/com/sporger/server/db/mq/MqLogHandler.java" kind="unknown">/Code/TYServerV2/trunk/ModuleDB/src/main/java/com/sporger/server/db/mq/MqLogHandler.java</path><path action="A" localPath="ModuleDB/src/main/java/com/sporger/server/db/service/MovementDBThriftService.java" kind="unknown">/Code/TYServerV2/trunk/ModuleDB/src/main/java/com/sporger/server/db/service/MovementDBThriftService.java</path><path action="A" localPath="ModuleDB/src/main/java/com/sporger/server/db/dao/main/BulletinGameMapper.java" kind="unknown">/Code/TYServerV2/trunk/ModuleDB/src/main/java/com/sporger/server/db/dao/main/BulletinGameMapper.java</path><path action="A" localPath="ModuleDB/src/main/java/com/sporger/server/db/service/UserDBService.java" kind="unknown">/Code/TYServerV2/trunk/ModuleDB/src/main/java/com/sporger/server/db/service/UserDBService.java</path><path action="A" localPath="ModuleDB/src/main/resources/mapper/main/circleEntry.xml" kind="unknown">/Code/TYServerV2/trunk/ModuleDB/src/main/resources/mapper/main/circleEntry.xml</path><path action="A" localPath="ModuleDB/src/main/java/com/sporger/server" kind="unknown">/Code/TYServerV2/trunk/ModuleDB/src/main/java/com/sporger/server</path><path action="A" localPath="ModuleDB/src/main/resources/db" kind="unknown">/Code/TYServerV2/trunk/ModuleDB/src/main/resources/db</path><path action="A" localPath="ModuleDB/src/main/java/com/sporger/server/db/dao/main/MarathonMapper.java" kind="unknown">/Code/TYServerV2/trunk/ModuleDB/src/main/java/com/sporger/server/db/dao/main/MarathonMapper.java</path><path action="A" localPath="ModuleDB/src/main/resources/mapper/main/userProp.xml" kind="unknown">/Code/TYServerV2/trunk/ModuleDB/src/main/resources/mapper/main/userProp.xml</path><path action="M" localPath="ModuleThrift/src/main/java/com/sporger/server/thrift/bean/UserTB.java" kind="unknown">/Code/TYServerV2/trunk/ModuleThrift/src/main/java/com/sporger/server/thrift/bean/UserTB.java</path><path action="A" localPath="ModuleDB/src/main/java/com/sporger/server/db/service/MailDBThriftService.java" kind="unknown">/Code/TYServerV2/trunk/ModuleDB/src/main/java/com/sporger/server/db/service/MailDBThriftService.java</path><path action="A" localPath="ModuleDB/src/main/java/com/sporger/server/db/conf" kind="unknown">/Code/TYServerV2/trunk/ModuleDB/src/main/java/com/sporger/server/db/conf</path><path action="A" localPath="ModuleDB/src/main/java/com/sporger/server/db/mq" kind="unknown">/Code/TYServerV2/trunk/ModuleDB/src/main/java/com/sporger/server/db/mq</path><path action="A" localPath="ModuleDB/src/main/java/com/sporger/server/db/service/BulletinGameDBThriftService.java" kind="unknown">/Code/TYServerV2/trunk/ModuleDB/src/main/java/com/sporger/server/db/service/BulletinGameDBThriftService.java</path><path action="A" localPath="ModuleDB/src/main/resources/mapper/main/chatRoom.xml" kind="unknown">/Code/TYServerV2/trunk/ModuleDB/src/main/resources/mapper/main/chatRoom.xml</path><path action="A" localPath="ModuleDB/src/main/resources/db/dev" kind="unknown">/Code/TYServerV2/trunk/ModuleDB/src/main/resources/db/dev</path><path action="A" localPath="ModuleDB/src/main/java/com/sporger/server/db/conf/DataSourceConfigMain.java" kind="unknown">/Code/TYServerV2/trunk/ModuleDB/src/main/java/com/sporger/server/db/conf/DataSourceConfigMain.java</path><path action="A" localPath="ModuleDB/src/main/resources/mapper/main/mission.xml" kind="unknown">/Code/TYServerV2/trunk/ModuleDB/src/main/resources/mapper/main/mission.xml</path><path action="A" localPath="ModuleDB/src/main/java/com/sporger/server/db/dao/gate" kind="unknown">/Code/TYServerV2/trunk/ModuleDB/src/main/java/com/sporger/server/db/dao/gate</path><path action="A" localPath="ModuleDB/src/main/resources/db/lan" kind="unknown">/Code/TYServerV2/trunk/ModuleDB/src/main/resources/db/lan</path><path action="A" localPath="ModuleDB/src/main/java/com/sporger/server/db/service/SindexDBThriftService.java" kind="unknown">/Code/TYServerV2/trunk/ModuleDB/src/main/java/com/sporger/server/db/service/SindexDBThriftService.java</path><path action="A" localPath="ModuleDB/src/main/resources/mapper/gate/userWX.xml" kind="unknown">/Code/TYServerV2/trunk/ModuleDB/src/main/resources/mapper/gate/userWX.xml</path><path action="A" localPath="ModuleDB/src/main/resources/mapper/main/room.xml" kind="unknown">/Code/TYServerV2/trunk/ModuleDB/src/main/resources/mapper/main/room.xml</path><path action="A" localPath="ModuleDB/src" kind="unknown">/Code/TYServerV2/trunk/ModuleDB/src</path><path action="A" localPath="ModuleDB/src/main/java/com/sporger/server/db/bean" kind="unknown">/Code/TYServerV2/trunk/ModuleDB/src/main/java/com/sporger/server/db/bean</path><path action="A" localPath="ModuleDB/src/main/resources/db/prd" kind="unknown">/Code/TYServerV2/trunk/ModuleDB/src/main/resources/db/prd</path><path action="A" localPath="ModuleDB/src/main/resources/db/pre" kind="unknown">/Code/TYServerV2/trunk/ModuleDB/src/main/resources/db/pre</path><path action="M" localPath="ModuleThrift/src/main/java/com/sporger/server/thrift/model/UserPropTM.java" kind="unknown">/Code/TYServerV2/trunk/ModuleThrift/src/main/java/com/sporger/server/thrift/model/UserPropTM.java</path><path action="A" localPath="ModuleDB/src/main/java/com/sporger/server/db/service/LogDBThriftService.java" kind="unknown">/Code/TYServerV2/trunk/ModuleDB/src/main/java/com/sporger/server/db/service/LogDBThriftService.java</path><path action="A" localPath="ModuleDB/src/main/java/com/sporger/server/db/dao/main/RoomMapper.java" kind="unknown">/Code/TYServerV2/trunk/ModuleDB/src/main/java/com/sporger/server/db/dao/main/RoomMapper.java</path></paths><msg>数据层调整</msg></logentry></log>