<?xml version="1.0" encoding="UTF-8"?><log><logentry revision="8453"><author>jiangdingfu</author><date>2018-04-18T07:45:30.139412Z</date><paths><path action="M" localPath="ModuleProto/src/main/java/com/sporger/server/proto/model/ProtoBag.java" kind="unknown">/Code/TYServerV2/trunk/ModuleProto/src/main/java/com/sporger/server/proto/model/ProtoBag.java</path></paths><msg>掉落逻辑修改</msg></logentry><logentry revision="8463"><author>fanwentao</author><date>2018-04-18T08:53:47.712300Z</date><paths><path action="M" localPath="ServerCenter/src/main/java/com/sporger/server/center/service/TimedTaskService.java" kind="unknown">/Code/TYServerV2/trunk/ServerCenter/src/main/java/com/sporger/server/center/service/TimedTaskService.java</path><path action="M" localPath="ServerCenter/src/main/resources/taskContext.xml" kind="unknown">/Code/TYServerV2/trunk/ServerCenter/src/main/resources/taskContext.xml</path><path action="A" localPath="ServerManage/src/main/java/com/sporger/server/manage/controller/MoneyController.java" kind="unknown">/Code/TYServerV2/trunk/ServerManage/src/main/java/com/sporger/server/manage/controller/MoneyController.java</path><path action="M" localPath="ModuleRedis/src/main/java/com/sporger/server/redis/model/RedisStatsUM.java" kind="unknown">/Code/TYServerV2/trunk/ModuleRedis/src/main/java/com/sporger/server/redis/model/RedisStatsUM.java</path></paths><msg>代币统计</msg></logentry><logentry revision="8469"><author>jiangdingfu</author><date>2018-04-18T09:27:54.275460Z</date><paths><path action="D" localPath="ServerCenter/src/main/java/com/sporger/server/center/service/thrift/UserPropThriftService.java" kind="unknown">/Code/TYServerV2/trunk/ServerCenter/src/main/java/com/sporger/server/center/service/thrift/UserPropThriftService.java</path><path action="D" localPath="ModuleThrift/src/main/java/com/sporger/server/thrift/interfaces/IMovementThriftService.java" kind="unknown">/Code/TYServerV2/trunk/ModuleThrift/src/main/java/com/sporger/server/thrift/interfaces/IMovementThriftService.java</path><path action="M" localPath="ModuleConfig/src/main/java/com/sporger/server/config/service/GameConfigService.java" kind="unknown">/Code/TYServerV2/trunk/ModuleConfig/src/main/java/com/sporger/server/config/service/GameConfigService.java</path><path action="M" localPath="ServerGame/src/main/java/com/sporger/server/game/service/FreeService.java" kind="unknown">/Code/TYServerV2/trunk/ServerGame/src/main/java/com/sporger/server/game/service/FreeService.java</path><path action="D" localPath="ModuleThrift/src/main/java/com/sporger/server/thrift/client/MovementThriftClient.java" kind="unknown">/Code/TYServerV2/trunk/ModuleThrift/src/main/java/com/sporger/server/thrift/client/MovementThriftClient.java</path><path action="M" localPath="ServerDB/src/main/java/com/sporger/server/db/service/UserPropDBThriftService.java" kind="unknown">/Code/TYServerV2/trunk/ServerDB/src/main/java/com/sporger/server/db/service/UserPropDBThriftService.java</path><path action="D" localPath="ModuleThrift/src/main/java/com/sporger/server/thrift/client/UserPropThriftClient.java" kind="unknown">/Code/TYServerV2/trunk/ModuleThrift/src/main/java/com/sporger/server/thrift/client/UserPropThriftClient.java</path><path action="M" localPath="ServerCenter/src/main/java/com/sporger/server/center/conf/ThriftConfig.java" kind="unknown">/Code/TYServerV2/trunk/ServerCenter/src/main/java/com/sporger/server/center/conf/ThriftConfig.java</path><path action="M" localPath="ModuleThrift/src/main/java/com/sporger/server/thrift/conf/BaseThrift.java" kind="unknown">/Code/TYServerV2/trunk/ModuleThrift/src/main/java/com/sporger/server/thrift/conf/BaseThrift.java</path><path action="M" localPath="ModuleThrift/src/main/java/com/sporger/server/thrift/client/UserPropDBThriftClient.java" kind="unknown">/Code/TYServerV2/trunk/ModuleThrift/src/main/java/com/sporger/server/thrift/client/UserPropDBThriftClient.java</path><path action="M" localPath="ModuleConfig/src/main/java/com/sporger/server/config/service/load/ItemConfigLoadService.java" kind="unknown">/Code/TYServerV2/trunk/ModuleConfig/src/main/java/com/sporger/server/config/service/load/ItemConfigLoadService.java</path><path action="M" localPath="ServerGame/src/main/java/com/sporger/server/game/service/handler/GMHandler.java" kind="unknown">/Code/TYServerV2/trunk/ServerGame/src/main/java/com/sporger/server/game/service/handler/GMHandler.java</path><path action="M" localPath="ServerGame/src/main/java/com/sporger/server/game/service/handler/MissionHandler.java" kind="unknown">/Code/TYServerV2/trunk/ServerGame/src/main/java/com/sporger/server/game/service/handler/MissionHandler.java</path><path action="A" localPath="ServerCenter/src/main/java/com/sporger/server/center/service/SindexService.java" copyfrom-path="/Code/TYServerV2/trunk/ServerCenter/src/main/java/com/sporger/server/center/service/thrift/SindexThriftService.java" copyfrom-rev="8468" kind="unknown">/Code/TYServerV2/trunk/ServerCenter/src/main/java/com/sporger/server/center/service/SindexService.java</path><path action="D" localPath="ModuleThrift/src/main/java/com/sporger/server/thrift/interfaces/ISindexThriftService.java" kind="unknown">/Code/TYServerV2/trunk/ModuleThrift/src/main/java/com/sporger/server/thrift/interfaces/ISindexThriftService.java</path><path action="M" localPath="ModuleThrift/src/main/java/com/sporger/server/thrift/conf/BaseZooKeeper.java" kind="unknown">/Code/TYServerV2/trunk/ModuleThrift/src/main/java/com/sporger/server/thrift/conf/BaseZooKeeper.java</path><path action="M" localPath="ServerGame/src/main/java/com/sporger/server/game/service/CareerService.java" kind="unknown">/Code/TYServerV2/trunk/ServerGame/src/main/java/com/sporger/server/game/service/CareerService.java</path><path action="M" localPath="ServerGame/src/main/java/com/sporger/server/game/service/RoomSportService.java" kind="unknown">/Code/TYServerV2/trunk/ServerGame/src/main/java/com/sporger/server/game/service/RoomSportService.java</path><path action="M" localPath="ServerGame/src/main/java/com/sporger/server/game/service/MazeService.java" kind="unknown">/Code/TYServerV2/trunk/ServerGame/src/main/java/com/sporger/server/game/service/MazeService.java</path><path action="D" localPath="ModuleConfig/src/main/java/com/sporger/server/config/service/EquipConfigService.java" kind="unknown">/Code/TYServerV2/trunk/ModuleConfig/src/main/java/com/sporger/server/config/service/EquipConfigService.java</path><path action="A" localPath="ModuleThrift/src/main/java/com/sporger/server/thrift/interfaces/IUserThriftService.java" kind="unknown">/Code/TYServerV2/trunk/ModuleThrift/src/main/java/com/sporger/server/thrift/interfaces/IUserThriftService.java</path><path action="M" localPath="ModuleThrift/src/main/java/com/sporger/server/thrift/interfaces/IUserPropDBThriftService.java" kind="unknown">/Code/TYServerV2/trunk/ModuleThrift/src/main/java/com/sporger/server/thrift/interfaces/IUserPropDBThriftService.java</path><path action="M" localPath="ServerCenter/src/main/java/com/sporger/server/center/service/TimedTaskService.java" kind="unknown">/Code/TYServerV2/trunk/ServerCenter/src/main/java/com/sporger/server/center/service/TimedTaskService.java</path><path action="M" localPath="ServerRest/src/main/java/com/sporger/server/rest/controller/SindexController.java" kind="unknown">/Code/TYServerV2/trunk/ServerRest/src/main/java/com/sporger/server/rest/controller/SindexController.java</path><path action="D" localPath="ModuleThrift/src/main/java/com/sporger/server/thrift/interfaces/IUserPropThriftService.java" kind="unknown">/Code/TYServerV2/trunk/ModuleThrift/src/main/java/com/sporger/server/thrift/interfaces/IUserPropThriftService.java</path><path action="D" localPath="ServerCenter/src/main/java/com/sporger/server/center/service/thrift/MovementThriftService.java" kind="unknown">/Code/TYServerV2/trunk/ServerCenter/src/main/java/com/sporger/server/center/service/thrift/MovementThriftService.java</path><path action="M" localPath="ModuleConfig/src/main/java/com/sporger/server/config/service/ItemConfigService.java" kind="unknown">/Code/TYServerV2/trunk/ModuleConfig/src/main/java/com/sporger/server/config/service/ItemConfigService.java</path><path action="M" localPath="ServerGame/src/main/java/com/sporger/server/game/service/CompeteService.java" kind="unknown">/Code/TYServerV2/trunk/ServerGame/src/main/java/com/sporger/server/game/service/CompeteService.java</path><path action="M" localPath="ServerGame/src/main/java/com/sporger/server/game/service/handler/FriendHandler.java" kind="unknown">/Code/TYServerV2/trunk/ServerGame/src/main/java/com/sporger/server/game/service/handler/FriendHandler.java</path><path action="A" localPath="ModuleThrift/src/main/java/com/sporger/server/thrift/client/UserThriftClient.java" copyfrom-path="/Code/TYServerV2/trunk/ModuleThrift/src/main/java/com/sporger/server/thrift/client/UserPropThriftClient.java" copyfrom-rev="8468" kind="unknown">/Code/TYServerV2/trunk/ModuleThrift/src/main/java/com/sporger/server/thrift/client/UserThriftClient.java</path><path action="M" localPath="ModuleConfig/src/main/java/com/sporger/server/config/service/load/GameConfigLoadService.java" kind="unknown">/Code/TYServerV2/trunk/ModuleConfig/src/main/java/com/sporger/server/config/service/load/GameConfigLoadService.java</path><path action="M" localPath="ServerManage/src/main/java/com/sporger/server/manage/service/GameConfigRedisService.java" kind="unknown">/Code/TYServerV2/trunk/ServerManage/src/main/java/com/sporger/server/manage/service/GameConfigRedisService.java</path><path action="M" localPath="ServerGame/src/main/java/com/sporger/server/game/service/handler/CompeteHandler.java" kind="unknown">/Code/TYServerV2/trunk/ServerGame/src/main/java/com/sporger/server/game/service/handler/CompeteHandler.java</path><path action="M" localPath="ServerGame/src/main/java/com/sporger/server/game/service/handler/CharacterHandler.java" kind="unknown">/Code/TYServerV2/trunk/ServerGame/src/main/java/com/sporger/server/game/service/handler/CharacterHandler.java</path><path action="M" localPath="ServerGame/src/main/java/com/sporger/server/game/service/MarathonService.java" kind="unknown">/Code/TYServerV2/trunk/ServerGame/src/main/java/com/sporger/server/game/service/MarathonService.java</path><path action="M" localPath="ModuleThrift/src/main/resources/thrift/thrift.properties" kind="unknown">/Code/TYServerV2/trunk/ModuleThrift/src/main/resources/thrift/thrift.properties</path><path action="M" localPath="ServerRest/src/main/java/com/sporger/server/rest/controller/MovementController.java" kind="unknown">/Code/TYServerV2/trunk/ServerRest/src/main/java/com/sporger/server/rest/controller/MovementController.java</path><path action="D" localPath="ServerCenter/src/main/java/com/sporger/server/center/service/thrift/SindexThriftService.java" kind="unknown">/Code/TYServerV2/trunk/ServerCenter/src/main/java/com/sporger/server/center/service/thrift/SindexThriftService.java</path><path action="M" localPath="ModuleThrift/tools/thrift/CenterService.thrift" kind="unknown">/Code/TYServerV2/trunk/ModuleThrift/tools/thrift/CenterService.thrift</path><path action="M" localPath="ServerManage/src/main/java/com/sporger/server/manage/controller/UserController.java" kind="unknown">/Code/TYServerV2/trunk/ServerManage/src/main/java/com/sporger/server/manage/controller/UserController.java</path><path action="M" localPath="ServerGame/src/main/java/com/sporger/server/game/service/RainbowService.java" kind="unknown">/Code/TYServerV2/trunk/ServerGame/src/main/java/com/sporger/server/game/service/RainbowService.java</path><path action="D" localPath="ModuleThrift/src/main/java/com/sporger/server/thrift/client/SindexThriftClient.java" kind="unknown">/Code/TYServerV2/trunk/ModuleThrift/src/main/java/com/sporger/server/thrift/client/SindexThriftClient.java</path><path action="M" localPath="ModuleProto/src/main/java/com/sporger/server/proto/model/ProtoMarathon.java" kind="unknown">/Code/TYServerV2/trunk/ModuleProto/src/main/java/com/sporger/server/proto/model/ProtoMarathon.java</path><path action="M" localPath="ModuleThrift/tools/thrift/DBService.thrift" kind="unknown">/Code/TYServerV2/trunk/ModuleThrift/tools/thrift/DBService.thrift</path><path action="M" localPath="ModuleConfig/src/main/java/com/sporger/server/config/mq/MqConfigHandler.java" kind="unknown">/Code/TYServerV2/trunk/ModuleConfig/src/main/java/com/sporger/server/config/mq/MqConfigHandler.java</path><path action="M" localPath="ModuleProto/src/main/java/com/sporger/server/proto/model/ProtoCharacterAttribute.java" kind="unknown">/Code/TYServerV2/trunk/ModuleProto/src/main/java/com/sporger/server/proto/model/ProtoCharacterAttribute.java</path><path action="A" localPath="ServerCenter/src/main/java/com/sporger/server/center/service/thrift/UserThriftService.java" copyfrom-path="/Code/TYServerV2/trunk/ServerCenter/src/main/java/com/sporger/server/center/service/thrift/UserPropThriftService.java" copyfrom-rev="8468" kind="unknown">/Code/TYServerV2/trunk/ServerCenter/src/main/java/com/sporger/server/center/service/thrift/UserThriftService.java</path></paths><msg>掉落逻辑修改</msg></logentry></log>