<?xml version="1.0" encoding="UTF-8"?><log><logentry revision="6391"><author>jiangdingfu</author><date>2018-02-07T06:48:14.983785Z</date><paths><path action="M" localPath="ModuleThrift/src/main/java/com/sporger/server/thrift/client/UserPropDBThriftClient.java" kind="unknown">/Code/TYServerV2/trunk/ModuleThrift/src/main/java/com/sporger/server/thrift/client/UserPropDBThriftClient.java</path></paths><msg>代码格式化修改</msg></logentry><logentry revision="6393"><author>jiangdingfu</author><date>2018-02-07T06:50:56.580980Z</date><paths><path action="M" localPath="ModuleMQ/src/main/resources/properties/prd/mq.properties" kind="unknown">/Code/TYServerV2/trunk/ModuleMQ/src/main/resources/properties/prd/mq.properties</path></paths><msg>Mq配置修改</msg></logentry><logentry revision="6396"><author>jiangdingfu</author><date>2018-02-07T08:29:55.531308Z</date><paths><path action="M" localPath="ModuleThrift/src/main/resources/zookeeper/prd/zk.properties" kind="unknown">/Code/TYServerV2/trunk/ModuleThrift/src/main/resources/zookeeper/prd/zk.properties</path><path action="M" localPath="ModuleThrift/src/main/resources/zookeeper/test/zk.properties" kind="unknown">/Code/TYServerV2/trunk/ModuleThrift/src/main/resources/zookeeper/test/zk.properties</path><path action="M" localPath="ModuleThrift/src/main/resources/zookeeper/dev/zk.properties" kind="unknown">/Code/TYServerV2/trunk/ModuleThrift/src/main/resources/zookeeper/dev/zk.properties</path><path action="M" localPath="ModuleThrift/src/main/resources/zookeeper/lan/zk.properties" kind="unknown">/Code/TYServerV2/trunk/ModuleThrift/src/main/resources/zookeeper/lan/zk.properties</path></paths><msg>zookeeper配置修改</msg></logentry><logentry revision="6397"><author>jiangdingfu</author><date>2018-02-07T08:30:27.927436Z</date><paths><path action="M" localPath="pom.xml" kind="unknown">/Code/TYServerV2/trunk/pom.xml</path></paths><msg>版本号配置修改</msg></logentry></log>