<?xml version="1.0" encoding="UTF-8"?><log><logentry revision="5939"><author>jiangdingfu</author><date>2018-01-24T09:53:43.751615Z</date><paths><path action="M" localPath="ModuleConfig/src/main/java/com/sporger/server/config/service/GameConfigService.java" kind="unknown">/Code/TYServerV2/trunk/ModuleConfig/src/main/java/com/sporger/server/config/service/GameConfigService.java</path></paths><msg>日志逻辑修改</msg></logentry><logentry revision="5946"><author>jiangdingfu</author><date>2018-01-24T12:06:17.321975Z</date><paths><path action="M" localPath="ServerGame/src/main/java/com/sporger/server/game/service/handler/MapHandler.java" kind="unknown">/Code/TYServerV2/trunk/ServerGame/src/main/java/com/sporger/server/game/service/handler/MapHandler.java</path><path action="M" localPath="ServerGame/src/main/java/com/sporger/server/game/service/DataService.java" kind="unknown">/Code/TYServerV2/trunk/ServerGame/src/main/java/com/sporger/server/game/service/DataService.java</path><path action="M" localPath="ServerManage/src/main/java/com/sporger/server/manage/controller/GameConfigController.java" kind="unknown">/Code/TYServerV2/trunk/ServerManage/src/main/java/com/sporger/server/manage/controller/GameConfigController.java</path></paths><msg>配置逻辑修改</msg></logentry><logentry revision="5947"><author>jiangdingfu</author><date>2018-01-24T12:16:55.806755Z</date><paths><path action="M" localPath="ModuleConfig/src/main/java/com/sporger/server/config/service/GameConfigService.java" kind="unknown">/Code/TYServerV2/trunk/ModuleConfig/src/main/java/com/sporger/server/config/service/GameConfigService.java</path><path action="M" localPath="ServerGame/src/main/java/com/sporger/server/game/service/CompeteMatchService.java" kind="unknown">/Code/TYServerV2/trunk/ServerGame/src/main/java/com/sporger/server/game/service/CompeteMatchService.java</path><path action="M" localPath="ServerGame/src/main/java/com/sporger/server/game/service/RoomSportService.java" kind="unknown">/Code/TYServerV2/trunk/ServerGame/src/main/java/com/sporger/server/game/service/RoomSportService.java</path></paths><msg>Bug修改</msg></logentry></log>