<?xml version="1.0" encoding="UTF-8"?><log><logentry revision="7330"><author>jiangdingfu</author><date>2018-03-19T02:41:41.888438Z</date><paths><path action="M" localPath="ServerGame/src/main/java/com/sporger/server/game/service/handler/MarathonHandler.java" kind="unknown">/Code/TYServerV2/trunk/ServerGame/src/main/java/com/sporger/server/game/service/handler/MarathonHandler.java</path></paths><msg>比赛逻辑修改</msg></logentry><logentry revision="7331"><author>jiangdingfu</author><date>2018-03-19T02:42:43.052115Z</date><paths><path action="M" localPath="ModuleProto/src/main/java/com/sporger/server/proto/model/ProtoSquare.java" kind="unknown">/Code/TYServerV2/trunk/ModuleProto/src/main/java/com/sporger/server/proto/model/ProtoSquare.java</path></paths><msg>比赛逻辑修改</msg></logentry><logentry revision="7332"><author>jiangdingfu</author><date>2018-03-19T02:43:06.651520Z</date><paths><path action="M" localPath="ServerGame/src/main/java/com/sporger/server/game/service/SquareService.java" kind="unknown">/Code/TYServerV2/trunk/ServerGame/src/main/java/com/sporger/server/game/service/SquareService.java</path></paths><msg>比赛逻辑修改</msg></logentry><logentry revision="7366"><author>jiangdingfu</author><date>2018-03-19T11:49:07.772729Z</date><paths><path action="M" localPath="ServerDB/src/main/java/com/sporger/server/db/service/MarathonRegisterDBThriftService.java" kind="unknown">/Code/TYServerV2/trunk/ServerDB/src/main/java/com/sporger/server/db/service/MarathonRegisterDBThriftService.java</path><path action="M" localPath="ModuleCommon/src/main/java/com/sporger/server/common/bean/MarathonPlayer.java" kind="unknown">/Code/TYServerV2/trunk/ModuleCommon/src/main/java/com/sporger/server/common/bean/MarathonPlayer.java</path><path action="M" localPath="ServerDB/src/main/resources/mapper/main/marathonregister.xml" kind="unknown">/Code/TYServerV2/trunk/ServerDB/src/main/resources/mapper/main/marathonregister.xml</path><path action="M" localPath="ModuleCommon/src/main/java/com/sporger/server/common/bean/MarathonEventInfo.java" kind="unknown">/Code/TYServerV2/trunk/ModuleCommon/src/main/java/com/sporger/server/common/bean/MarathonEventInfo.java</path><path action="M" localPath="ModuleThrift/tools/thrift/DBModel.thrift" kind="unknown">/Code/TYServerV2/trunk/ModuleThrift/tools/thrift/DBModel.thrift</path><path action="M" localPath="ServerDB/src/main/java/com/sporger/server/db/dao/main/MarathonRegisterMapper.java" kind="unknown">/Code/TYServerV2/trunk/ServerDB/src/main/java/com/sporger/server/db/dao/main/MarathonRegisterMapper.java</path><path action="M" localPath="ServerCenter/src/main/java/com/sporger/server/center/service/thrift/MarathonThriftService.java" kind="unknown">/Code/TYServerV2/trunk/ServerCenter/src/main/java/com/sporger/server/center/service/thrift/MarathonThriftService.java</path><path action="M" localPath="ModuleProto/src/main/java/com/sporger/server/proto/model/ProtoMarathon.java" kind="unknown">/Code/TYServerV2/trunk/ModuleProto/src/main/java/com/sporger/server/proto/model/ProtoMarathon.java</path><path action="M" localPath="ModuleThrift/src/main/java/com/sporger/server/thrift/interfaces/IMarathonRegisterDBThriftService.java" kind="unknown">/Code/TYServerV2/trunk/ModuleThrift/src/main/java/com/sporger/server/thrift/interfaces/IMarathonRegisterDBThriftService.java</path><path action="M" localPath="ModuleThrift/tools/thrift/DBService.thrift" kind="unknown">/Code/TYServerV2/trunk/ModuleThrift/tools/thrift/DBService.thrift</path><path action="M" localPath="ModuleCommon/src/main/java/com/sporger/server/common/util/ExcelUtil.java" kind="unknown">/Code/TYServerV2/trunk/ModuleCommon/src/main/java/com/sporger/server/common/util/ExcelUtil.java</path><path action="M" localPath="ModuleThrift/src/main/java/com/sporger/server/thrift/model/MarathonRegisterTM.java" kind="unknown">/Code/TYServerV2/trunk/ModuleThrift/src/main/java/com/sporger/server/thrift/model/MarathonRegisterTM.java</path><path action="M" localPath="ModuleThrift/src/main/java/com/sporger/server/thrift/client/MarathonRegisterDBThriftClient.java" kind="unknown">/Code/TYServerV2/trunk/ModuleThrift/src/main/java/com/sporger/server/thrift/client/MarathonRegisterDBThriftClient.java</path><path action="M" localPath="ServerGame/src/main/java/com/sporger/server/game/service/MarathonService.java" kind="unknown">/Code/TYServerV2/trunk/ServerGame/src/main/java/com/sporger/server/game/service/MarathonService.java</path><path action="M" localPath="ServerGame/src/main/java/com/sporger/server/game/service/handler/MarathonHandler.java" kind="unknown">/Code/TYServerV2/trunk/ServerGame/src/main/java/com/sporger/server/game/service/handler/MarathonHandler.java</path></paths><msg>比赛逻辑修改</msg></logentry><logentry revision="7372"><author>jiangdingfu</author><date>2018-03-19T12:49:39.771090Z</date><paths><path action="M" localPath="ModuleCommon/src/main/java/com/sporger/server/common/bean/MarathonEventInfo.java" kind="unknown">/Code/TYServerV2/trunk/ModuleCommon/src/main/java/com/sporger/server/common/bean/MarathonEventInfo.java</path><path action="M" localPath="ServerCenter/src/main/java/com/sporger/server/center/service/thrift/MarathonThriftService.java" kind="unknown">/Code/TYServerV2/trunk/ServerCenter/src/main/java/com/sporger/server/center/service/thrift/MarathonThriftService.java</path><path action="M" localPath="ServerGame/src/main/java/com/sporger/server/game/service/handler/MarathonHandler.java" kind="unknown">/Code/TYServerV2/trunk/ServerGame/src/main/java/com/sporger/server/game/service/handler/MarathonHandler.java</path><path action="M" localPath="ServerGame/src/main/java/com/sporger/server/game/service/MarathonService.java" kind="unknown">/Code/TYServerV2/trunk/ServerGame/src/main/java/com/sporger/server/game/service/MarathonService.java</path></paths><msg>比赛逻辑修改</msg></logentry></log>