<?xml version="1.0" encoding="UTF-8"?><log><logentry revision="6516"><author>zhangruijie</author><date>2018-02-10T01:45:24.534017Z</date><paths><path action="M" localPath="ServerManage/src/main/resources/config/prd/config.properties" kind="unknown">/Code/TYServerV2/trunk/ServerManage/src/main/resources/config/prd/config.properties</path></paths><msg>config.properties中内容提交</msg></logentry><logentry revision="6517"><author>zhangruijie</author><date>2018-02-10T01:45:40.709692Z</date><paths><path action="M" localPath="ServerManage/src/main/resources/config/test/config.properties" kind="unknown">/Code/TYServerV2/trunk/ServerManage/src/main/resources/config/test/config.properties</path></paths><msg>config.properties中内容提交</msg></logentry></log>