<?xml version="1.0" encoding="UTF-8"?><log><logentry revision="8387"><author>fanwentao</author><date>2018-04-17T02:20:28.136527Z</date><paths><path action="M" localPath="ModuleThrift/src/main/java/com/sporger/server/thrift/interfaces/IBulletinOperationDBThriftService.java" kind="unknown">/Code/TYServerV2/trunk/ModuleThrift/src/main/java/com/sporger/server/thrift/interfaces/IBulletinOperationDBThriftService.java</path><path action="M" localPath="ModuleThrift/src/main/java/com/sporger/server/thrift/client/BulletinOperationDBThriftClient.java" kind="unknown">/Code/TYServerV2/trunk/ModuleThrift/src/main/java/com/sporger/server/thrift/client/BulletinOperationDBThriftClient.java</path><path action="M" localPath="ServerDB/src/main/resources/mapper/main/bulletinOperation.xml" kind="unknown">/Code/TYServerV2/trunk/ServerDB/src/main/resources/mapper/main/bulletinOperation.xml</path><path action="M" localPath="ServerManage/src/main/java/com/sporger/server/manage/controller/BulletinController.java" kind="unknown">/Code/TYServerV2/trunk/ServerManage/src/main/java/com/sporger/server/manage/controller/BulletinController.java</path><path action="M" localPath="ModuleThrift/tools/thrift/DBService.thrift" kind="unknown">/Code/TYServerV2/trunk/ModuleThrift/tools/thrift/DBService.thrift</path><path action="M" localPath="ModuleRedis/src/main/java/com/sporger/server/redis/dao/RedisBulletinRuleDao.java" kind="unknown">/Code/TYServerV2/trunk/ModuleRedis/src/main/java/com/sporger/server/redis/dao/RedisBulletinRuleDao.java</path><path action="M" localPath="ServerDB/src/main/java/com/sporger/server/db/service/BulletinOperationDBThriftService.java" kind="unknown">/Code/TYServerV2/trunk/ServerDB/src/main/java/com/sporger/server/db/service/BulletinOperationDBThriftService.java</path><path action="M" localPath="ServerDB/src/main/java/com/sporger/server/db/dao/main/BulletinOperationMapper.java" kind="unknown">/Code/TYServerV2/trunk/ServerDB/src/main/java/com/sporger/server/db/dao/main/BulletinOperationMapper.java</path></paths><msg>运营公告编辑和删除</msg></logentry></log>