<?xml version="1.0" encoding="UTF-8"?><log><logentry revision="8633"><author>fanwentao</author><date>2018-04-23T03:04:48.503795Z</date><paths><path action="M" localPath="ModuleRedis/src/main/java/com/sporger/server/redis/model/RedisStatsUM.java" kind="unknown">/Code/TYServerV2/trunk/ModuleRedis/src/main/java/com/sporger/server/redis/model/RedisStatsUM.java</path></paths><msg>代币</msg></logentry><logentry revision="8638"><author>jiangdingfu</author><date>2018-04-23T05:37:56.858875Z</date><paths><path action="M" localPath="ServerGame/src/main/java/com/sporger/server/game/service/DataService.java" kind="unknown">/Code/TYServerV2/trunk/ServerGame/src/main/java/com/sporger/server/game/service/DataService.java</path><path action="M" localPath="ServerCenter/src/main/java/com/sporger/server/center/mq/MqConsumerService.java" kind="unknown">/Code/TYServerV2/trunk/ServerCenter/src/main/java/com/sporger/server/center/mq/MqConsumerService.java</path><path action="M" localPath="ModuleConfig/src/main/java/com/sporger/server/config/service/GameConfigService.java" kind="unknown">/Code/TYServerV2/trunk/ModuleConfig/src/main/java/com/sporger/server/config/service/GameConfigService.java</path></paths><msg>消息结构调整</msg></logentry><logentry revision="8641"><author>fanwentao</author><date>2018-04-23T05:55:02.150532Z</date><paths><path action="M" localPath="ServerManage/src/main/java/com/sporger/server/manage/controller/MoneyController.java" kind="unknown">/Code/TYServerV2/trunk/ServerManage/src/main/java/com/sporger/server/manage/controller/MoneyController.java</path><path action="M" localPath="ModuleRedis/src/main/java/com/sporger/server/redis/model/RedisStatsUM.java" kind="unknown">/Code/TYServerV2/trunk/ModuleRedis/src/main/java/com/sporger/server/redis/model/RedisStatsUM.java</path></paths><msg>代币</msg></logentry></log>