<?xml version="1.0" encoding="UTF-8"?><log><logentry revision="6328"><author>jiangdingfu</author><date>2018-02-02T07:42:34.396372Z</date><paths><path action="M" localPath="ModuleClient/src/main/java/com/sporger/server/client/NettyClientService.java" kind="unknown">/Code/TYServerV2/trunk/ModuleClient/src/main/java/com/sporger/server/client/NettyClientService.java</path><path action="M" localPath="ModuleClient/src/main/java/com/sporger/server/client/LoginHandler.java" kind="unknown">/Code/TYServerV2/trunk/ModuleClient/src/main/java/com/sporger/server/client/LoginHandler.java</path><path action="M" localPath="ModuleClient/src/main/java/com/sporger/server/client/CharacterHandler.java" kind="unknown">/Code/TYServerV2/trunk/ModuleClient/src/main/java/com/sporger/server/client/CharacterHandler.java</path><path action="A" localPath="ModuleClient/src/main/java/com/sporger/server/client/MissionHandler.java" copyfrom-path="/Code/TYServerV2/trunk/ServerGame/src/main/java/com/sporger/server/game/service/handler/MissionHandler.java" copyfrom-rev="6253" kind="unknown">/Code/TYServerV2/trunk/ModuleClient/src/main/java/com/sporger/server/client/MissionHandler.java</path><path action="A" localPath="ModuleClient/src/main/java/com/sporger/server/client/MapHandler.java" copyfrom-path="/Code/TYServerV2/trunk/ServerGame/src/main/java/com/sporger/server/game/service/handler/MapHandler.java" copyfrom-rev="6280" kind="unknown">/Code/TYServerV2/trunk/ModuleClient/src/main/java/com/sporger/server/client/MapHandler.java</path><path action="A" localPath="ModuleClient/src/main/java/com/sporger/server/client/FriendHandler.java" copyfrom-path="/Code/TYServerV2/trunk/ServerGame/src/main/java/com/sporger/server/game/service/handler/FriendHandler.java" copyfrom-rev="6280" kind="unknown">/Code/TYServerV2/trunk/ModuleClient/src/main/java/com/sporger/server/client/FriendHandler.java</path><path action="M" localPath="ServerManage/src/main/java/com/sporger/server/manage/controller/TestController.java" kind="unknown">/Code/TYServerV2/trunk/ServerManage/src/main/java/com/sporger/server/manage/controller/TestController.java</path><path action="A" localPath="ModuleClient/src/main/java/com/sporger/server/client/MovementHandler.java" copyfrom-path="/Code/TYServerV2/trunk/ServerGame/src/main/java/com/sporger/server/game/service/handler/MovementHandler.java" copyfrom-rev="6280" kind="unknown">/Code/TYServerV2/trunk/ModuleClient/src/main/java/com/sporger/server/client/MovementHandler.java</path></paths><msg>压测客户端编码</msg></logentry></log>