<?xml version="1.0" encoding="UTF-8"?><log><logentry revision="9152"><author>jiangdingfu</author><date>2018-05-03T12:43:17.098894Z</date><paths><path action="M" localPath="ServerGame/src/main/java/com/sporger/server/game/service/DataService.java" kind="unknown">/Code/TYServerV2/trunk/ServerGame/src/main/java/com/sporger/server/game/service/DataService.java</path><path action="M" localPath="ModuleThrift/src/main/java/com/sporger/server/thrift/client/UserDBThriftClient.java" kind="unknown">/Code/TYServerV2/trunk/ModuleThrift/src/main/java/com/sporger/server/thrift/client/UserDBThriftClient.java</path><path action="M" localPath="ServerGame/src/main/java/com/sporger/server/game/service/handler/LoginHandler.java" kind="unknown">/Code/TYServerV2/trunk/ServerGame/src/main/java/com/sporger/server/game/service/handler/LoginHandler.java</path><path action="M" localPath="ServerGame/src/main/java/com/sporger/server/game/service/handler/CharacterHandler.java" kind="unknown">/Code/TYServerV2/trunk/ServerGame/src/main/java/com/sporger/server/game/service/handler/CharacterHandler.java</path></paths><msg>角色数据结构更改</msg></logentry><logentry revision="9151"><author>fanwentao</author><date>2018-05-03T12:41:48.201926Z</date><paths><path action="M" localPath="TYOperation/redis.html" kind="unknown">/Code/TYOperation/trunk/redis.html</path></paths><msg>缓存清除UserInfo

</msg></logentry></log>