<?xml version="1.0" encoding="UTF-8"?><log><logentry revision="8168"><author>jiangdingfu</author><date>2018-04-11T03:19:27.121070Z</date><paths><path action="M" localPath="ModuleCommon/src/main/resources/logback.xml" kind="unknown">/Code/TYServerV2/trunk/ModuleCommon/src/main/resources/logback.xml</path></paths><msg>发包逻辑修改</msg></logentry><logentry revision="8169"><author>jiangdingfu</author><date>2018-04-11T03:27:20.853104Z</date><paths><path action="M" localPath="ModuleCommon/src/main/resources/logback.xml" kind="unknown">/Code/TYServerV2/trunk/ModuleCommon/src/main/resources/logback.xml</path></paths><msg>发包逻辑修改</msg></logentry><logentry revision="8170"><author>jiangdingfu</author><date>2018-04-11T03:29:38.244094Z</date><paths><path action="M" localPath="ModuleCommon/src/main/resources/logback.xml" kind="unknown">/Code/TYServerV2/trunk/ModuleCommon/src/main/resources/logback.xml</path></paths><msg>发包逻辑修改</msg></logentry><logentry revision="8171"><author>jiangdingfu</author><date>2018-04-11T03:30:00.103887Z</date><paths><path action="M" localPath="ModuleCommon/src/main/java/com/sporger/server/common/util/IpUtil.java" kind="unknown">/Code/TYServerV2/trunk/ModuleCommon/src/main/java/com/sporger/server/common/util/IpUtil.java</path></paths><msg>发包逻辑修改</msg></logentry><logentry revision="8174"><author>jiangdingfu</author><date>2018-04-11T05:39:33.198772Z</date><paths><path action="M" localPath="ModuleCommon/src/main/java/com/sporger/server/common/util/IpUtil.java" kind="unknown">/Code/TYServerV2/trunk/ModuleCommon/src/main/java/com/sporger/server/common/util/IpUtil.java</path></paths><msg>发包逻辑修改</msg></logentry><logentry revision="8175"><author>jiangdingfu</author><date>2018-04-11T05:44:11.441055Z</date><paths><path action="M" localPath="ModuleCommon/src/main/java/com/sporger/server/common/util/IpUtil.java" kind="unknown">/Code/TYServerV2/trunk/ModuleCommon/src/main/java/com/sporger/server/common/util/IpUtil.java</path></paths><msg>发包逻辑修改</msg></logentry><logentry revision="8176"><author>jiangdingfu</author><date>2018-04-11T05:46:42.555601Z</date><paths><path action="M" localPath="ModuleCommon/src/main/java/com/sporger/server/common/util/IpUtil.java" kind="unknown">/Code/TYServerV2/trunk/ModuleCommon/src/main/java/com/sporger/server/common/util/IpUtil.java</path></paths><msg>发包逻辑修改</msg></logentry></log>