<?xml version="1.0" encoding="UTF-8"?><log><logentry revision="6638"><author>zhangruijie</author><date>2018-02-24T02:02:33.409631Z</date><paths><path action="M" localPath="ServerManage/src/main/java/com/sporger/server/manage/controller/BulletinController.java" kind="unknown">/Code/TYServerV2/trunk/ServerManage/src/main/java/com/sporger/server/manage/controller/BulletinController.java</path></paths><msg>BulletinController中内容提交</msg></logentry><logentry revision="6646"><author>jiangdingfu</author><date>2018-02-24T03:29:15.692985Z</date><paths><path action="M" localPath="ServerGame/src/main/java/com/sporger/server/game/service/handler/ChatHandler.java" kind="unknown">/Code/TYServerV2/trunk/ServerGame/src/main/java/com/sporger/server/game/service/handler/ChatHandler.java</path><path action="M" localPath="ModuleProto/src/main/java/com/sporger/server/proto/model/ProtoSquare.java" kind="unknown">/Code/TYServerV2/trunk/ModuleProto/src/main/java/com/sporger/server/proto/model/ProtoSquare.java</path><path action="M" localPath="pom.xml" kind="unknown">/Code/TYServerV2/trunk/pom.xml</path><path action="M" localPath="ModuleProto/src/main/java/com/sporger/server/proto/model/ProtoCommon.java" kind="unknown">/Code/TYServerV2/trunk/ModuleProto/src/main/java/com/sporger/server/proto/model/ProtoCommon.java</path><path action="M" localPath="ServerDB/src/main/java/com/sporger/server/db/conf/DataSourceConfig.java" kind="unknown">/Code/TYServerV2/trunk/ServerDB/src/main/java/com/sporger/server/db/conf/DataSourceConfig.java</path><path action="M" localPath="ModuleCommon/src/main/java/com/sporger/server/common/util/ObjectUtil.java" kind="unknown">/Code/TYServerV2/trunk/ModuleCommon/src/main/java/com/sporger/server/common/util/ObjectUtil.java</path><path action="M" localPath="ServerGame/src/main/java/com/sporger/server/game/netty/NettyServer.java" kind="unknown">/Code/TYServerV2/trunk/ServerGame/src/main/java/com/sporger/server/game/netty/NettyServer.java</path><path action="M" localPath="ModuleRedis/src/main/java/com/sporger/server/redis/service/RedisChatRoomService.java" kind="unknown">/Code/TYServerV2/trunk/ModuleRedis/src/main/java/com/sporger/server/redis/service/RedisChatRoomService.java</path><path action="M" localPath="ModuleThrift/tools/thrift/GameService.thrift" kind="unknown">/Code/TYServerV2/trunk/ModuleThrift/tools/thrift/GameService.thrift</path></paths><msg>聊天逻辑修改</msg></logentry><logentry revision="6648"><author>jiangdingfu</author><date>2018-02-24T05:41:59.978689Z</date><paths><path action="M" localPath="ServerGame/src/main/java/com/sporger/server/game/service/handler/MissionHandler.java" kind="unknown">/Code/TYServerV2/trunk/ServerGame/src/main/java/com/sporger/server/game/service/handler/MissionHandler.java</path></paths><msg>任务奖励逻辑修改</msg></logentry><logentry revision="6649"><author>jiangdingfu</author><date>2018-02-24T06:20:47.821103Z</date><paths><path action="M" localPath="ServerManage/src/main/java/com/sporger/server/manage/controller/BulletinController.java" kind="unknown">/Code/TYServerV2/trunk/ServerManage/src/main/java/com/sporger/server/manage/controller/BulletinController.java</path></paths><msg>公告逻辑修改</msg></logentry></log>