<?xml version="1.0" encoding="UTF-8"?><log><logentry revision="298"><author>jiangdingfu</author><date>2017-11-27T11:52:58.569054Z</date><paths><path action="M" localPath="manage/server_tp/action.js" kind="unknown">/Sporger/Code/TYFrontend/manage/server_tp/action.js</path><path action="M" localPath="main/user_home/form.js" kind="unknown">/Sporger/Code/TYFrontend/main/user_home/form.js</path><path action="M" localPath="main/movement_collect/action.js" kind="unknown">/Sporger/Code/TYFrontend/main/movement_collect/action.js</path><path action="M" localPath="main/ul_home/action.js" kind="unknown">/Sporger/Code/TYFrontend/main/ul_home/action.js</path><path action="M" localPath="main/ul_all/ShowItem/index.js" kind="unknown">/Sporger/Code/TYFrontend/main/ul_all/ShowItem/index.js</path><path action="M" localPath="manage/thread_admin/form.js" kind="unknown">/Sporger/Code/TYFrontend/manage/thread_admin/form.js</path><path action="M" localPath="main/movement_create/action.js" kind="unknown">/Sporger/Code/TYFrontend/main/movement_create/action.js</path><path action="M" localPath="main/circle_home/CircleEntry/index.js" kind="unknown">/Sporger/Code/TYFrontend/main/circle_home/CircleEntry/index.js</path><path action="M" localPath="main/user_setlogin/form.js" kind="unknown">/Sporger/Code/TYFrontend/main/user_setlogin/form.js</path><path action="M" localPath="manage/user_admin/form.js" kind="unknown">/Sporger/Code/TYFrontend/manage/user_admin/form.js</path><path action="M" localPath="main/user_home/CountModule/index.js" kind="unknown">/Sporger/Code/TYFrontend/main/user_home/CountModule/index.js</path><path action="M" localPath="manage/log_admin/form.js" kind="unknown">/Sporger/Code/TYFrontend/manage/log_admin/form.js</path><path action="M" localPath="main/movement_collect/form.js" kind="unknown">/Sporger/Code/TYFrontend/main/movement_collect/form.js</path><path action="M" localPath="manage/user_admin/action.js" kind="unknown">/Sporger/Code/TYFrontend/manage/user_admin/action.js</path><path action="M" localPath="main/index/index.js" kind="unknown">/Sporger/Code/TYFrontend/main/index/index.js</path><path action="M" localPath="main/service_weather/form.js" kind="unknown">/Sporger/Code/TYFrontend/main/service_weather/form.js</path><path action="M" localPath="main/movement_create/form.js" kind="unknown">/Sporger/Code/TYFrontend/main/movement_create/form.js</path><path action="M" localPath="main/user_setparam/action.js" kind="unknown">/Sporger/Code/TYFrontend/main/user_setparam/action.js</path><path action="M" localPath="manage/log_admin/action.js" kind="unknown">/Sporger/Code/TYFrontend/manage/log_admin/action.js</path><path action="M" localPath="main/circle_home/form.js" kind="unknown">/Sporger/Code/TYFrontend/main/circle_home/form.js</path><path action="M" localPath="main/service_tool/form.js" kind="unknown">/Sporger/Code/TYFrontend/main/service_tool/form.js</path></paths><msg>运动圈合入</msg></logentry></log>