<?xml version="1.0" encoding="UTF-8"?><log><logentry revision="6474"><author>zhangruijie</author><date>2018-02-09T04:38:49.413227Z</date><paths><path action="M" localPath="ServerManage/src/main/java/com/sporger/server/manage/mq/MqRoomHandler.java" kind="unknown">/Code/TYServerV2/trunk/ServerManage/src/main/java/com/sporger/server/manage/mq/MqRoomHandler.java</path></paths><msg>MqRoomHandler中内容提交</msg></logentry><logentry revision="6489"><author>jiangdingfu</author><date>2018-02-09T08:54:23.101745Z</date><paths><path action="M" localPath="ModuleThrift/pom.xml" kind="unknown">/Code/TYServerV2/trunk/ModuleThrift/pom.xml</path><path action="M" localPath="ServerGame/src/main/java/com/sporger/server/game/service/FreeService.java" kind="unknown">/Code/TYServerV2/trunk/ServerGame/src/main/java/com/sporger/server/game/service/FreeService.java</path></paths><msg>自由跑奖励修改</msg></logentry><logentry revision="6490"><author>jiangdingfu</author><date>2018-02-09T08:54:55.560429Z</date><paths><path action="M" localPath="ServerGame/src/main/java/com/sporger/server/game/service/FreeService.java" kind="unknown">/Code/TYServerV2/trunk/ServerGame/src/main/java/com/sporger/server/game/service/FreeService.java</path></paths><msg>自由跑奖励修改</msg></logentry><logentry revision="6514"><author>jiangdingfu</author><date>2018-02-09T12:42:10.445909Z</date><paths><path action="M" localPath="ServerDB/src/main/java/com/sporger/server/db/service/UserDBThriftService.java" kind="unknown">/Code/TYServerV2/trunk/ServerDB/src/main/java/com/sporger/server/db/service/UserDBThriftService.java</path><path action="M" localPath="ServerDB/src/main/java/com/sporger/server/db/service/UserPropDBThriftService.java" kind="unknown">/Code/TYServerV2/trunk/ServerDB/src/main/java/com/sporger/server/db/service/UserPropDBThriftService.java</path><path action="M" localPath="ServerDB/src/main/java/com/sporger/server/db/service/UserLogDBThriftService.java" kind="unknown">/Code/TYServerV2/trunk/ServerDB/src/main/java/com/sporger/server/db/service/UserLogDBThriftService.java</path><path action="M" localPath="ModuleThrift/src/main/java/com/sporger/server/thrift/conf/BaseThrift.java" kind="unknown">/Code/TYServerV2/trunk/ModuleThrift/src/main/java/com/sporger/server/thrift/conf/BaseThrift.java</path><path action="M" localPath="ServerCenter/src/main/java/com/sporger/server/center/conf/ThriftConfig.java" kind="unknown">/Code/TYServerV2/trunk/ServerCenter/src/main/java/com/sporger/server/center/conf/ThriftConfig.java</path><path action="M" localPath="ModuleThrift/tools/thrift/DBModel.thrift" kind="unknown">/Code/TYServerV2/trunk/ModuleThrift/tools/thrift/DBModel.thrift</path><path action="A" localPath="ServerDB/src/main/java/com/sporger/server/db/service/ChatRoomDBThriftService.java" copyfrom-path="/Code/TYServerV2/trunk/ServerDB/src/main/java/com/sporger/server/db/service/MissionDBThriftService.java" copyfrom-rev="6459" kind="unknown">/Code/TYServerV2/trunk/ServerDB/src/main/java/com/sporger/server/db/service/ChatRoomDBThriftService.java</path><path action="M" localPath="ModuleRedis/src/main/java/com/sporger/server/redis/model/RedisChatRoom.java" kind="unknown">/Code/TYServerV2/trunk/ModuleRedis/src/main/java/com/sporger/server/redis/model/RedisChatRoom.java</path><path action="A" localPath="ModuleThrift/src/main/java/com/sporger/server/thrift/bean/PageChatRoomTB.java" kind="unknown">/Code/TYServerV2/trunk/ModuleThrift/src/main/java/com/sporger/server/thrift/bean/PageChatRoomTB.java</path><path action="M" localPath="ModuleRedis/src/main/java/com/sporger/server/redis/dao/RedisChatRoomDao.java" kind="unknown">/Code/TYServerV2/trunk/ModuleRedis/src/main/java/com/sporger/server/redis/dao/RedisChatRoomDao.java</path><path action="M" localPath="ServerGame/src/main/java/com/sporger/server/game/conf/ThriftConfig.java" kind="unknown">/Code/TYServerV2/trunk/ServerGame/src/main/java/com/sporger/server/game/conf/ThriftConfig.java</path><path action="A" localPath="ServerDB/src/main/java/com/sporger/server/db/dao/main/ChatRoomMapper.java" copyfrom-path="/Code/TYServerV2/trunk/ServerDB/src/main/java/com/sporger/server/db/dao/main/MissionMapper.java" copyfrom-rev="6459" kind="unknown">/Code/TYServerV2/trunk/ServerDB/src/main/java/com/sporger/server/db/dao/main/ChatRoomMapper.java</path><path action="M" localPath="ServerDB/src/main/java/com/sporger/server/db/service/CircleEntryDBThriftService.java" kind="unknown">/Code/TYServerV2/trunk/ServerDB/src/main/java/com/sporger/server/db/service/CircleEntryDBThriftService.java</path><path action="M" localPath="ServerDB/src/main/java/com/sporger/server/db/service/LogDBThriftService.java" kind="unknown">/Code/TYServerV2/trunk/ServerDB/src/main/java/com/sporger/server/db/service/LogDBThriftService.java</path><path action="M" localPath="ServerDB/src/main/java/com/sporger/server/db/service/RoomDBThriftService.java" kind="unknown">/Code/TYServerV2/trunk/ServerDB/src/main/java/com/sporger/server/db/service/RoomDBThriftService.java</path><path action="M" localPath="ModuleThrift/src/main/java/com/sporger/server/thrift/model/ChatRoomTM.java" kind="unknown">/Code/TYServerV2/trunk/ModuleThrift/src/main/java/com/sporger/server/thrift/model/ChatRoomTM.java</path><path action="M" localPath="ModuleThrift/src/main/java/com/sporger/server/thrift/conf/BaseZooKeeper.java" kind="unknown">/Code/TYServerV2/trunk/ModuleThrift/src/main/java/com/sporger/server/thrift/conf/BaseZooKeeper.java</path><path action="M" localPath="ServerDB/src/main/java/com/sporger/server/db/conf/ThriftConfig.java" kind="unknown">/Code/TYServerV2/trunk/ServerDB/src/main/java/com/sporger/server/db/conf/ThriftConfig.java</path><path action="M" localPath="ServerDB/src/main/java/com/sporger/server/db/dao/main/LogMapper.java" kind="unknown">/Code/TYServerV2/trunk/ServerDB/src/main/java/com/sporger/server/db/dao/main/LogMapper.java</path><path action="M" localPath="ServerDB/src/main/java/com/sporger/server/db/service/MissionDBThriftService.java" kind="unknown">/Code/TYServerV2/trunk/ServerDB/src/main/java/com/sporger/server/db/service/MissionDBThriftService.java</path><path action="M" localPath="ServerDB/src/main/resources/mapper/main/movement.xml" kind="unknown">/Code/TYServerV2/trunk/ServerDB/src/main/resources/mapper/main/movement.xml</path><path action="M" localPath="ServerDB/src/main/resources/mapper/gate/org.xml" kind="unknown">/Code/TYServerV2/trunk/ServerDB/src/main/resources/mapper/gate/org.xml</path><path action="M" localPath="ServerDB/src/main/java/com/sporger/server/db/service/InvitationCodeDBThriftService.java" kind="unknown">/Code/TYServerV2/trunk/ServerDB/src/main/java/com/sporger/server/db/service/InvitationCodeDBThriftService.java</path><path action="M" localPath="ServerGame/src/main/java/com/sporger/server/game/service/handler/ChatHandler.java" kind="unknown">/Code/TYServerV2/trunk/ServerGame/src/main/java/com/sporger/server/game/service/handler/ChatHandler.java</path><path action="M" localPath="ServerDB/src/main/java/com/sporger/server/db/service/UserWXDBThriftService.java" kind="unknown">/Code/TYServerV2/trunk/ServerDB/src/main/java/com/sporger/server/db/service/UserWXDBThriftService.java</path><path action="A" localPath="ModuleThrift/src/main/java/com/sporger/server/thrift/client/ChatRoomDBThriftClient.java" copyfrom-path="/Code/TYServerV2/trunk/ModuleThrift/src/main/java/com/sporger/server/thrift/client/MissionDBThriftClient.java" copyfrom-rev="6459" kind="unknown">/Code/TYServerV2/trunk/ModuleThrift/src/main/java/com/sporger/server/thrift/client/ChatRoomDBThriftClient.java</path><path action="A" localPath="ModuleThrift/src/main/java/com/sporger/server/thrift/interfaces/IChatRoomDBThriftService.java" kind="unknown">/Code/TYServerV2/trunk/ModuleThrift/src/main/java/com/sporger/server/thrift/interfaces/IChatRoomDBThriftService.java</path><path action="M" localPath="ServerDB/src/main/java/com/sporger/server/db/service/MovementDBThriftService.java" kind="unknown">/Code/TYServerV2/trunk/ServerDB/src/main/java/com/sporger/server/db/service/MovementDBThriftService.java</path><path action="M" localPath="ServerDB/src/main/resources/mapper/main/circleEntry.xml" kind="unknown">/Code/TYServerV2/trunk/ServerDB/src/main/resources/mapper/main/circleEntry.xml</path><path action="M" localPath="ServerDB/src/main/java/com/sporger/server/db/service/CommentDBThriftService.java" kind="unknown">/Code/TYServerV2/trunk/ServerDB/src/main/java/com/sporger/server/db/service/CommentDBThriftService.java</path><path action="M" localPath="ModuleRedis/src/main/java/com/sporger/server/redis/service/RedisChatRoomService.java" kind="unknown">/Code/TYServerV2/trunk/ModuleRedis/src/main/java/com/sporger/server/redis/service/RedisChatRoomService.java</path><path action="M" localPath="ModuleThrift/tools/thrift/DBBean.thrift" kind="unknown">/Code/TYServerV2/trunk/ModuleThrift/tools/thrift/DBBean.thrift</path><path action="M" localPath="ModuleThrift/src/main/resources/thrift/thrift.properties" kind="unknown">/Code/TYServerV2/trunk/ModuleThrift/src/main/resources/thrift/thrift.properties</path><path action="M" localPath="ServerDB/src/main/java/com/sporger/server/db/service/OrgDBThriftService.java" kind="unknown">/Code/TYServerV2/trunk/ServerDB/src/main/java/com/sporger/server/db/service/OrgDBThriftService.java</path><path action="M" localPath="ServerDB/src/main/java/com/sporger/server/db/service/SindexDBThriftService.java" kind="unknown">/Code/TYServerV2/trunk/ServerDB/src/main/java/com/sporger/server/db/service/SindexDBThriftService.java</path><path action="M" localPath="ModuleCommon/src/main/java/com/sporger/server/common/bean/ChatRoomMsg.java" kind="unknown">/Code/TYServerV2/trunk/ModuleCommon/src/main/java/com/sporger/server/common/bean/ChatRoomMsg.java</path><path action="M" localPath="ModuleThrift/tools/thrift/DBService.thrift" kind="unknown">/Code/TYServerV2/trunk/ModuleThrift/tools/thrift/DBService.thrift</path><path action="M" localPath="ModuleClient/src/main/java/com/sporger/server/client/MovementHandler.java" kind="unknown">/Code/TYServerV2/trunk/ModuleClient/src/main/java/com/sporger/server/client/MovementHandler.java</path><path action="A" localPath="ServerDB/src/main/resources/mapper/main/chatRoom.xml" copyfrom-path="/Code/TYServerV2/trunk/ServerDB/src/main/resources/mapper/main/mission.xml" copyfrom-rev="6459" kind="unknown">/Code/TYServerV2/trunk/ServerDB/src/main/resources/mapper/main/chatRoom.xml</path></paths><msg>增加聊天逻辑</msg></logentry></log>