<?xml version="1.0" encoding="UTF-8"?><log><logentry revision="8205"><author>jiangdingfu</author><date>2018-04-11T08:17:00.282531Z</date><paths><path action="M" localPath="ModuleCommon/src/main/java/com/sporger/server/common/util/IpUtil.java" kind="unknown">/Code/TYServerV2/trunk/ModuleCommon/src/main/java/com/sporger/server/common/util/IpUtil.java</path><path action="M" localPath="ModuleThrift/src/main/java/com/sporger/server/thrift/conf/BaseZooKeeper.java" kind="unknown">/Code/TYServerV2/trunk/ModuleThrift/src/main/java/com/sporger/server/thrift/conf/BaseZooKeeper.java</path><path action="M" localPath="ServerGame/src/main/java/com/sporger/server/game/netty/NettyServer.java" kind="unknown">/Code/TYServerV2/trunk/ServerGame/src/main/java/com/sporger/server/game/netty/NettyServer.java</path></paths><msg>配置加载逻辑修改</msg></logentry><logentry revision="8214"><author>jiangdingfu</author><date>2018-04-11T09:06:35.284076Z</date><paths><path action="M" localPath="ServerGame/src/main/java/com/sporger/server/game/service/handler/MapHandler.java" kind="unknown">/Code/TYServerV2/trunk/ServerGame/src/main/java/com/sporger/server/game/service/handler/MapHandler.java</path><path action="M" localPath="ModuleConfig/src/main/java/com/sporger/server/config/model/ActivityConfig.java" kind="unknown">/Code/TYServerV2/trunk/ModuleConfig/src/main/java/com/sporger/server/config/model/ActivityConfig.java</path></paths><msg>配置加载逻辑修改</msg></logentry></log>