<?xml version="1.0" encoding="UTF-8"?><log><logentry revision="6404"><author>jiangdingfu</author><date>2018-02-07T12:30:05.469288Z</date><paths><path action="A" localPath="Package/zkui" kind="unknown">/Code/TYServerV2/trunk/Package/zkui</path><path action="M" localPath="ServerGame/src/main/java/com/sporger/server/game/service/FreeService.java" kind="unknown">/Code/TYServerV2/trunk/ServerGame/src/main/java/com/sporger/server/game/service/FreeService.java</path><path action="M" localPath="ServerGame/src/main/java/com/sporger/server/game/service/CompeteService.java" kind="unknown">/Code/TYServerV2/trunk/ServerGame/src/main/java/com/sporger/server/game/service/CompeteService.java</path><path action="M" localPath="ServerDB/src/main/java/com/sporger/server/db/mq/MqLogHandler.java" kind="unknown">/Code/TYServerV2/trunk/ServerDB/src/main/java/com/sporger/server/db/mq/MqLogHandler.java</path><path action="A" localPath="Package/zkui/config.cfg" kind="unknown">/Code/TYServerV2/trunk/Package/zkui/config.cfg</path><path action="M" localPath="ModuleThrift/tools/thrift/DBModel.thrift" kind="unknown">/Code/TYServerV2/trunk/ModuleThrift/tools/thrift/DBModel.thrift</path><path action="A" localPath="ServerGate/src/main/resources/config/test/config.properties" kind="unknown">/Code/TYServerV2/trunk/ServerGate/src/main/resources/config/test/config.properties</path><path action="A" localPath="ServerGate/src/main/resources/config" kind="unknown">/Code/TYServerV2/trunk/ServerGate/src/main/resources/config</path><path action="M" localPath="ServerGate/pom.xml" kind="unknown">/Code/TYServerV2/trunk/ServerGate/pom.xml</path><path action="A" localPath="ServerGate/src/main/resources/config/prd/config.properties" kind="unknown">/Code/TYServerV2/trunk/ServerGate/src/main/resources/config/prd/config.properties</path><path action="A" localPath="ModuleRedis/src/main/java/com/sporger/server/redis/dao/RedisChatRoomDAO.java" copyfrom-path="/Code/TYServerV2/trunk/ModuleRedis/src/main/java/com/sporger/server/redis/dao/RedisMissionDAO.java" copyfrom-rev="6350" kind="unknown">/Code/TYServerV2/trunk/ModuleRedis/src/main/java/com/sporger/server/redis/dao/RedisChatRoomDAO.java</path><path action="A" localPath="ModuleThrift/src/main/java/com/sporger/server/thrift/model/ChatRoomTM.java" kind="unknown">/Code/TYServerV2/trunk/ModuleThrift/src/main/java/com/sporger/server/thrift/model/ChatRoomTM.java</path><path action="M" localPath="Package/shell/system/rc.local" kind="unknown">/Code/TYServerV2/trunk/Package/shell/system/rc.local</path><path action="A" localPath="Package/zkui/startup.sh" kind="unknown">/Code/TYServerV2/trunk/Package/zkui/startup.sh</path><path action="A" localPath="Package/zkui/zkui-2.0-SNAPSHOT-jar-with-dependencies.jar" kind="unknown">/Code/TYServerV2/trunk/Package/zkui/zkui-2.0-SNAPSHOT-jar-with-dependencies.jar</path><path action="M" localPath="ServerGame/src/main/java/com/sporger/server/game/service/CareerService.java" kind="unknown">/Code/TYServerV2/trunk/ServerGame/src/main/java/com/sporger/server/game/service/CareerService.java</path><path action="M" localPath="ServerGame/src/main/java/com/sporger/server/game/service/RoomSportService.java" kind="unknown">/Code/TYServerV2/trunk/ServerGame/src/main/java/com/sporger/server/game/service/RoomSportService.java</path><path action="A" localPath="ServerGate/src/main/resources/config/test" kind="unknown">/Code/TYServerV2/trunk/ServerGate/src/main/resources/config/test</path><path action="M" localPath="ServerGate/src/main/java/com/sporger/server/gate/conf/ZooKeeperConfig.java" kind="unknown">/Code/TYServerV2/trunk/ServerGate/src/main/java/com/sporger/server/gate/conf/ZooKeeperConfig.java</path><path action="A" localPath="ServerGate/src/main/resources/config/prd" kind="unknown">/Code/TYServerV2/trunk/ServerGate/src/main/resources/config/prd</path><path action="A" localPath="Package/zkui/shutdown.sh" kind="unknown">/Code/TYServerV2/trunk/Package/zkui/shutdown.sh</path></paths><msg>Bug修改</msg></logentry><logentry revision="6408"><author>zhangruijie</author><date>2018-02-07T12:55:27.428062Z</date><paths><path action="M" localPath="ServerManage/src/main/java/com/sporger/server/manage/service/MessageService.java" kind="unknown">/Code/TYServerV2/trunk/ServerManage/src/main/java/com/sporger/server/manage/service/MessageService.java</path></paths><msg>MessageService中新增获取消息分页列表的消息</msg></logentry><logentry revision="6409"><author>zhangruijie</author><date>2018-02-07T12:55:34.294161Z</date><paths><path action="M" localPath="ServerManage/src/main/java/com/sporger/server/manage/controller/MqController.java" kind="unknown">/Code/TYServerV2/trunk/ServerManage/src/main/java/com/sporger/server/manage/controller/MqController.java</path></paths><msg>MessageService中新增获取消息分页列表的消息</msg></logentry></log>