<?xml version="1.0" encoding="UTF-8"?><log><logentry revision="6374"><author>jiangdingfu</author><date>2018-02-06T11:43:51.448000Z</date><paths><path action="A" localPath="Package/shell/bin/refreshConfig_prd.sh" copyfrom-path="/Code/TYServerV2/trunk/Package/shell/bin/refreshConfig.sh" copyfrom-rev="6350" kind="unknown">/Code/TYServerV2/trunk/Package/shell/bin/refreshConfig_prd.sh</path><path action="M" localPath="ServerManage/src/main/java/com/sporger/server/manage/controller/GameConfigController.java" kind="unknown">/Code/TYServerV2/trunk/ServerManage/src/main/java/com/sporger/server/manage/controller/GameConfigController.java</path></paths><msg>正式环境Redis配置</msg></logentry></log>