<?xml version="1.0" encoding="UTF-8"?><log><logentry revision="5964"><author>jiangdingfu</author><date>2018-01-25T03:08:33.138208Z</date><paths><path action="M" localPath="ServerGame/src/main/java/com/sporger/server/game/model/RoomSportPlayer.java" kind="unknown">/Code/TYServerV2/trunk/ServerGame/src/main/java/com/sporger/server/game/model/RoomSportPlayer.java</path></paths><msg>Bug修改</msg></logentry><logentry revision="5984"><author>jiangdingfu</author><date>2018-01-25T08:50:08.502479Z</date><paths><path action="M" localPath="ModuleThrift/src/main/java/com/sporger/server/thrift/bean/UserTB.java" kind="unknown">/Code/TYServerV2/trunk/ModuleThrift/src/main/java/com/sporger/server/thrift/bean/UserTB.java</path><path action="M" localPath="ModuleProto/src/main/java/com/sporger/server/proto/model/ProtoCommon.java" kind="unknown">/Code/TYServerV2/trunk/ModuleProto/src/main/java/com/sporger/server/proto/model/ProtoCommon.java</path><path action="M" localPath="ServerGame/src/main/java/com/sporger/server/game/service/handler/FriendHandler.java" kind="unknown">/Code/TYServerV2/trunk/ServerGame/src/main/java/com/sporger/server/game/service/handler/FriendHandler.java</path><path action="M" localPath="ServerGame/src/main/java/com/sporger/server/game/service/handler/MazeHandler.java" kind="unknown">/Code/TYServerV2/trunk/ServerGame/src/main/java/com/sporger/server/game/service/handler/MazeHandler.java</path><path action="M" localPath="ModuleThrift/tools/thrift/DBModel.thrift" kind="unknown">/Code/TYServerV2/trunk/ModuleThrift/tools/thrift/DBModel.thrift</path><path action="M" localPath="ModuleThrift/src/main/java/com/sporger/server/thrift/client/UserPropDBThriftClient.java" kind="unknown">/Code/TYServerV2/trunk/ModuleThrift/src/main/java/com/sporger/server/thrift/client/UserPropDBThriftClient.java</path><path action="M" localPath="ServerGame/src/main/java/com/sporger/server/game/service/handler/CharacterHandler.java" kind="unknown">/Code/TYServerV2/trunk/ServerGame/src/main/java/com/sporger/server/game/service/handler/CharacterHandler.java</path><path action="M" localPath="ModuleThrift/tools/thrift/DBBean.thrift" kind="unknown">/Code/TYServerV2/trunk/ModuleThrift/tools/thrift/DBBean.thrift</path><path action="M" localPath="ServerDB/src/main/resources/mapper/master/userProp.xml" kind="unknown">/Code/TYServerV2/trunk/ServerDB/src/main/resources/mapper/master/userProp.xml</path><path action="M" localPath="ModuleProto/src/main/java/com/sporger/server/proto/util/ProtoUtil.java" kind="unknown">/Code/TYServerV2/trunk/ModuleProto/src/main/java/com/sporger/server/proto/util/ProtoUtil.java</path><path action="M" localPath="ModuleProto/src/main/java/com/sporger/server/proto/model/ProtoMaze.java" kind="unknown">/Code/TYServerV2/trunk/ModuleProto/src/main/java/com/sporger/server/proto/model/ProtoMaze.java</path><path action="M" localPath="ModuleCommon/src/main/java/com/sporger/server/common/util/GameUtil.java" kind="unknown">/Code/TYServerV2/trunk/ModuleCommon/src/main/java/com/sporger/server/common/util/GameUtil.java</path><path action="M" localPath="ModuleThrift/src/main/java/com/sporger/server/thrift/model/UserPropTM.java" kind="unknown">/Code/TYServerV2/trunk/ModuleThrift/src/main/java/com/sporger/server/thrift/model/UserPropTM.java</path><path action="M" localPath="ServerGame/src/main/java/com/sporger/server/game/service/MazeService.java" kind="unknown">/Code/TYServerV2/trunk/ServerGame/src/main/java/com/sporger/server/game/service/MazeService.java</path><path action="A" localPath="ModuleCommon/src/main/java/com/sporger/server/common/bean/Tutorial.java" copyfrom-path="/Code/TYServerV2/trunk/ModuleCommon/src/main/java/com/sporger/server/common/bean/CareerInfo.java" copyfrom-rev="5936" kind="unknown">/Code/TYServerV2/trunk/ModuleCommon/src/main/java/com/sporger/server/common/bean/Tutorial.java</path><path action="M" localPath="ServerGame/src/main/java/com/sporger/server/game/netty/NettyServer.java" kind="unknown">/Code/TYServerV2/trunk/ServerGame/src/main/java/com/sporger/server/game/netty/NettyServer.java</path></paths><msg>Bug修改</msg></logentry><logentry revision="5985"><author>jiangdingfu</author><date>2018-01-25T08:53:32.972638Z</date><paths><path action="A" localPath="ModuleProto/src/main/java/com/sporger/server/proto/model/ProtoTutorial.java" kind="unknown">/Code/TYServerV2/trunk/ModuleProto/src/main/java/com/sporger/server/proto/model/ProtoTutorial.java</path></paths><msg>Bug修改</msg></logentry><logentry revision="5986"><author>jiangdingfu</author><date>2018-01-25T08:58:22.019719Z</date><paths><path action="M" localPath="ModuleThrift/src/main/java/com/sporger/server/thrift/bean/UserInfoTB.java" kind="unknown">/Code/TYServerV2/trunk/ModuleThrift/src/main/java/com/sporger/server/thrift/bean/UserInfoTB.java</path><path action="M" localPath="ServerDB/src/main/resources/mapper/master/user.xml" kind="unknown">/Code/TYServerV2/trunk/ServerDB/src/main/resources/mapper/master/user.xml</path><path action="M" localPath="ModuleThrift/tools/thrift/DBBean.thrift" kind="unknown">/Code/TYServerV2/trunk/ModuleThrift/tools/thrift/DBBean.thrift</path></paths><msg>Bug修改</msg></logentry></log>