<?xml version="1.0" encoding="UTF-8"?><log><logentry revision="7810"><author>jiangdingfu</author><date>2018-03-30T06:13:17.441502Z</date><paths><path action="M" localPath="ModuleMQ/src/main/resources/properties/dev/mq.properties" kind="unknown">/Code/TYServerV2/trunk/ModuleMQ/src/main/resources/properties/dev/mq.properties</path><path action="M" localPath="ServerGame/src/main/java/com/sporger/server/game/mq/MqBulletScreenHandler.java" kind="unknown">/Code/TYServerV2/trunk/ServerGame/src/main/java/com/sporger/server/game/mq/MqBulletScreenHandler.java</path><path action="M" localPath="ModuleMQ/src/main/resources/properties/lan/mq.properties" kind="unknown">/Code/TYServerV2/trunk/ModuleMQ/src/main/resources/properties/lan/mq.properties</path><path action="M" localPath="ServerManage/src/main/java/com/sporger/server/manage/controller/GameConfigController.java" kind="unknown">/Code/TYServerV2/trunk/ServerManage/src/main/java/com/sporger/server/manage/controller/GameConfigController.java</path><path action="M" localPath="ModuleConfig/src/main/java/com/sporger/server/config/mq/MqConfigHandler.java" kind="unknown">/Code/TYServerV2/trunk/ModuleConfig/src/main/java/com/sporger/server/config/mq/MqConfigHandler.java</path><path action="M" localPath="ServerManage/src/main/java/com/sporger/server/manage/mq/MqProducerService.java" kind="unknown">/Code/TYServerV2/trunk/ServerManage/src/main/java/com/sporger/server/manage/mq/MqProducerService.java</path></paths><msg>配置更新逻辑修改</msg></logentry></log>