<?xml version="1.0" encoding="UTF-8"?><log><logentry revision="306"><author>jiangdingfu</author><date>2017-11-28T06:01:16.599411Z</date><paths><path action="M" localPath="manage/server_tp/action.js" kind="unknown">/Sporger/Code/TYFrontend/manage/server_tp/action.js</path><path action="M" localPath="server.js" kind="unknown">/Sporger/Code/TYFrontend/server.js</path><path action="M" localPath="gulpfile.js" kind="unknown">/Sporger/Code/TYFrontend/gulpfile.js</path></paths><msg>运动圈合入</msg></logentry></log>