<?xml version="1.0" encoding="UTF-8"?><log><logentry revision="7793"><author>jiangdingfu</author><date>2018-03-30T02:25:55.080455Z</date><paths><path action="M" localPath="ModuleConfig/src/main/java/com/sporger/server/config/service/GameConfigService.java" kind="unknown">/Code/TYServerV2/trunk/ModuleConfig/src/main/java/com/sporger/server/config/service/GameConfigService.java</path><path action="M" localPath="ModuleProto/src/main/java/com/sporger/server/proto/model/ProtoCommon.java" kind="unknown">/Code/TYServerV2/trunk/ModuleProto/src/main/java/com/sporger/server/proto/model/ProtoCommon.java</path><path action="M" localPath="ModuleConfig/src/main/java/com/sporger/server/config/service/NpcConfigService.java" kind="unknown">/Code/TYServerV2/trunk/ModuleConfig/src/main/java/com/sporger/server/config/service/NpcConfigService.java</path><path action="M" localPath="ServerManage/src/main/java/com/sporger/server/manage/controller/GameConfigController.java" kind="unknown">/Code/TYServerV2/trunk/ServerManage/src/main/java/com/sporger/server/manage/controller/GameConfigController.java</path><path action="M" localPath="ModuleConfig/src/main/java/com/sporger/server/config/service/CareerConfigService.java" kind="unknown">/Code/TYServerV2/trunk/ModuleConfig/src/main/java/com/sporger/server/config/service/CareerConfigService.java</path><path action="M" localPath="ModuleConfig/src/main/java/com/sporger/server/config/service/SindexConfigService.java" kind="unknown">/Code/TYServerV2/trunk/ModuleConfig/src/main/java/com/sporger/server/config/service/SindexConfigService.java</path><path action="M" localPath="ModuleConfig/src/main/java/com/sporger/server/config/service/CompeteConfigService.java" kind="unknown">/Code/TYServerV2/trunk/ModuleConfig/src/main/java/com/sporger/server/config/service/CompeteConfigService.java</path><path action="M" localPath="ModuleConfig/src/main/java/com/sporger/server/config/service/MazeConfigService.java" kind="unknown">/Code/TYServerV2/trunk/ModuleConfig/src/main/java/com/sporger/server/config/service/MazeConfigService.java</path><path action="M" localPath="ServerGame/src/main/java/com/sporger/server/game/model/RoomMarathonPlayer.java" kind="unknown">/Code/TYServerV2/trunk/ServerGame/src/main/java/com/sporger/server/game/model/RoomMarathonPlayer.java</path><path action="M" localPath="ModuleConfig/src/main/java/com/sporger/server/config/service/EquipConfigService.java" kind="unknown">/Code/TYServerV2/trunk/ModuleConfig/src/main/java/com/sporger/server/config/service/EquipConfigService.java</path><path action="M" localPath="ServerGame/src/main/java/com/sporger/server/game/netty/NettyServer.java" kind="unknown">/Code/TYServerV2/trunk/ServerGame/src/main/java/com/sporger/server/game/netty/NettyServer.java</path><path action="M" localPath="ServerGame/src/main/java/com/sporger/server/game/mq/MqConsumerService.java" kind="unknown">/Code/TYServerV2/trunk/ServerGame/src/main/java/com/sporger/server/game/mq/MqConsumerService.java</path><path action="M" localPath="ServerGame/src/main/java/com/sporger/server/game/service/handler/MarathonHandler.java" kind="unknown">/Code/TYServerV2/trunk/ServerGame/src/main/java/com/sporger/server/game/service/handler/MarathonHandler.java</path><path action="A" localPath="ServerManage/src/main/java/com/sporger/server/manage/mq/MqProducerService.java" copyfrom-path="/Code/TYServerV2/trunk/ServerDB/src/main/java/com/sporger/server/db/mq/MqProducerService.java" copyfrom-rev="7674" kind="unknown">/Code/TYServerV2/trunk/ServerManage/src/main/java/com/sporger/server/manage/mq/MqProducerService.java</path><path action="M" localPath="ModuleConfig/src/main/java/com/sporger/server/config/service/RainbowConfigService.java" kind="unknown">/Code/TYServerV2/trunk/ModuleConfig/src/main/java/com/sporger/server/config/service/RainbowConfigService.java</path><path action="M" localPath="ModuleConfig/src/main/java/com/sporger/server/config/service/BaseConfigService.java" kind="unknown">/Code/TYServerV2/trunk/ModuleConfig/src/main/java/com/sporger/server/config/service/BaseConfigService.java</path><path action="A" localPath="ServerCenter/src/main/java/com/sporger/server/center/mq/MqConsumerService.java" copyfrom-path="/Code/TYServerV2/trunk/ServerGame/src/main/java/com/sporger/server/game/mq/MqConsumerService.java" copyfrom-rev="7674" kind="unknown">/Code/TYServerV2/trunk/ServerCenter/src/main/java/com/sporger/server/center/mq/MqConsumerService.java</path><path action="M" localPath="ModuleConfig/src/main/java/com/sporger/server/config/service/ItemConfigService.java" kind="unknown">/Code/TYServerV2/trunk/ModuleConfig/src/main/java/com/sporger/server/config/service/ItemConfigService.java</path><path action="M" localPath="ModuleConfig/src/main/java/com/sporger/server/config/service/MarathonConfigService.java" kind="unknown">/Code/TYServerV2/trunk/ModuleConfig/src/main/java/com/sporger/server/config/service/MarathonConfigService.java</path><path action="M" localPath="ModuleMQ/src/main/java/com/sporger/server/mq/model/MqMessage.java" kind="unknown">/Code/TYServerV2/trunk/ModuleMQ/src/main/java/com/sporger/server/mq/model/MqMessage.java</path><path action="M" localPath="ModuleConfig/pom.xml" kind="unknown">/Code/TYServerV2/trunk/ModuleConfig/pom.xml</path><path action="M" localPath="ModuleConfig/src/main/java/com/sporger/server/config/service/SquareConfigService.java" kind="unknown">/Code/TYServerV2/trunk/ModuleConfig/src/main/java/com/sporger/server/config/service/SquareConfigService.java</path><path action="M" localPath="ServerGame/src/main/java/com/sporger/server/game/service/MarathonService.java" kind="unknown">/Code/TYServerV2/trunk/ServerGame/src/main/java/com/sporger/server/game/service/MarathonService.java</path><path action="M" localPath="ModuleMQ/src/main/resources/properties/dev/mq.properties" kind="unknown">/Code/TYServerV2/trunk/ModuleMQ/src/main/resources/properties/dev/mq.properties</path><path action="M" localPath="ModuleMQ/src/main/resources/properties/test/mq.properties" kind="unknown">/Code/TYServerV2/trunk/ModuleMQ/src/main/resources/properties/test/mq.properties</path><path action="M" localPath="ModuleMQ/src/main/resources/properties/lan/mq.properties" kind="unknown">/Code/TYServerV2/trunk/ModuleMQ/src/main/resources/properties/lan/mq.properties</path><path action="M" localPath="ModuleConfig/src/main/java/com/sporger/server/config/service/MissionConfigService.java" kind="unknown">/Code/TYServerV2/trunk/ModuleConfig/src/main/java/com/sporger/server/config/service/MissionConfigService.java</path><path action="M" localPath="ModuleProto/src/main/java/com/sporger/server/proto/model/ProtoMarathon.java" kind="unknown">/Code/TYServerV2/trunk/ModuleProto/src/main/java/com/sporger/server/proto/model/ProtoMarathon.java</path><path action="M" localPath="ModuleConfig/src/main/java/com/sporger/server/config/service/FamConfigService.java" kind="unknown">/Code/TYServerV2/trunk/ModuleConfig/src/main/java/com/sporger/server/config/service/FamConfigService.java</path><path action="M" localPath="ModuleMQ/src/main/resources/properties/prd/mq.properties" kind="unknown">/Code/TYServerV2/trunk/ModuleMQ/src/main/resources/properties/prd/mq.properties</path><path action="A" localPath="ModuleConfig/src/main/java/com/sporger/server/config/mq/MqConfigHandler.java" copyfrom-path="/Code/TYServerV2/trunk/ServerGame/src/main/java/com/sporger/server/game/mq/MqBulletScreenHandler.java" copyfrom-rev="7674" kind="unknown">/Code/TYServerV2/trunk/ModuleConfig/src/main/java/com/sporger/server/config/mq/MqConfigHandler.java</path><path action="A" localPath="ModuleConfig/src/main/java/com/sporger/server/config/mq" kind="unknown">/Code/TYServerV2/trunk/ModuleConfig/src/main/java/com/sporger/server/config/mq</path></paths><msg>配置更新逻辑修改</msg></logentry><logentry revision="7806"><author>jiangdingfu</author><date>2018-03-30T05:49:02.245154Z</date><paths><path action="M" localPath="ModuleMQ/src/main/resources/properties/dev/mq.properties" kind="unknown">/Code/TYServerV2/trunk/ModuleMQ/src/main/resources/properties/dev/mq.properties</path><path action="M" localPath="ServerGame/src/main/java/com/sporger/server/game/mq/MqBulletScreenHandler.java" kind="unknown">/Code/TYServerV2/trunk/ServerGame/src/main/java/com/sporger/server/game/mq/MqBulletScreenHandler.java</path><path action="M" localPath="ServerGame/src/main/java/com/sporger/server/game/service/FamService.java" kind="unknown">/Code/TYServerV2/trunk/ServerGame/src/main/java/com/sporger/server/game/service/FamService.java</path><path action="M" localPath="ModuleConfig/src/main/java/com/sporger/server/config/service/GameConfigService.java" kind="unknown">/Code/TYServerV2/trunk/ModuleConfig/src/main/java/com/sporger/server/config/service/GameConfigService.java</path><path action="A" localPath="ModuleConfig/src/main/java/com/sporger/server/config/mq/MqConfigHandler.java" copyfrom-path="/Code/TYServerV2/trunk/ModuleConfig/src/main/java/com/sporger/server/config/mq/MqConfigHandler.java" copyfrom-rev="7805" kind="unknown">/Code/TYServerV2/trunk/ModuleConfig/src/main/java/com/sporger/server/config/mq/MqConfigHandler.java</path><path action="M" localPath="ServerGame/src/main/java/com/sporger/server/game/service/MarathonService.java" kind="unknown">/Code/TYServerV2/trunk/ServerGame/src/main/java/com/sporger/server/game/service/MarathonService.java</path><path action="R" localPath="ModuleConfig/src/main/java/com/sporger/server/config/mq" kind="unknown">/Code/TYServerV2/trunk/ModuleConfig/src/main/java/com/sporger/server/config/mq</path></paths><msg>配置更新逻辑修改</msg></logentry></log>