<?xml version="1.0" encoding="UTF-8"?><log><logentry revision="9427"><author>fanwentao</author><date>2018-05-14T08:28:47.516339Z</date><paths><path action="M" localPath="ServerManage/src/main/java/com/sporger/server/manage/interceptor/AuthorizationInterceptor.java" kind="unknown">/Code/TYServerV2/trunk/ServerManage/src/main/java/com/sporger/server/manage/interceptor/AuthorizationInterceptor.java</path></paths><msg>跨域</msg></logentry><logentry revision="9432"><author>jiangdingfu</author><date>2018-05-14T08:42:57.171132Z</date><paths><path action="M" localPath="ServerGame/src/main/java/com/sporger/server/game/service/handler/MapHandler.java" kind="unknown">/Code/TYServerV2/trunk/ServerGame/src/main/java/com/sporger/server/game/service/handler/MapHandler.java</path><path action="M" localPath="Package/shell/svn/uploadFtp.sh" kind="unknown">/Code/TYServerV2/trunk/Package/shell/svn/uploadFtp.sh</path><path action="M" localPath="ModuleDB/src/main/java/com/sporger/server/db/service/MovementDBService.java" kind="unknown">/Code/TYServerV2/trunk/ModuleDB/src/main/java/com/sporger/server/db/service/MovementDBService.java</path><path action="M" localPath="ModuleProto/src/main/java/com/sporger/server/proto/model/ProtoCommon.java" kind="unknown">/Code/TYServerV2/trunk/ModuleProto/src/main/java/com/sporger/server/proto/model/ProtoCommon.java</path><path action="M" localPath="ServerGame/src/main/java/com/sporger/server/game/service/RainbowMatchService.java" kind="unknown">/Code/TYServerV2/trunk/ServerGame/src/main/java/com/sporger/server/game/service/RainbowMatchService.java</path><path action="M" localPath="ServerGame/src/main/java/com/sporger/server/game/service/handler/RainbowHandler.java" kind="unknown">/Code/TYServerV2/trunk/ServerGame/src/main/java/com/sporger/server/game/service/handler/RainbowHandler.java</path><path action="M" localPath="ModuleProto/src/main/java/com/sporger/server/proto/model/ProtoRainbowRun.java" kind="unknown">/Code/TYServerV2/trunk/ModuleProto/src/main/java/com/sporger/server/proto/model/ProtoRainbowRun.java</path><path action="M" localPath="ServerGame/src/main/java/com/sporger/server/game/netty/NettyServer.java" kind="unknown">/Code/TYServerV2/trunk/ServerGame/src/main/java/com/sporger/server/game/netty/NettyServer.java</path><path action="M" localPath="ModuleProto/src/main/java/com/sporger/server/proto/model/ProtoCharacterAttribute.java" kind="unknown">/Code/TYServerV2/trunk/ModuleProto/src/main/java/com/sporger/server/proto/model/ProtoCharacterAttribute.java</path></paths><msg>Bug修改</msg></logentry><logentry revision="9433"><author>jiangdingfu</author><date>2018-05-14T09:01:05.976982Z</date><paths><path action="M" localPath="ServerGame/src/main/java/com/sporger/server/game/service/handler/CharacterHandler.java" kind="unknown">/Code/TYServerV2/trunk/ServerGame/src/main/java/com/sporger/server/game/service/handler/CharacterHandler.java</path></paths><msg>Bug修改</msg></logentry><logentry revision="9434"><author>jiangdingfu</author><date>2018-05-14T09:01:26.384439Z</date><paths><path action="M" localPath="ServerGame/src/main/java/com/sporger/server/game/service/handler/CharacterHandler.java" kind="unknown">/Code/TYServerV2/trunk/ServerGame/src/main/java/com/sporger/server/game/service/handler/CharacterHandler.java</path></paths><msg>Bug修改</msg></logentry><logentry revision="9436"><author>jiangdingfu</author><date>2018-05-14T11:01:45.015159Z</date><paths><path action="M" localPath="ModuleCommon/src/main/java/com/sporger/server/common/model/Movement.java" kind="unknown">/Code/TYServerV2/trunk/ModuleCommon/src/main/java/com/sporger/server/common/model/Movement.java</path></paths><msg>Bug修改</msg></logentry><logentry revision="9443"><author>fanwentao</author><date>2018-05-14T11:48:12.299520Z</date><paths><path action="M" localPath="ServerManage/src/main/java/com/sporger/server/manage/interceptor/AuthorizationInterceptor.java" kind="unknown">/Code/TYServerV2/trunk/ServerManage/src/main/java/com/sporger/server/manage/interceptor/AuthorizationInterceptor.java</path></paths><msg>跨域</msg></logentry><logentry revision="9447"><author>fanwentao</author><date>2018-05-14T12:49:01.336209Z</date><paths><path action="M" localPath="TYOperation/index.html" kind="unknown">/Code/TYOperation/trunk/index.html</path></paths><msg>统计在线人数

</msg></logentry></log>