<?xml version="1.0" encoding="UTF-8"?><log><logentry revision="8267"><author>jiangdingfu</author><date>2018-04-12T09:26:30.033109Z</date><paths><path action="M" localPath="ModuleConfig/src/main/java/com/sporger/server/config/service/GameConfigService.java" kind="unknown">/Code/TYServerV2/trunk/ModuleConfig/src/main/java/com/sporger/server/config/service/GameConfigService.java</path><path action="M" localPath="ServerCenter/src/main/java/com/sporger/server/center/service/MarathonTraceService.java" kind="unknown">/Code/TYServerV2/trunk/ServerCenter/src/main/java/com/sporger/server/center/service/MarathonTraceService.java</path><path action="A" localPath="ModuleCommon/src/main/java/com/sporger/server/common/bean/BulletinTrigger.java" kind="unknown">/Code/TYServerV2/trunk/ModuleCommon/src/main/java/com/sporger/server/common/bean/BulletinTrigger.java</path><path action="M" localPath="ServerCenter/src/main/java/com/sporger/server/center/util/FormatUtil.java" kind="unknown">/Code/TYServerV2/trunk/ServerCenter/src/main/java/com/sporger/server/center/util/FormatUtil.java</path><path action="M" localPath="ServerGame/src/main/java/com/sporger/server/game/service/handler/ActivityHandler.java" kind="unknown">/Code/TYServerV2/trunk/ServerGame/src/main/java/com/sporger/server/game/service/handler/ActivityHandler.java</path><path action="M" localPath="ModuleProto/src/main/java/com/sporger/server/proto/model/ProtoSearchTreasure.java" kind="unknown">/Code/TYServerV2/trunk/ModuleProto/src/main/java/com/sporger/server/proto/model/ProtoSearchTreasure.java</path></paths><msg>活动增加周判断逻辑</msg></logentry></log>