<?xml version="1.0" encoding="UTF-8"?><log><logentry revision="304"><author>jiangdingfu</author><date>2017-11-28T03:19:07.133432Z</date><paths><path action="M" localPath="main/service_weather/index.js" kind="unknown">/Sporger/Code/TYFrontend/main/service_weather/index.js</path><path action="M" localPath="manage/thread_admin/index.js" kind="unknown">/Sporger/Code/TYFrontend/manage/thread_admin/index.js</path><path action="M" localPath="main/version/index.js" kind="unknown">/Sporger/Code/TYFrontend/main/version/index.js</path><path action="M" localPath="main/ul_home/index.js" kind="unknown">/Sporger/Code/TYFrontend/main/ul_home/index.js</path><path action="M" localPath="main/movement_collect/index.js" kind="unknown">/Sporger/Code/TYFrontend/main/movement_collect/index.js</path><path action="M" localPath="main/ul_all/index.js" kind="unknown">/Sporger/Code/TYFrontend/main/ul_all/index.js</path><path action="M" localPath="main/user_hi/index.js" kind="unknown">/Sporger/Code/TYFrontend/main/user_hi/index.js</path><path action="M" localPath="manage/server_tp/index.js" kind="unknown">/Sporger/Code/TYFrontend/manage/server_tp/index.js</path><path action="M" localPath="main/user_home/index.js" kind="unknown">/Sporger/Code/TYFrontend/main/user_home/index.js</path><path action="M" localPath="manage/log_admin/index.js" kind="unknown">/Sporger/Code/TYFrontend/manage/log_admin/index.js</path><path action="M" localPath="main/user_setparam/index.js" kind="unknown">/Sporger/Code/TYFrontend/main/user_setparam/index.js</path><path action="M" localPath="main/movement_create/index.js" kind="unknown">/Sporger/Code/TYFrontend/main/movement_create/index.js</path><path action="M" localPath="manage/user_admin/index.js" kind="unknown">/Sporger/Code/TYFrontend/manage/user_admin/index.js</path><path action="M" localPath="main/user_setlogin/index.js" kind="unknown">/Sporger/Code/TYFrontend/main/user_setlogin/index.js</path></paths><msg>运动圈合入</msg></logentry></log>