<?xml version="1.0" encoding="UTF-8"?><log><logentry revision="7813"><author>jiangdingfu</author><date>2018-03-30T06:31:35.067214Z</date><paths><path action="M" localPath="ModuleMQ/src/main/resources/properties/dev/mq.properties" kind="unknown">/Code/TYServerV2/trunk/ModuleMQ/src/main/resources/properties/dev/mq.properties</path><path action="A" localPath="ModuleMQ/src/main/java/com/sporger/server/mq/service/MqTopicHandler.java" copyfrom-path="/Code/TYServerV2/trunk/ModuleMQ/src/main/java/com/sporger/server/mq/service/MqProducerHandler.java" copyfrom-rev="7558" kind="unknown">/Code/TYServerV2/trunk/ModuleMQ/src/main/java/com/sporger/server/mq/service/MqTopicHandler.java</path><path action="M" localPath="ModuleMQ/src/main/resources/properties/test/mq.properties" kind="unknown">/Code/TYServerV2/trunk/ModuleMQ/src/main/resources/properties/test/mq.properties</path><path action="M" localPath="ServerCenter/src/main/java/com/sporger/server/center/mq/MqConsumerService.java" kind="unknown">/Code/TYServerV2/trunk/ServerCenter/src/main/java/com/sporger/server/center/mq/MqConsumerService.java</path><path action="M" localPath="ModuleMQ/src/main/resources/properties/lan/mq.properties" kind="unknown">/Code/TYServerV2/trunk/ModuleMQ/src/main/resources/properties/lan/mq.properties</path><path action="A" localPath="ModuleMQ/src/main/java/com/sporger/server/mq/service/MqTopicThread.java" copyfrom-path="/Code/TYServerV2/trunk/ModuleMQ/src/main/java/com/sporger/server/mq/service/MqConsumerThread.java" copyfrom-rev="7558" kind="unknown">/Code/TYServerV2/trunk/ModuleMQ/src/main/java/com/sporger/server/mq/service/MqTopicThread.java</path><path action="M" localPath="ModuleConfig/src/main/java/com/sporger/server/config/mq/MqConfigHandler.java" kind="unknown">/Code/TYServerV2/trunk/ModuleConfig/src/main/java/com/sporger/server/config/mq/MqConfigHandler.java</path><path action="M" localPath="ModuleMQ/src/main/resources/properties/prd/mq.properties" kind="unknown">/Code/TYServerV2/trunk/ModuleMQ/src/main/resources/properties/prd/mq.properties</path><path action="M" localPath="ServerGame/src/main/java/com/sporger/server/game/mq/MqConsumerService.java" kind="unknown">/Code/TYServerV2/trunk/ServerGame/src/main/java/com/sporger/server/game/mq/MqConsumerService.java</path><path action="M" localPath="ServerManage/src/main/java/com/sporger/server/manage/mq/MqProducerService.java" kind="unknown">/Code/TYServerV2/trunk/ServerManage/src/main/java/com/sporger/server/manage/mq/MqProducerService.java</path></paths><msg>配置更新逻辑修改</msg></logentry></log>