<?xml version="1.0" encoding="UTF-8"?><log><logentry revision="9949"><author>jiangdingfu</author><date>2018-05-31T02:35:35.193465Z</date><paths><path action="M" localPath="ModuleDB/src/main/resources/mapper/main/circleEntry.xml" kind="unknown">/Code/TYServerV2/trunk/ModuleDB/src/main/resources/mapper/main/circleEntry.xml</path><path action="M" localPath="ModuleRedis/src/main/resources/properties/dev/gate.properties" kind="unknown">/Code/TYServerV2/trunk/ModuleRedis/src/main/resources/properties/dev/gate.properties</path><path action="M" localPath="ModuleDB/src/main/resources/mapper/main/movement.xml" kind="unknown">/Code/TYServerV2/trunk/ModuleDB/src/main/resources/mapper/main/movement.xml</path><path action="M" localPath="ModuleConfig/src/main/java/com/sporger/server/config/service/load/RainbowConfigLoadService.java" kind="unknown">/Code/TYServerV2/trunk/ModuleConfig/src/main/java/com/sporger/server/config/service/load/RainbowConfigLoadService.java</path><path action="M" localPath="ModuleConfig/src/main/java/com/sporger/server/config/service/ItemConfigService.java" kind="unknown">/Code/TYServerV2/trunk/ModuleConfig/src/main/java/com/sporger/server/config/service/ItemConfigService.java</path><path action="M" localPath="ModuleRedis/src/main/resources/properties/lan/gate.properties" kind="unknown">/Code/TYServerV2/trunk/ModuleRedis/src/main/resources/properties/lan/gate.properties</path><path action="M" localPath="ModuleRedis/src/main/resources/properties/prd/gate.properties" kind="unknown">/Code/TYServerV2/trunk/ModuleRedis/src/main/resources/properties/prd/gate.properties</path><path action="M" localPath="ModuleRedis/src/main/resources/properties/pre/gate.properties" kind="unknown">/Code/TYServerV2/trunk/ModuleRedis/src/main/resources/properties/pre/gate.properties</path><path action="M" localPath="ServerCenter/src/main/java/com/sporger/server/center/service/SindexService.java" kind="unknown">/Code/TYServerV2/trunk/ServerCenter/src/main/java/com/sporger/server/center/service/SindexService.java</path><path action="M" localPath="ModuleRedis/src/main/resources/properties/test/gate.properties" kind="unknown">/Code/TYServerV2/trunk/ModuleRedis/src/main/resources/properties/test/gate.properties</path><path action="M" localPath="ServerGame/src/main/java/com/sporger/server/game/service/RainbowService.java" kind="unknown">/Code/TYServerV2/trunk/ServerGame/src/main/java/com/sporger/server/game/service/RainbowService.java</path><path action="M" localPath="ModuleDB/src/main/resources/mapper/gate/org.xml" kind="unknown">/Code/TYServerV2/trunk/ModuleDB/src/main/resources/mapper/gate/org.xml</path><path action="M" localPath="ModuleConfig/src/main/java/com/sporger/server/config/model/RainbowConfig.java" kind="unknown">/Code/TYServerV2/trunk/ModuleConfig/src/main/java/com/sporger/server/config/model/RainbowConfig.java</path><path action="M" localPath="ModuleDB/src/main/resources/mapper/main/championship.xml" kind="unknown">/Code/TYServerV2/trunk/ModuleDB/src/main/resources/mapper/main/championship.xml</path><path action="M" localPath="ModuleCommon/src/main/java/com/sporger/server/common/model/Championship.java" kind="unknown">/Code/TYServerV2/trunk/ModuleCommon/src/main/java/com/sporger/server/common/model/Championship.java</path><path action="M" localPath="ModuleConfig/src/main/java/com/sporger/server/config/service/load/ChampionshipConfigLoadService.java" kind="unknown">/Code/TYServerV2/trunk/ModuleConfig/src/main/java/com/sporger/server/config/service/load/ChampionshipConfigLoadService.java</path></paths><msg>排名奖励逻辑修改</msg></logentry></log>